doc_id,date,title,chars,named_case,doctrine,role
S_1962_2_769_812_EN,1962-01-20,Kedar Nath Singh v. State of Bihar,84666,Kedar Nath Singh v. State of Bihar,sedition,related
S_1976_1_172_477_EN,1976-04-28,"Additional District Magistrate, Jabalpur v. S. S. Shukla etc. etc.",1012156,ADM Jabalpur v. Shivkant Shukla,privacy,overruled
S_1985_1_741_749_EN,1985-05-27,Smt. Sowmithri Vishnu v. Union of India & Anr.,22219,Sowmithri Vishnu v. Union of India,adultery,overruled
1988_3_73_78_EN,1988-02-25,V Revathi v. Union of India & Ors.,13866,V. Revathi v. Union of India,adultery,overruled
1990_2_63_83_EN,1990-03-21,Raj Kumar Karwal v. Union of India and Ors.,53534,Raj Kumar Karwal v. Union of India,NDPS section 67,overruled
1994_3_673_716_EN,1994-04-26,P. Rathinam/Nabhusan Patnaik v. Union of India and Anr.,103024,P. Rathinam v. Union of India,attempt to commit suicide,overruled
S_1995_6_556_558_EN,1995-12-11,Salauddin Abdulsamad Shaikh v. The State of Maharashtra,6873,Salauddin Abdulsamad Shaikh v. State of Maharashtra,anticipatory bail,overruled
1996_3_697_720_EN,1996-03-21,Smt. Gian Kaur etc. etc. v. The State of Punjab etc. etc.,54881,Gian Kaur v. State of Punjab,attempt to commit suicide,overruling
2005_1_1019_1064_EN,2005-02-02,Pratap Singh v. State of Jharkhand and Anr.,109333,,,
2005_1_1112_1117_EN,2005-02-07,State of Haryana v. Ram Pal and Ors.,13138,,,
2005_1_1132_1146_EN,2005-02-08,State of U.P. v. Satish,34897,,,
2005_1_160_172_EN,2005-01-10,Jayendra Saraswathi Swamigal v. State of Tamil Nadu,31647,,,
2005_1_223_278_EN,2005-01-11,Jamshed N. Guzdar v. State of Maharashtra and Ors.,140907,,,
2005_1_334_359_EN,2005-01-11,State of Bihar and Ors. v. Shree Baidyanath Ayurved Bhawan (P) Ltd. and Ors.,71313,,,
2005_1_408_436_EN,2005-01-12,Prakash Kumar @ Prakash Bhutto v. State of Gujarat,66350,,,
2005_1_450_455_EN,2005-01-12,Mathai v. State of Kerala,12979,,,
2005_1_474_483_EN,2005-01-13,Umesh Kamat v. State of Bihar,26313,,,
2005_1_527_532_EN,2005-01-18,Kailash Verma v. Punjab State Civil Supplies Corporation and Anr.,12841,,,
2005_1_559_576_EN,2005-01-18,Jagjit Singh @ Jagga v. State of Punjab,46313,,,
2005_1_612_623_EN,2005-01-19,Sunil Kumar and Anr. v. State of Rajasthan,30730,,,
2005_1_710_731_EN,2005-01-20,State of M.P. through C.B.I. etc. v. Paltan Mallah and Ors. etc.,57953,,,
2005_1_732_780_EN,2005-01-20,Godfrey Phillips India Ltd. and Anr. v. State of U.P. and Ors.,123315,,,
2005_1_781_789_EN,2005-01-24,State of Madhya Pradesh v. Munna Choubey and Anr.,21088,,,
2005_1_885_894_EN,2005-01-31,Idrish Bhai Daudbhai v. State of Gujarat,22836,,,
2005_1_903_912_EN,2005-02-01,Kamesh Panjiyar @ Kamlesh Panjiyar v. State of Bihar,22808,,,
2005_2_1131_1137_EN,2005-03-28,Bijender Singh v. State of Haryana and Anr.,15471,,,
2005_2_1152_1162_EN,2005-03-29,Hem Raj and Ors. v. State of Haryana,27316,,,
2005_2_1163_1172_EN,2005-03-29,C.S. Krishnamurthy v. State of Karnataka,23348,,,
2005_2_188_199_EN,2005-02-21,Adri Dharan Das v. State of West Bengal,29705,,,
2005_2_368_379_EN,2005-02-24,Mangu Khan and Ors. v. State of Rajasthan,28201,,,
2005_2_408_413_EN,2005-02-24,State of Punjab v. Balwant Rai,14790,,,
2005_2_450_456_EN,2005-03-01,Harbans Kaur and Anr. v. State of Haryana,16035,,,
2005_2_493_501_EN,2005-03-03,Ramesh and Ors. v. State of Tamil Nadu,21555,,,
2005_2_536_547_EN,2005-03-03,V. Subramani and Anr. v. State of Tamil Nadu,29038,,,
2005_2_548_558_EN,2005-03-04,Ravi Kumar v. State of Punjab,25244,,,
2005_2_628_637_EN,2005-03-10,Sheikh Meheboob @ Hetak and Ors. v. State of Maharashtra,24870,,,
2005_2_638_648_EN,2005-03-10,Savitaben Somabhai Bhatiya v. State of Gujarat and Ors.,25559,,,
2005_2_879_887_EN,2005-03-16,Ahmed Noormohmed Bhatti v. State of Gujarat and Ors.,20505,,,
2005_3_1020_1028_EN,2005-05-02,"In Re: Enforcement and Implementation of Dowry Prohibition Act, 1961 v. -",22785,,,
2005_3_108_117_EN,2005-04-01,State of Nagaland v. Lipok Ao and Ors.,25181,,,
2005_3_1200_1203_EN,2005-05-04,Vasanthi v. State of A.P.,9017,,,
2005_3_151_165_EN,2005-04-04,State of N.C.T. of Delhi and Anr. v. Sanjeev @ Bittoo,35433,,,
2005_3_182_231_EN,2005-04-05,Kamalanantha and Ors. v. State of Tamil Nadu,103518,,,
2005_3_1_11_EN,2005-03-30,K. Kalimuthu v. State by D.S.P.,26385,,,
2005_3_345_386_EN,2005-04-07,Ranjitsing Brahmajeetsing Sharma v. State of Maharashtra and Anr.,98781,,,
2005_3_406_416_EN,2005-04-08,Holiram Bordoloi v. State of Assam,24824,,,
2005_3_417_438_EN,2005-04-08,State of Himachal Pradesh v. Pawan Kumar,52936,,,
2005_3_496_508_EN,2005-04-12,State of Rajasthan v. Ram Chandra,32062,,,
2005_3_580_587_EN,2005-04-13,State of Rajasthan v. Biram Lal,19820,,,
2005_3_630_634_EN,2005-04-15,Vasant Tukaram Pawar v. State of Maharashtra,9821,,,
2005_3_635_648_EN,2005-04-15,Dattu Shamrao Valke and Anr. v. State of Maharashtra,36250,,,
2005_3_760_769_EN,2005-04-21,Saibanna v. State of Karnataka,22115,,,
2005_3_797_815_EN,2005-04-21,Mukhtiar Ahmed Ansari v. State (N.C.T. of Delhi),46000,,,
2005_3_857_863_EN,2005-04-25,S.V. Muzumdar and Ors. v. Gujarat State Fertilizer Co. Ltd. and Anr.,15286,,,
2005_3_917_922_EN,2005-04-26,Anwarul Haq v. The State of Uttar Pradesh,11771,,,
S_2005_1_175_185_EN,2005-05-09,Murlidhar and Ors. v. State of Rajasthan,25621,,,
S_2005_1_259_263_EN,2005-05-11,Mishrilal and Ors. v. State of M.P. and Ors.,11341,,,
S_2005_1_381_391_EN,2005-05-13,State of Madhya Pradesh v. Babbu Barkare @ Dalap Singh,25244,,,
S_2005_1_398_410_EN,2005-05-13,"Sree Vijayakumar and Anr. , v. State, by Inspector of Police, Kanyakumari",33454,,,
S_2005_1_49_90_EN,2005-05-05,Standard Chartered Bank and Ors. etc. v. Directorate of Enforcement and Ors. etc.,103338,,,
S_2005_1_562_568_EN,2005-07-13,State of Madhya Pradesh v. Saleem@ Chamaru and Anr.,17155,,,
S_2005_1_759_764_EN,2005-07-21,Suresh Chandra v. State of Uttar Pradesh,14186,,,
S_2005_1_786_793_EN,2005-07-25,State of Punjab v. Sawaran Singh,18665,,,
S_2005_1_834_840_EN,2005-07-27,"Kanwar Pal Singh Gill v. State (Admn., U.T. Chandigarh) Thro Secretary and Anr.",17296,,,
S_2005_2_1095_1099_EN,2005-09-01,V.D. Chaudhary v. State of U.P. and Anr.,10257,,,
S_2005_2_1172_1178_EN,2005-09-06,Surinder Singh @ Shingara Singh v. State of Punjab,15741,,,
S_2005_2_307_341_EN,2005-08-05,Jacob Mathew v. State of Punjab and Anr.,86055,,,
S_2005_2_79_306_EN,2005-08-04,State (N.C.T. of Delhi) v. Navjot Sandhu@Afsan Guru,583528,Navjot Sandhu (Parliament attack case),electronic evidence,overruled
S_2005_2_880_885_EN,2005-08-23,State of Rajasthan v. Daulat Ram,13283,,,
S_2005_2_919_929_EN,2005-08-24,Ateef Nasir Mulla v. State of Maharashtra,25714,,,
S_2005_2_991_1015_EN,2005-08-25,State of Punjab v. Shiv Ram and Ors.,57493,,,
S_2005_3_113_116_EN,2005-09-07,Anantlal Ghosh v. State of West Bengal,6223,,,
S_2005_3_133_136_EN,2005-09-08,Reddy Sampath Kumar v. State of Andhra Pradesh,8371,,,
S_2005_3_182_189_EN,2005-09-14,Satbir Singh and Ors. v. State of Haryana,19457,,,
S_2005_3_272_280_EN,2005-09-19,Amar Singh Ramjibhai Barot v. State of Gujarat,20424,,,
S_2005_3_454_474_EN,2005-09-26,State through C.B.I. v. Amarmani Tripthi,52710,,,
S_2005_3_643_650_EN,2005-09-27,State of Andhra Pradesh v. Kanda Gopaludu,19311,,,
S_2005_3_651_662_EN,2005-09-28,Gurmeet Singh v. State of U.P.,29257,,,
S_2005_3_703_711_EN,2005-09-29,State of M.P. v. Dayal Sahu,21769,,,
S_2005_3_712_718_EN,2005-09-29,State of Goa v. Babu Thomas,16104,,,
S_2005_3_800_819_EN,2005-09-30,Sidharth etc. etc. v. State of Bihar,53831,,,
S_2005_3_840_848_EN,2005-10-03,G. Srinivasgoud v. State of A.P.,22529,,,
S_2005_3_859_866_EN,2005-10-03,State of M.P. v. Bala @ Balaram,17673,,,
S_2005_3_952_964_EN,2005-10-04,Hafiz v. State of U.P.,29874,,,
S_2005_3_965_972_EN,2005-10-04,Sarup Singh v. State of Punjab,17799,,,
S_2005_4_169_180_EN,2005-10-07,State of Karnataka through CBI v. C. Nagarajaswamy,27980,,,
S_2005_4_181_196_EN,2005-10-07,"Union of India through Inspector, CBI v. Purnandu Biswas",37888,,,
S_2005_4_197_206_EN,2005-10-07,"State through Inspector of Police, A.P. v. K. Narasimhachary",24780,,,
S_2005_4_486_497_EN,2005-10-24,ST. Theresa'S Tender Loving Care Home and Ors. v. State of A.P.,29799,,,
S_2005_4_498_510_EN,2005-10-25,K.R. Purushothaman v. State of Kerala,32580,,,
S_2005_4_524_534_EN,2005-10-25,State of U.P. v. Ganga Ram and Ors.,23903,,,
S_2005_4_556_581_EN,2005-10-26,"Jayendra Saraswathy Swamigal, Tamil Nadu v. State of Tamil Nadu and Ors.",68428,,,
S_2005_4_840_843_EN,2005-10-27,P.K. Shaji @ Thammanam Shaji v. State of Kerala,8611,,,
S_2005_4_844_850_EN,2005-10-27,"Babubhai Odhavji Patel, etc. etc. v. State of Gujarat",14945,,,
S_2005_4_892_930_EN,2005-10-28,Bishna@ Bhiswadeb Mahato and Ors. v. State of West Bengal,94988,,,
S_2005_4_931_960_EN,2005-10-28,Triloki Nath and Ors. v. State of U.P.,67214,,,
S_2005_5_128_140_EN,2005-11-10,Rajan Rai v. State of Bihar,32252,,,
S_2005_5_172_201_EN,2005-11-10,S.K. Shukla and Ors. v. State of U.P. and Ors.,71752,,,
S_2005_5_280_292_EN,2005-11-17,State of Himachal Pradesh v. Asha Ram,31719,,,
S_2005_5_439_448_EN,2005-11-23,Pratap Singh and Anr. v. State of Madhya Pradesh,24431,,,
S_2005_5_449_458_EN,2005-11-24,Jalaram v. State of Rajasthan,22438,,,
S_2005_5_474_487_EN,2005-11-24,Vishnu@ Undrya v. State of Maharashtra,34933,,,
S_2005_5_548_561_EN,2005-12-07,State of Orissa and Anr. v. Saroj Kumar Sahoo,34395,,,
S_2005_5_578_593_EN,2005-12-08,Sivakumar v. State by Inspector of Police,37066,,,
S_2005_5_594_608_EN,2005-12-08,Subhash Shamrao Pachunde v. State of Maharashtra,34645,,,
S_2005_5_629_641_EN,2005-12-08,Harjit Singh v. State of Punjab,29433,,,
S_2005_5_75_82_EN,2005-11-08,Ramashray Yaday and Ors. v. State of Bihar,19845,,,
S_2005_5_90_104_EN,2005-11-09,Gurpreet Singh v. State of Punjab,38625,,,
S_2005_5_937_949_EN,2005-12-16,Hombe Gowda Edn Trust and Anr. v. State of Karnataka and Ors.,29959,,,
2006_1_124_137_EN,2006-01-03,Rakesh Kumar Mishra v. The State of Bihar and Ors.,32357,,,
2006_1_180_188_EN,2006-01-04,T. Subramaniam v. The State of Tamil Nadu,21734,,,
2006_1_189_200_EN,2006-01-04,State of Maharashtra v. Rashid Babubhai Mulani,29733,,,
2006_1_201_211_EN,2006-01-04,Kallu @ Masih and Ors. v. State of Madhya Pradesh,26688,,,
2006_1_212_234_EN,2006-01-04,"R. Janakiraman v. State Represented by Inspector of Police, CBI, Spe, Madras",55466,,,
2006_1_248_260_EN,2006-01-06,Rabindra Mahto and Anr. v. State of Jharkhand,30917,,,
2006_1_423_430_EN,2006-01-17,Om Parkash v. State of Haryana,18720,,,
2006_1_431_438_EN,2006-01-17,Surender Singh v. State of Haryana,17475,,,
2006_1_439_446_EN,2006-01-17,State of Gujarat and Anr. v. Aksha Y Arutlal Thakkar,16493,,,
2006_1_477_485_EN,2006-01-19,Shailesh Jasvantbhai and Anr. v. State of Gujarat and Ors.,20882,,,
2006_1_519_539_EN,2006-01-20,Radha Mohan Singh @ Lal Saheb and Ors. v. State of U.P.,52098,,,
2006_2_1081_1109_EN,2006-03-08,Zahira Habibullah Sheikh and Anr. . v. State of Gujarat and Ors.,65853,,,
2006_2_1134_1141_EN,2006-03-08,Rajbir Singh v. State of U.P. and Anr.,17726,,,
2006_2_200_208_EN,2006-02-14,State of A.P. v. S. Rayappa and Ors.,20396,,,
2006_2_30_46_EN,2006-02-03,South Bengal State Transport Corpn. v. Swapan Kumar Mitra and Ors.,43205,,,
2006_2_403_408_EN,2006-02-21,Ramesh Kumari v. State (N.C.T. of Delhi) and Ors.,13736,,,
2006_2_467_474_EN,2006-02-24,Munna Chanda v. State of Assam,17216,,,
2006_2_486_493_EN,2006-02-24,P. Mani v. State of Tamil Nadu,20100,,,
2006_2_557_565_EN,2006-02-24,Himmat Singh v. State of Haryana and Ors.,20009,,,
2006_2_67_97_EN,2006-02-03,Sube Singh v. State of Haryana and Ors.,72776,,,
2006_2_709_739_EN,2006-02-24,Standard Chartered Bank and Ors. v. Directorate of Enforcement and Ors.,84739,,,
2006_2_793_802_EN,2006-02-28,Dinesh @ Buddha v. State of Rajasthan,24752,,,
2006_2_873_876_EN,2006-03-02,State of Karnataka v. Paramjit Singh and Ors.,9154,,,
2006_2_98_119_EN,2006-02-03,Shiva Nath Prasad v. State of West Bengal and Ors.,63537,,,
2006_3_1086_1094_EN,2006-04-12,Minu Kumari and Anr. v. State of Bihar and Ors.,22029,,,
2006_3_1128_1131_EN,2006-04-13,State of Maharashtra and Anr. v. Suresh Pandurang Darvakar,8784,,,
2006_3_348_360_EN,2006-03-24,Ramreddy Rajeshkhanna Reddy and Anr. v. State of Andhra Pradesh,29641,,,
2006_3_543_602_EN,2006-03-29,Akhil Sharat Gosewa Sangh v. State of A.P. and Ors.,151374,,,
2006_3_623_631_EN,2006-03-31,State of M.P. v. Badri Y Adav and Anr.,21951,,,
2006_3_632_637_EN,2006-03-31,Smt. Sandhya Jadhav v. State of Maharashtra,13357,,,
2006_3_799_812_EN,2006-04-05,"T. Aruntperunjothi v. State through S.H.O., Pondicherry",32745,,,
2006_3_813_825_EN,2006-04-05,Munivel v. State of Tamil Nadu,29381,,,
2006_3_833_848_EN,2006-04-05,Nagarathinam and Ors. v. State Rep. by Inspector of Police,39789,,,
2006_3_849_863_EN,2006-04-05,Dhaneshwar Mahakud and Ors. v. State of Orissa,34247,,,
2006_3_864_871_EN,2006-04-05,State of Haryana v. Ranbir @ Rana,16576,,,
2006_3_872_884_EN,2006-04-05,"Commissioner of Police, New Delhi v. Narender Singh",27582,,,
S_2006_10_1101_1128_EN,2006-12-15,Acharaparambath Pradeepan and Anr. v. State of Kerala,68566,,,
S_2006_10_1142_1146_EN,2006-12-15,M.R.Kudva v. State of Andhra Pradesh,11134,,,
S_2006_10_15_19_EN,2006-12-04,Mustafikhan v. State of Maharashtra,11793,,,
S_2006_10_197_250_EN,2006-12-06,Parkash Singh Badal and Anr. v. State of Punjab and Ors.,132214,,,
S_2006_10_251_263_EN,2006-12-06,Lalu Prasad@ Lalu Prasad Yadav v. State of Bihar through CBI (Ahd) Patna,31097,,,
S_2006_10_264_276_EN,2006-12-06,Rotash v. State of Rajasthan,31232,,,
S_2006_10_283_286_EN,2006-12-06,K.Karunakaran v. State of Kerala,7720,,,
S_2006_10_343_353_EN,2006-12-07,Vadla Chandraiah v. State of A.P,24008,,,
S_2006_10_374_380_EN,2006-12-08,Gokul Bhagaji Patil v. State of Maharashtra and Anr.,16455,,,
S_2006_10_381_390_EN,2006-12-08,Chenna Boyanna Krishna Yadav v. State of Maharashtra and Anr.,22518,,,
S_2006_10_391_401_EN,2006-12-08,Dharam and Ors. v. State of Haryana,26047,,,
S_2006_10_40_50_EN,2006-12-05,Subhash Harnarayanji Laddha v. State of Maharashtra,27663,,,
S_2006_10_51_59_EN,2006-12-05,Salim Sahab v. State of Madhya Pradesh,19158,,,
S_2006_10_60_72_EN,2006-12-05,Hori Lal and Anr. v. State of U.P,30503,,,
S_2006_10_662_728_EN,2006-12-12,Aloke Nath Dutta and Ors. v. State of West Bengal,157344,,,
S_2006_10_729_739_EN,2006-12-12,"V. Venkata Subbarao v. State Represented by Inspector of Police, A.P.",25589,,,
S_2006_10_73_84_EN,2006-12-05,Kulwinder Singh v. State of Punjab,28926,,,
S_2006_10_835_851_EN,2006-12-12,Bablu @ Mubarik Hussain v. State of Rajasthan,39887,,,
S_2006_10_977_982_EN,2006-12-14,"Francis Stanly@ Stalin v. Intelligence Officer, Narcotic Control Bureau, Thiruvananthapuram",13860,,,
S_2006_10_988_991_EN,2006-12-14,Murari Thakur and Anr. v. State of Bihar,9074,,,
S_2006_1_261_272_EN,2006-04-25,Budhan Singh and Ors. v. State of Bihar,25714,,,
S_2006_1_335_341_EN,2006-04-25,Bir Singh v. State of Himachal Pradesh,16248,,,
S_2006_1_414_420_EN,2006-04-27,Guddu @ Santosh v. State of Madhya Pradesh,15630,,,
S_2006_1_454_479_EN,2006-04-28,P.D. Agrawal v. State Bank of India and Ors.,60098,,,
S_2006_1_490_496_EN,2006-04-28,Surendra Singh@ Bittu v. State of Uttaranchal,15067,,,
S_2006_1_553_586_EN,2006-04-28,Anil Kumar Vitthal Shete and Ors. v. State of Maharashtra and Anr.,85073,,,
S_2006_1_737_749_EN,2006-05-03,Sahebrao and Anr. v. State of Maharashtra,29902,,,
S_2006_1_74_85_EN,2006-04-19,Raj Pal and Ors. v. The State of Haryana,29208,,,
S_2006_1_86_124_EN,2006-04-20,State of Karnataka and Anr. v. All India Manufacturers Organization and Ors.,96739,,,
S_2006_1_881_895_EN,2006-05-05,Sunny Kapoor v. State (UT of Chandigarh),37307,,,
S_2006_1_923_926_EN,2006-05-05,Anil Kumar Tulsiyani v. State of U.P. and Anr.,8479,,,
S_2006_1_927_941_EN,2006-05-05,"Lt. Governor, NCT and Ors. . v. Ved Prakash @ Vedu",32678,,,
S_2006_1_947_956_EN,2006-05-05,Ashok Kumar and Ors. v. State of Tamil Nadu,22683,,,
S_2006_2_253_274_EN,2006-05-10,G.M. Tank v. State of Gujarat and Anr.,50280,,,
S_2006_2_318_328_EN,2006-05-11,Om Prakash v. State of U.P.,24615,,,
S_2006_2_601_614_EN,2006-05-12,Umrao v. State of Haryana and Ors.,29917,,,
S_2006_2_615_630_EN,2006-05-12,Ravinder Singh Gorkhi v. State of U.P.,37183,,,
S_2006_2_631_635_EN,2006-05-12,Babanrao Tukaram Ranjane v. State of Maharashtra,11066,,,
S_2006_2_649_665_EN,2006-05-12,M.P. Gangadharan and Anr. v. State of Kerala and Ors.,39530,,,
S_2006_2_666_672_EN,2006-05-12,State of Himachal Pradesh v. Karanvir,16033,,,
S_2006_2_715_740_EN,2006-05-12,Budh Singh and Ors. v. State of U.P.,62381,,,
S_2006_2_765_771_EN,2006-05-18,Panakanti Sampath Rao v. State of A.P.,14711,,,
S_2006_3_100_123_EN,2006-07-04,Popular Muthiah v. State of Tamil Nadu,54214,,,
S_2006_3_124_146_EN,2006-07-04,M.S. Narayanan Menon @ Mani v. State of Kerala and Anr.,53859,,,
S_2006_3_147_155_EN,2006-07-04,Heeralal Yadav v. State of M.P. and Ors.,20649,,,
S_2006_3_156_164_EN,2006-07-04,State of Tamil Nadu v. Ravi @Nehru,21506,,,
S_2006_3_165_175_EN,2006-07-04,"A.N. Roy, Commissioner of Police and Anr. v. Suresh Sham Singh",25000,,,
S_2006_3_264_273_EN,2006-07-05,Bunnilal Chaudhary v. State of Bihar,23579,,,
S_2006_3_305_309_EN,2006-07-06,Chani v. The State of Uttar Pradesh,10022,,,
S_2006_3_314_319_EN,2006-07-06,V.K. Ratheesh v. State of Kerala,12439,,,
S_2006_3_350_356_EN,2006-07-07,Lata Singh v. State of U.P. and Anr.,17152,,,
S_2006_3_394_399_EN,2006-07-11,Pappu v. State of Madhya Pradesh,14572,,,
S_2006_3_40_42_EN,2006-06-15,Kalu Ram and Anr. v. State of Delhi,5625,,,
S_2006_3_456_461_EN,2006-07-12,Priya Patel v. State of M.P. and Anr.,11553,,,
S_2006_3_48_58_EN,2006-06-16,Mayuram Subramanian Srinivasan v. CBI,23251,,,
S_2006_3_490_497_EN,2006-07-12,Sabbi Mallesu and Ors. v. State of Andhra Pradesh,18474,,,
S_2006_3_501_505_EN,2006-07-13,State of Karnataka v. Annegowda,10771,,,
S_2006_3_526_532_EN,2006-07-13,State of Andhra Pradesh v. S. Narasimha Kumar and Ors.,15797,,,
S_2006_3_548_557_EN,2006-07-14,State of Madhya Pradesh v. Santosh Kumar,23593,,,
S_2006_3_59_62_EN,2006-06-16,Hari Singh v. The State of U.P.,8359,,,
S_2006_3_5_16_EN,2006-06-05,Rajinder v. State of Haryana,28169,,,
S_2006_3_743_753_EN,2006-07-20,S. Sudershan Reddy & Ors. v. State of Andhra Pradesh,25579,,,
S_2006_3_74_79_EN,2006-07-03,R. Kalavathi v. The State of Tamil Nadu and Ors.,12152,,,
S_2006_4_105_114_EN,2006-07-27,Syed Ibrahim v. State of Andhra Pradesh,23758,,,
S_2006_4_115_119_EN,2006-07-27,Daljit Singh and Ors. v. State of Punjab through Secretary Home Affairs,9867,,,
S_2006_4_157_167_EN,2006-07-28,Lachman Singh v. State of Haryana,26453,,,
S_2006_4_269_278_EN,2006-08-04,State of Karnataka and Anr. v. Pastor P. Raju,24251,,,
S_2006_4_301_318_EN,2006-08-08,Arun Nivalaji More v. State of Maharashtra,43848,,,
S_2006_4_353_360_EN,2006-08-08,State of Punjab and Ors. v. M/s. Amritsar Beverages Ltd. and Ors.,17209,,,
S_2006_4_450_461_EN,2006-08-10,"Central Bureau of Investigation v. Ravi Shankar Srivastava, IAS and Anr.",28184,,,
S_2006_4_536_549_EN,2006-08-14,Krishnan v. State of Tamil Nadu,36587,,,
S_2006_4_633_650_EN,2006-08-18,Pulicherla Nagaraju @Nagaraja Reddy v. State of Andhra Pradesh,46061,,,
S_2006_4_795_812_EN,2006-08-21,Ram Badan Sharma v. State of Bihar,44906,,,
S_2006_4_81_86_EN,2006-07-26,Vijay v. State of Maharashtra and Ors.,12812,,,
S_2006_5_185_195_EN,2006-08-22,Settu and Ors. v. State of Tamil Nadu,24872,,,
S_2006_5_219_228_EN,2006-08-24,Jagdish Murav v. State of U.P. and Ors.,24435,,,
S_2006_5_229_239_EN,2006-08-24,"State Inspector of Police, Visakhapatnam v. Surya Sankaram Karri",25006,,,
S_2006_5_291_304_EN,2006-08-24,Surendra and Anr. v. State of Maharashtra,30475,,,
S_2006_5_381_389_EN,2006-08-25,Santosh Kumar v. State of M.P.,19492,,,
S_2006_5_403_420_EN,2006-08-25,"Director General, Directorate General of Doordarshan and Ors. v. Anand Patwardhan",45293,,,
S_2006_5_643_656_EN,2006-08-31,Renuka Bai @ Rinku @ Ratan and Anr. v. State of Maharashtra,35842,,,
S_2006_5_671_677_EN,2006-08-31,Surinder Singh @Chhinda and Anr. v. State of Punjab,15221,,,
S_2006_5_709_719_EN,2006-09-01,Sham Shankar Kankaria v. State of Maharashtra,26843,,,
S_2006_5_720_723_EN,2006-09-04,Beena Philipose and Anr. v. State of Kerala,7631,,,
S_2006_5_724_729_EN,2006-09-04,A.Geetha v. State of Tamil Nadu and Anr.,13854,,,
S_2006_6_276_283_EN,2006-09-15,Siddarama and Ors. v. State of Karnataka,20035,,,
S_2006_6_329_337_EN,2006-09-18,Suga Ram @ Chhuga Ram v. State of Rajasthan and Ors.,22533,,,
S_2006_6_338_348_EN,2006-09-18,Laxman v. State of M.P.,24542,,,
S_2006_6_349_358_EN,2006-09-18,Gajanand Agarwal v. State of Orissa and Ors.,20882,,,
S_2006_6_393_403_EN,2006-09-20,Bhimappa Chandappa Hosamani and Ors. v. State of Karnataka,28656,,,
S_2006_6_412_416_EN,2006-09-20,Bipin Bihari v. State of M.P.,10626,,,
S_2006_6_556_560_EN,2006-09-22,Kishore Eknath Nikam v. State of Maharashtra,11750,,,
S_2006_6_636_649_EN,2006-09-26,Balbir Singh and Anr. v. State of Punjab,31493,,,
S_2006_6_760_771_EN,2006-09-29,Yedla Srinivasa Rao v. State of A.P.,30248,,,
S_2006_6_772_784_EN,2006-09-29,Ritesh Chakarvarti v. State of Madhya Pradesh,29705,,,
S_2006_6_785_792_EN,2006-09-29,Kuruppusamy and Anr. v. State of Tamil Nadu,19497,,,
S_2006_6_903_917_EN,2006-09-29,Moti Lal Saraf v. State of Jammu & Kasmir and Anr.,34610,,,
S_2006_7_10_34_EN,2006-09-29,Tarakeshwar Sahu v. State of Bihar (Now Jharkhand),55878,,,
S_2006_7_156_173_EN,2006-10-11,Trimukh Maroti Kirkan v. State of Maharashtra,44865,,,
S_2006_7_1_9_EN,2006-09-29,Ghanshyam v. State of M.P. and Ors.,21317,,,
S_2006_7_202_208_EN,2006-10-12,Lallan Chaudhary and Ors. v. State of Bihar and Anr.,14900,,,
S_2006_7_229_231_EN,2006-10-13,Ishwarchand Amichand Govadia and Ors. v. State of Maharashtra and Anr.,6588,,,
S_2006_7_232_234_EN,2006-10-13,"Ch. Ramoji Rao, Chairman Ramoji Group of Companies and Anr. v. State of Andhra Pradesh",5879,,,
S_2006_7_35_44_EN,2006-10-09,"The State Rep. by Inspector of Police, Pudukottai, Tamilnadu v. A. Parthiban",23889,,,
S_2006_7_415_421_EN,2006-10-19,Samghaji Hariba Patil v. State of Karnataka,17783,,,
S_2006_7_45_50_EN,2006-10-09,Kailash v. State of M.P.,13181,,,
S_2006_7_486_491_EN,2006-10-19,Major Singh and Anr. v. State of Punjab,14156,,,
S_2006_7_492_498_EN,2006-10-19,State of Madhya Pradesh v. Mukesh and Ors.,16179,,,
S_2006_7_499_503_EN,2006-10-19,"R. Sundararajan v. State by D.S.P., Spe, CBI, Chennai",11462,,,
S_2006_7_504_513_EN,2006-10-19,Anil Singh and Anr. v. State of Bihar and Ors.,21748,,,
S_2006_7_514_521_EN,2006-10-19,Subhash Maruti Avasare v. State of Maharashtra,18362,,,
S_2006_7_81_117_EN,2006-10-11,Epuru Sudhakar and Anr. v. Govt. of A.P. and Ors.,86628,,,
S_2006_7_822_848_EN,2006-10-30,State of A.P. v. Smt. Prameela Modi and Ors.,67080,,,
S_2006_7_908_913_EN,2006-10-31,Sukumarroy v. State of West Bengal,14247,,,
S_2006_7_914_931_EN,2006-10-31,State CBI v. Sashi Balasubramanian and Anr.,41920,,,
S_2006_8_1172_1174_EN,2006-11-15,Satin Chandra Pegu v. State of Assam,5671,,,
S_2006_8_226_233_EN,2006-11-01,Manish Ratan and Ors. v. State of M.P. and Ors.,17273,,,
S_2006_8_234_240_EN,2006-11-01,Vithal v. State of Maharashtra,16227,,,
S_2006_8_319_331_EN,2006-11-02,State of Madhya Pradesh v. Shambhu Dayal Nagar,31127,,,
S_2006_8_368_372_EN,2006-11-06,B. Noha v. State of Kerala and Anr.,11888,,,
S_2006_8_373_384_EN,2006-11-06,Venkategowda and Ors. v. State of Karnataka,30106,,,
S_2006_8_474_484_EN,2006-11-07,Shashikant v. Central Bureau of Investigation and Ors.,24746,,,
S_2006_8_501_517_EN,2006-11-07,State of Rajasthan v. Kashi Ram,44053,,,
S_2006_8_732_744_EN,2006-11-08,Shivanna and Ors. v. State of Karnataka,31724,,,
S_2006_8_770_772_EN,2006-11-09,Sohan Lal Juneja and Ors. v. State of Punjab,4988,,,
S_2006_8_773_777_EN,2006-11-09,State of Kerala v. Kurissum Moottil Antony,12185,,,
S_2006_8_78_84_EN,2006-10-31,Banshi Dhar v. State of Rajasthan and Anr.,16316,,,
S_2006_8_802_809_EN,2006-11-09,Ranjit Singh and Co. v. State of Punjab,17957,,,
S_2006_8_810_820_EN,2006-11-10,B.K. Channappa v. State of Karnataka,28515,,,
S_2006_8_843_858_EN,2006-11-10,State of Uttaranchal v. Rajesh Kumar Gupta,36062,,,
S_2006_8_859_872_EN,2006-11-10,State of A.P. v. V. Sarma Rao and Ors. etc. etc.,33372,,,
S_2006_8_889_899_EN,2006-11-10,Amrit Singh v. State of Punjab,24327,,,
S_2006_9_249_252_EN,2006-11-21,Kalyan Singh v. State of Madhya Pradesh,7947,,,
S_2006_9_253_256_EN,2006-11-22,Parme Hansda and Another v. State of Bihar(Now Jharkhand),7257,,,
S_2006_9_291_295_EN,2006-11-22,Gangaram Shantaram Salunkhe v. The State of Maharashtra,10567,,,
S_2006_9_296_302_EN,2006-11-22,Surender v. State of Haryana,15925,,,
S_2006_9_359_368_EN,2006-11-24,Mohammed Arshad v. State of Maharashtra and Ors.,23102,,,
S_2006_9_369_374_EN,2006-11-24,Chatar Singh v. State of M.P.,12425,,,
S_2006_9_375_389_EN,2006-11-24,Vikramjlt Singh@ Vicky v. State of Punjab,33695,,,
S_2006_9_390_400_EN,2006-11-24,Dilip and Anr. v. State of M.P.,24724,,,
S_2006_9_401_412_EN,2006-11-24,Babubhai Udesinh Parmar v. State of Gujarat,27775,,,
S_2006_9_40_51_EN,2006-11-16,Rajesh Ranjan Yadav @ Pappu Yadav v. CBI through Its Director,27042,,,
S_2006_9_413_430_EN,2006-11-24,Gagan Kanojia and Anr. v. State of Punjab,43567,,,
S_2006_9_431_449_EN,2006-11-24,Baso Prasad and Ors. v. State of Bihar,44318,,,
S_2006_9_450_465_EN,2006-11-24,Sasi Thomas v. State and Ors.,35987,,,
S_2006_9_52_59_EN,2006-11-16,Bapu v. State of Maharashtra,18982,,,
S_2006_9_554_573_EN,2006-11-24,West Bengal State Electricity Board v. Dilip Kumar Ray,46113,,,
S_2006_9_668_682_EN,2006-11-27,Naveen Chandra v. State of Uttranchal,37085,,,
S_2006_9_733_745_EN,2006-11-28,Sadashio Mundaji Bhalerao v. State of Maharashtra,35665,,,
S_2006_9_840_843_EN,2006-11-29,Devender Singh v. State of Haryana,6846,,,
S_2006_9_844_848_EN,2006-11-29,Prem Narain and Anr. v. The State of Madhya Pradesh,11581,,,
S_2006_9_852_859_EN,2006-11-30,State of Madhya Pradesh v. Kedar Yadav,18380,,,
S_2006_9_900_903_EN,2006-11-30,Antar Singh v. State of Madhya Pradesh,8016,,,
S_2006_9_907_918_EN,2006-12-01,Prakash v. State of Madhya Pradesh,26240,,,
S_2006_9_931_953_EN,2006-12-01,State of Kerala and Ors. v. Unni and Anr.,52091,,,
2007_10_1022_1040_EN,2007-10-10,Kishan Chand and Ors. v. State of U.P.,39363,,,
2007_10_123_125_EN,2007-09-19,Bibhishan v. State of Maharashtra,4596,,,
2007_10_153_171_EN,2007-09-21,Malleshappa v. State of Karnataka,43113,,,
2007_10_245_265_EN,2007-09-24,M/s. Dhampur Sugar Mills Ltd v. State of U.P. and Ors.,44870,,,
2007_10_380_384_EN,2007-09-28,"K.Radhai v. C.B.I., Cochin Unit",10257,,,
2007_10_385_396_EN,2007-09-28,Guriya@Tabassum Tauquir and Ors. v. State of Bihar and Anr.,25105,,,
2007_10_397_410_EN,2007-09-28,Bhagwan Bahadure v. State of Maharashtra,29369,,,
2007_10_411_418_EN,2007-09-28,State of Punjab v. Mohinder Singh and Ors.,17052,,,
2007_10_419_424_EN,2007-09-28,K. Subba Reddy v. State of Andhra Pradesh,11470,,,
2007_10_489_494_EN,2007-09-28,Khursheed and Anr. v. State of U.P. and Anr.,10903,,,
2007_10_495_505_EN,2007-10-01,Suresh Singh and Anr. v. State of Haryana,21731,,,
2007_10_727_751_EN,2007-10-08,Shanti Lal v. State of M.P.,53924,,,
2007_10_752_771_EN,2007-10-08,Mayakaur Baldevsingh Sardar and Anr. v. The State of Maharashtra,45726,,,
2007_10_798_803_EN,2007-10-09,Bishan Singh and Anr. v. Ti-Ie State,10749,,,
2007_10_817_826_EN,2007-10-09,Manilal Hiraman Chaudhari v. State of Maharashtra,18765,,,
2007_10_835_846_EN,2007-10-09,Gurdev Raj v. The State of Punjab,27057,,,
2007_10_847_871_EN,2007-10-09,Inder Mohan Goswami and Anr. v. State of Uttaranchal and Ors.,54853,,,
2007_10_90_98_EN,2007-09-18,State of Punjab v. Deepak Mattu,18234,,,
2007_10_995_1009_EN,2007-10-10,State of Maharashtra and Anr. v. Mohd. Sajid Husain Mohd. S. Husain etc.,31202,,,
2007_11_1018_1029_EN,2007-11-07,State of U.P. v. Atar Singh and Ors.,25602,,,
2007_11_1030_1037_EN,2007-11-12,Gali Venkataiah v. State of Andhra Pradesh,17040,,,
2007_11_1128_1134_EN,2007-11-13,Thankachan and Anr. v. State of Kerala,14166,,,
2007_11_1135_1140_EN,2007-11-13,Hasi Mohan Barman and Anr. v. State of Assam and Anr.,11437,,,
2007_11_133_139_EN,2007-10-12,State of Delhi v. Jitti,14876,,,
2007_11_155_172_EN,2007-10-12,Kishan Singh and Anr. v. State of Punjab,38822,,,
2007_11_173_179_EN,2007-10-12,Gopal v. State of Maharashtra,14100,,,
2007_11_197_212_EN,2007-10-12,Ramesh Baburao Devaskar and Ors. v. State of Maharashtra,34511,,,
2007_11_1_13_EN,2007-09-27,Amarsingh Munnasingh Suryawanshi v. State of Maharashtra,26055,,,
2007_11_219_230_EN,2007-10-12,Devi Lal v. State of Rajasthan,24953,,,
2007_11_231_237_EN,2007-10-12,Prakash Chandra Yadav v. State of Bihar and Ors.,13139,,,
2007_11_251_270_EN,2007-10-12,State of Rajasthan v. Ajit Singh and Ors.,44057,,,
2007_11_282_286_EN,2007-10-12,State of Rajasthan v. Munshi,11161,,,
2007_11_293_299_EN,2007-10-03,Moti Lal and Anr. v. State of M.P.,14169,,,
2007_11_456_461_EN,2007-10-12,R. Radhakrishnan v. The Director General of Police and Ors.,10359,,,
2007_11_570_590_EN,2007-10-12,"State through Spe & CBI, AP v. M. Krishna Mohan and Anr.",43525,,,
2007_11_642_654_EN,2007-10-24,Dashrath@ Champa and Ors. v. State of Madhya Pradesh,24640,,,
2007_11_655_660_EN,2007-10-24,Iqbal v. State of Kerala,12166,,,
2007_11_776_791_EN,2007-10-31,Paramjit Singh@ Mithu Singh v. State of Punjab through Secretary (Home),35314,,,
2007_11_911_917_EN,2007-11-02,"Muthu v. State by Inspector of Police, Tamil Nadu",14152,,,
2007_11_932_950_EN,2007-11-02,State of Haryana v. Mahender Singh and Ors.,36918,,,
2007_11_980_986_EN,2007-11-12,Antram v. State of Maharashtra,12687,,,
2007_11_987_996_EN,2007-11-12,Naresh Giri v. State of M.P.,20206,,,
2007_11_997_1012_EN,2007-11-12,Sitaram Sao@Mungeri v. State of Jharkhand,34555,,,
2007_12_1031_1035_EN,2007-12-06,Abdul Gafur & Ors. v. The State of Assam,10325,,,
2007_12_1100_1112_EN,2007-12-07,Sakiri Vasu v. State of U.P. and Ors.,26945,,,
2007_12_397_408_EN,2007-11-20,D. Sailu v. State of A.P.,24829,,,
2007_12_51_67_EN,2007-11-15,Mahmood and Anr. v. State of U.P.,36685,,,
2007_12_657_667_EN,2007-11-29,Shaik China Brahmam v. State of A.P.,23348,,,
2007_12_668_682_EN,2007-11-29,Kapildeo Mandal and Ors. v. State of Bihar,32909,,,
2007_12_694_702_EN,2007-11-29,Didigam Bikshapathi & Anr. v. State of AP.,18388,,,
2007_12_717_723_EN,2007-11-30,Rajesh Ranjan Yadav & Pappu Yadav v. CBI through Its Director,14308,,,
2007_12_778_783_EN,2007-11-30,Kailash Chandra v. State of M.P.,9710,,,
2007_12_795_811_EN,2007-12-03,State of Madhya Pradesh v. Babulal,35233,,,
2007_12_812_819_EN,2007-12-03,Sanjay Kumar Kedia v. Narcotics Control Bureau & Anr.,15149,,,
2007_12_830_839_EN,2007-12-04,Harpal Singh v. State of Punjab,20090,,,
2007_12_840_851_EN,2007-12-04,Rajendra Datta Zarekar v. State of Goa,24710,,,
2007_12_852_862_EN,2007-12-04,"Murugan & Ors. v. State through Inspector of Police, Tamil Nadu",21695,,,
2007_12_906_922_EN,2007-12-05,Directorate of Revenue & Anr. v. Mohammed Nisar Holia,35869,,,
2007_13_165_172_EN,2007-12-11,Sewaram and Another v. State of U.P.,15309,,,
2007_13_264_272_EN,2007-12-12,Keshav v. State of Maharashtra,17125,,,
2007_13_273_286_EN,2007-12-12,Umar Mohammad & Ors. v. State of Rajasthan,26468,,,
2007_13_478_503_EN,2007-12-13,Sanapareddy Maheedhar and Anr. v. State of Andhra Pradesh and Anr.,60009,,,
2007_13_517_526_EN,2007-12-13,State of A.P. v. A.S. Peter,19740,,,
2007_13_527_541_EN,2007-12-13,Rameshwar Dass v. State of Punjab & Anr.,30948,,,
2007_13_653_671_EN,2007-12-13,Ujjagar Singh v. State of Punjab,41329,,,
2007_13_68_76_EN,2007-12-11,Sumersinbh Umedsinh Rajput @ Sumersinh v. State of Gujarat,17539,,,
2007_13_716_726_EN,2007-12-14,Onkar Nath Mishra & Ors. v. State (NCT of Delhi) & Anr.,24612,,,
2007_13_727_738_EN,2007-12-14,Vineet Kumar Chauhan v. State of U.P.,27310,,,
2007_13_780_788_EN,2007-12-14,Hari Yadav v. State of Bihar,17275,,,
2007_13_789_803_EN,2007-12-14,Ram Pal and Anr. . v. State of U.P.,31484,,,
2007_1_1143_1160_EN,2007-01-23,Navjot Singh Sidhu v. State of Punjab and Anr.,43689,,,
2007_1_1211_1222_EN,2007-01-24,Shri Harendra Nath Borah v. State of Assam,25437,,,
2007_1_13_29_EN,2007-01-04,Raj Kumar Prasad Tamarkar v. State of Bihar and Anr.,38225,,,
2007_1_164_173_EN,2007-01-05,Appasaheb and Anr. v. State of Maharashtra,23190,,,
2007_1_191_208_EN,2007-01-05,Amitsingh Bhikamsing Thakur v. State of Maharashtra,41029,,,
2007_1_217_222_EN,2007-01-08,Ramkishan S/O. Madhav Shelke v. The State of Maharashtra,13585,,,
2007_1_297_316_EN,2007-01-10,Vikram Dhillon v. State of Haryana & Ors.,49752,,,
2007_1_671_676_EN,2007-01-10,State of Madhya Pradesh v. Bacchudas@ Balaram and Ors.,12983,,,
2007_1_774_783_EN,2007-01-11,Rathnashalvan v. State of Karnataka,19761,,,
2007_1_81_86_EN,2007-01-04,Gulzar v. State of M.P.,12355,,,
2007_1_916_945_EN,2007-01-16,Bishnu Prasad Sinha & Anr. v. State of Assam,63026,,,
2007_1_946_952_EN,2007-01-16,Jameel v. State of Maharashtra,13883,,,
2007_1_970_978_EN,2007-01-16,Virendra Kumar v. State of U.P.,19648,,,
2007_2_1023_1029_EN,2007-02-21,Vinod G. Asrani v. State of Maharashtra,15412,,,
2007_2_1030_1036_EN,2007-02-21,Mohanlal and Ors. v. State of Haryana,17099,,,
2007_2_1070_1076_EN,2007-02-22,Satlsh Jaggi v. State of Chhattlshgarh and Ors.,17650,,,
2007_2_206_211_EN,2007-02-02,Dhananjay @ Dhananjay Kumar Singh v. State of Bihar and Anr.,10898,,,
2007_2_212_214_EN,2007-02-02,Ram Abhilakh v. State of U.P. & Ors.,5836,,,
2007_2_26_30_EN,2007-01-31,Harishchandra Prasad Mani and Ors. v. State of Jharkhand and Anr.,10514,,,
2007_2_321_326_EN,2007-02-07,Umesh v. State of Maharashtra,14893,,,
2007_2_336_339_EN,2007-02-07,Anuran Rastogi and Ors. v. State of U.P. and Anr.,7398,,,
2007_2_354_362_EN,2007-02-08,Sayarabano@ Sultanabegum v. State of Maharashtra,22962,,,
2007_2_384_390_EN,2007-02-09,Dattatray Krishnaji Ghule v. State of Maharashtra and Ors.,15342,,,
2007_2_46_59_EN,2007-01-31,Sellappan v. State of Tamil Nadu,32774,,,
2007_2_473_495_EN,2007-02-13,State of Maharashtra and Ors. v. Lalit Somdatta Nagpal and Anr.,56827,,,
2007_2_540_549_EN,2007-02-13,State of NCT of Delhi v. Ravi Kant Sharma and Ors.,22368,,,
2007_2_577_583_EN,2007-02-14,Suman Pandey v. State of Uttar Pradesh and Anr.,16646,,,
2007_2_584_590_EN,2007-02-14,"Jakki @ Selvaraj and Anr. v. State Rep. by the Ip, Coimbatore",17159,,,
2007_2_630_650_EN,2007-02-15,Chandrappa and Ors. v. State of Karnataka,52528,,,
2007_2_689_697_EN,2007-02-15,Harbans Singh v. State (Govt. of NCT of Delhi),21096,,,
2007_2_698_705_EN,2007-02-15,Imtiaz and Anr. v. State of Uttar Pradesh,17770,,,
2007_2_706_713_EN,2007-02-15,Shyam v. State of M.P. through P.S. Bercha,17930,,,
2007_2_714_723_EN,2007-02-15,Abbas Ali v. State of Rajasthan,21487,,,
2007_2_781_794_EN,2007-02-19,Kalegura Padma Rao and Anr. v. The State of A.P. Rep. by the Public Prosecutor,31015,,,
2007_2_795_803_EN,2007-02-19,Manjunath Chennabasapa Madalli v. State of Karnataka,19788,,,
2007_3_1021_1033_EN,2007-03-14,Smt. Parminder Kaur v. State of U.P. and Anr.,32381,,,
2007_3_1091_1098_EN,2007-03-15,Central Bureau of Investigation and Anr. v. Ashok Kumar Aggarwal and Ors.,15358,,,
2007_3_149_181_EN,2007-02-23,Nair Service Society v. State of Kerala,81518,,,
2007_3_182_186_EN,2007-02-26,Nadimuthu and Ors. v. The State Rep. by Inspector of Police,10106,,,
2007_3_212_222_EN,2007-02-26,Shahjajhan and Ors. v. State of Kerala and Anr.,27861,,,
2007_3_223_252_EN,2007-02-26,Alpesh Navinchandra Shah v. State of Maharashtra and Ors.,74234,,,
2007_3_301_308_EN,2007-02-27,State of Rajasthan v. Netrapal and Ors.,20140,,,
2007_3_354_363_EN,2007-02-27,Probodh Purkait v. State of West Bengal and Ors.,24816,,,
2007_3_507_532_EN,2007-03-02,State of Goa v. Sanjay Thakran and Anr.,68200,,,
2007_3_644_648_EN,2007-03-08,Sanjay v. State of Maharashtra,9471,,,
2007_3_660_669_EN,2007-03-08,Swami Prasad v. State of Madhya Pradesh,21979,,,
2007_3_670_675_EN,2007-03-08,Omkar Prasad Verma v. State of Madhya Pradesh,11223,,,
2007_3_848_850_EN,2007-03-09,Bandu v. State of Maharashtra,6701,,,
2007_3_856_875_EN,2007-03-09,Yogesh Narain Saxena v. State of Uttaranchal,49164,,,
2007_3_899_914_EN,2007-03-12,Geejaganda Somaiah v. State of Karnataka,39568,,,
2007_3_939_956_EN,2007-03-13,Namdeo v. State of Maharashtra,42261,,,
2007_4_1029_1039_EN,2007-04-10,Raitanlal v. State of Jammu and Kashmir,24632,,,
2007_4_1040_1046_EN,2007-04-10,Naresh Kumar Madan v. State of Madhya Pradesh,14638,,,
2007_4_1047_1054_EN,2007-04-10,Magan v. State of Madhya Pradesh,18936,,,
2007_4_1055_1067_EN,2007-04-10,"Everest Advertising Pvt. Ltd. v. State, Govt. of NCT of Delhi and Ors.",25285,,,
2007_4_1096_1103_EN,2007-04-10,Naravan @ Naran v. State of Rajasthan,20412,,,
2007_4_1155_1159_EN,2007-04-10,Paul Varghese v. State of Kerala and Anr.,12078,,,
2007_4_120_124_EN,2007-03-19,Biswajit Halder @ Babu Halder and Ors. v. State of West Bengal,10063,,,
2007_4_125_131_EN,2007-03-19,Ramkripal S/O Shyamlal Charmakar v. State of Madhya Pradesh,15695,,,
2007_4_248_252_EN,2007-03-20,Dnyaneshwar v. State of Maharashtra,9549,,,
2007_4_253_255_EN,2007-03-21,Shankar Diwal Wadu v. State of Maharashtra,6221,,,
2007_4_30_39_EN,2007-03-16,Mummidi Hemadri and Ors. v. State of Andhra Pradesh,25131,,,
2007_4_332_338_EN,2007-03-21,Vishwanath Gupta v. State of Uttaranchal,17765,,,
2007_4_339_346_EN,2007-03-22,Mohd. Aslam @ Bhure v. State of U.P. and Ors.,18938,,,
2007_4_370_372_EN,2007-03-22,Netraj Singh v. State of M.P.,5715,,,
2007_4_424_427_EN,2007-03-26,State of H.P. v. Mushtaq Ahmad,7916,,,
2007_4_678_685_EN,2007-04-02,Mano v. State of Tamil Nadu,17185,,,
2007_4_71_83_EN,2007-03-19,Akhlaq v. State of U.P.,33063,,,
2007_4_759_763_EN,2007-04-03,Ranjit Singh v. State of M. P.,12134,,,
2007_4_768_772_EN,2007-04-04,Laxman Anjali Dhundale and Anr. v. State of Maharashtra,12000,,,
2007_4_773_776_EN,2007-04-04,Ram Chrittar and Anr. etc. v. State of Uttar Pradesh etc.,7981,,,
2007_4_892_898_EN,2007-04-05,Mahendra Singh v. State of M. P.,13475,,,
2007_4_899_906_EN,2007-04-05,Bhagubhai Dhanabhai Khalasi and Anr. v. The State of Gujarat and Ors.,19690,,,
2007_4_907_917_EN,2007-04-05,Manzar Sayeed Khan v. State of Maharashtra and Anr.,28512,,,
2007_5_1075_1085_EN,2007-05-01,Rajendra Prabhu Chikane and Anr. Etc v. State of Maharashtra etc.,26566,,,
2007_5_1086_1105_EN,2007-05-02,Sri Baragur Ramachandrappa and Ors. v. State of Karnataka and Ors.,49595,,,
2007_5_1156_1165_EN,2007-05-03,Raju @ Raj Kumar v. State of Rajasthan,22391,,,
2007_5_1166_1172_EN,2007-05-03,Abdul Aziz v. State of Rajasthan,16252,,,
2007_5_1173_1184_EN,2007-05-03,Dayal Singh v. State of Maharashtra,31337,,,
2007_5_221_232_EN,2007-04-17,Hatti Singh v. State of Haryana,28148,,,
2007_5_467_475_EN,2007-04-24,Sheikh Rafi v. State of Andhra Pradesh and Anr.,20042,,,
2007_5_532_537_EN,2007-04-24,Prakash Kumar @ Prakash Bhutto v. State of Gujarat,12956,,,
2007_5_538_548_EN,2007-04-24,Abdul Vahab Abdulmajid Shaikh and Ors. v. State of Gujarat,27453,,,
2007_5_561_575_EN,2007-04-25,State of West Bengal v. Dinesh Dalmia,38409,,,
2007_5_607_617_EN,2007-04-25,Asharam and Anr. v. State of Madhya Pradesh,27466,,,
2007_5_669_672_EN,2007-04-26,Satya Narayan Agarwal v. State of Assam,6906,,,
2007_5_673_683_EN,2007-04-26,Shakti Dan v. State of Rajasthan,25283,,,
2007_5_68_78_EN,2007-04-12,Gajanand Agarwal v. State of Orissa and Anr.,25433,,,
2007_5_757_765_EN,2007-04-27,Rajpal and Anr. v. State of Haryana,21922,,,
2007_5_766_774_EN,2007-04-27,Ravi@ Ravichandran v. State Rep. by Inspector of Police,20137,,,
2007_5_807_817_EN,2007-04-27,V.K.Puri v. Central Bureau of Investigation,24286,,,
2007_5_818_825_EN,2007-04-27,Ramkrushna v. State of Maharashtra,16852,,,
2007_5_826_831_EN,2007-04-27,Labha v. State of Uttranchal,13271,,,
2007_5_832_849_EN,2007-04-27,Ramappa Halapa Pujar and Ors. v. State of Karnataka,43497,,,
2007_5_83_89_EN,2007-04-13,Rama Paswan and Ors. v. State of Jharkhand,16313,,,
2007_5_850_857_EN,2007-04-27,Jodhraj Singh v. State of Rajasthan,17370,,,
2007_5_858_865_EN,2007-04-27,State of Himachal Pradesh v. Uttam Kumar and Ors.,20195,,,
2007_5_866_872_EN,2007-04-27,Ambaram v. State of M.P.,13433,,,
2007_6_105_111_EN,2007-05-08,Raja Lal Singh v. The State of Jharkhand,16604,,,
2007_6_1088_1102_EN,2007-05-16,Ananda Mohan Sen and Anr. v. State of West Bengal,36089,,,
2007_6_112_116_EN,2007-05-08,Sujoy Sen @ Sujoy Kr. Sen v. The State of West Bengal,12008,,,
2007_6_117_123_EN,2007-05-08,State of Tripura v. Ram Bir Singh and Ors.,16880,,,
2007_6_185_198_EN,2007-05-09,Vikram and Ors. v. State of Maharashtra,31678,,,
2007_6_199_204_EN,2007-05-09,Santosh @ Santukrao v. State of Maharashtra,13241,,,
2007_6_219_230_EN,2007-05-09,M/s Master Cables Pvt. Ltd. v. State of Kerala,26157,,,
2007_6_324_334_EN,2007-05-10,Soma Chakravarty v. State through CBI,27434,,,
2007_6_358_370_EN,2007-05-10,Anil v. State of Haryana,29561,,,
2007_6_36_39_EN,2007-05-07,N. Devindrappa v. State of Karnataka,7268,,,
2007_6_400_408_EN,2007-05-11,Noor@ Noordhin v. State of Karnataka,21136,,,
2007_6_40_68_EN,2007-05-07,State of Maharashtra v. Siraz Ahmed Nisar Ahmed and Ors.,77978,,,
2007_6_480_493_EN,2007-05-14,Shankar Jaiswara v. State of West Bengal,34065,,,
2007_6_494_498_EN,2007-05-14,Daya Singh Lahoriya @ Rajeev Sudan @ Vinay Kumar v. State of Rajasthan,10907,,,
2007_6_499_524_EN,2007-05-14,Suman Sood @ Kamal Jeet Kaur v. State of Rajasthan,62382,,,
2007_6_669_679_EN,2007-05-15,Sunil Balkrishna Bhoir v. The State of Maharashtra,24821,,,
2007_6_76_93_EN,2007-05-07,Sunder Lal v. State of Rajasthan,42923,,,
2007_7_1000_1005_EN,2007-06-13,State of Rajas Than v. Om Prakash,13656,,,
2007_7_1014_1016_EN,2007-06-13,State of Madhya Pradesh v. Sewa Singh,6347,,,
2007_7_1017_1021_EN,2007-06-14,Niranjan Singh v. State of Madhya Pradesh,8476,,,
2007_7_1022_1024_EN,2007-06-14,Deepak Rajak v. State of West Bengal,5265,,,
2007_7_1025_1032_EN,2007-06-14,State of Punjab v. Sanjiv Kumar@ Sanju and Ors.,19241,,,
2007_7_1043_1050_EN,2007-06-19,State of Maharashtra & Ors. v. Mehamud,18238,,,
2007_7_1051_1054_EN,2007-06-19,Kishori Lal v. State of M.P.,8438,,,
2007_7_1055_1060_EN,2007-06-19,State of Madhya Pradesh v. Chamru@Bhagwandas etc. etc.,13385,,,
2007_7_1065_1074_EN,2007-06-20,Heera and Anr. v. State of Rajasthan,24903,,,
2007_7_1075_1080_EN,2007-06-20,State of Haryana v. Jagat Paul & Ors.,13002,,,
2007_7_1081_1084_EN,2007-06-20,Hazarilal v. State of M.P.,8572,,,
2007_7_1085_1089_EN,2007-06-20,State of U.P. v. Raja Ram and Ors.,9890,,,
2007_7_1090_1094_EN,2007-06-20,State of U.P. v. Jai Prakash,11849,,,
2007_7_1095_1101_EN,2007-06-20,Lala Ram v. State of Rajasthan,14966,,,
2007_7_1102_1108_EN,2007-06-21,Balbir Singh v. State of Delhi,14246,,,
2007_7_1109_1114_EN,2007-06-21,State. NCT of Delhi v. Malvinder Singh,13628,,,
2007_7_1115_1119_EN,2007-06-21,Manubhai Atabhai v. State of Gujarat,10708,,,
2007_7_1120_1122_EN,2007-06-21,State of U.P v. Surendra Kumar Solanki,5107,,,
2007_7_1123_1129_EN,2007-06-21,Sukhdev v. State of Punjab,16045,,,
2007_7_1130_1136_EN,2007-06-21,Shaikah Bakshu and Ors. v. State of Maharashtra,17096,,,
2007_7_1137_1140_EN,2007-06-21,State of Punjab and Ors. v. Kuldip Singh,9007,,,
2007_7_1141_1151_EN,2007-06-21,Prabhakaran v. State of Kerala,23733,,,
2007_7_1152_1156_EN,2007-06-21,State of Rajasthan v. Chittarmal,11113,,,
2007_7_1157_1168_EN,2007-06-21,Krishna & Anr. v. State of U.P,31096,,,
2007_7_1169_1173_EN,2007-06-21,State of Madhya Pradesh & Anr. v. Bachha Lal & Anr.,10712,,,
2007_7_1174_1177_EN,2007-06-21,Central Bureau of Investigation v. State of Gujarat,9920,,,
2007_7_1178_1184_EN,2007-06-21,Kulwant Singh@ Kulbansh Singh v. State of Bihar,14886,,,
2007_7_275_280_EN,2007-05-18,Manjappa v. State of Karnataka,12436,,,
2007_7_322_325_EN,2007-05-18,Surjit Singh and Anr. v. State of Punjab,7497,,,
2007_7_356_362_EN,2007-05-18,The Kerala State Electricity Board v. Livisha etc. etc.,16490,,,
2007_7_385_395_EN,2007-05-18,Budh Singh v. State of M.P.,23893,,,
2007_7_616_669_EN,2007-05-18,Swamy Shraddananda @ Murali Manohar Mishra v. State of Karnataka,128643,,,
2007_7_73_83_EN,2007-05-17,Afzalkhan @ Babu Murtuzahan Pathan v. State of Gujarat,25448,,,
2007_7_815_820_EN,2007-05-28,Byvarapu Raju v. State of Andhra Pradesh and Anr.,14426,,,
2007_7_863_868_EN,2007-05-31,Manik Das and Ors. v. State of Assam,12268,,,
2007_7_885_890_EN,2007-06-01,State of Haryana v. Surender and Ors. etc.,13328,,,
2007_7_914_916_EN,2007-06-01,Sukhdev Singh v. State of Haryana,3801,,,
2007_7_917_925_EN,2007-06-04,Bapu@ Gajraj Singh v. State of Rajasthan,23160,,,
2007_7_926_929_EN,2007-06-04,State of Madhya Pradesh. v. Nisar,8133,,,
2007_7_930_934_EN,2007-06-05,Shiv Anand Mallappa Koti v. The State of Karnataka,11253,,,
2007_7_939_945_EN,2007-06-05,State of Rajasthan v. Babu Ram,14469,,,
2007_7_946_948_EN,2007-06-05,Jagvir Singh and Ors. v. State(Delhi Admn.),5336,,,
2007_7_949_957_EN,2007-06-05,Iqbalbano v. State of U.P. and Anr.,20225,,,
2007_7_958_960_EN,2007-06-05,Om Prakash v. State (Nct) of Delhi,6329,,,
2007_7_961_968_EN,2007-06-05,State of Haryana v. Suresh,16416,,,
2007_7_974_982_EN,2007-06-06,Ananta Deb Singha Mahapatra and Ors. v. State of West Bengal,20432,,,
2007_7_983_991_EN,2007-06-06,Ajay Singh v. State of Maharashtra,21252,,,
2007_7_992_997_EN,2007-06-07,State of Rajasthan v. Wakteng,14250,,,
2007_7_998_999_EN,2007-06-12,Ashok Kumar v. State of N.C.T. of Delhi and Ors.,2576,,,
2007_8_1000_1003_EN,2007-08-13,Kittusamy v. State of Tamil Nadu,8580,,,
2007_8_1009_1012_EN,2007-08-13,State of Gujarat v. Narendra K. Amin,9224,,,
2007_8_1077_1081_EN,2007-08-17,C.B.I v. Pradeep Bhalchandra Sawant and Anr.,10515,,,
2007_8_189_191_EN,2007-07-09,State of Karnataka v. Khatu@ Hanumantharaya,5675,,,
2007_8_301_307_EN,2007-07-11,Manjula Sinha v. State of U.P. & Ors.,14556,,,
2007_8_333_339_EN,2007-07-13,"State, CBI, Hyderabad v. Edwin Devasahayam",16166,,,
2007_8_380_384_EN,2007-07-17,Mohd. Yaseen v. State of U.P.,9687,,,
2007_8_385_389_EN,2007-07-17,Maulana Naseeruddln Mohd. Haneefuddln v. State of Gujarat,11618,,,
2007_8_396_402_EN,2007-07-18,State of Maharashtra v. Raju Bhaskar Potphode,15005,,,
2007_8_411_415_EN,2007-07-19,State of M.P. v. Kusum,9974,,,
2007_8_420_428_EN,2007-07-20,State of U.P. and Anr. v. Lalloo Singh,21371,,,
2007_8_474_481_EN,2007-07-24,Arvind Kumar and Anr. v. State of Madhya Pradesh,20216,,,
2007_8_509_517_EN,2007-07-25,B.C. Dev a@ Dyava v. State of Karnataka,21959,,,
2007_8_526_530_EN,2007-07-25,State of U.P. v. Mushtaq Alam,11558,,,
2007_8_540_546_EN,2007-07-26,State of U.P. v. Abdul Karim and Ors.,15353,,,
2007_8_605_607_EN,2007-07-27,Idrishan Yakubhan Pathan v. State of Gujarat through Public Prosecutor,6161,,,
2007_8_608_617_EN,2007-07-27,Smt. Shakuntala v. State of Haryana,23139,,,
2007_8_618_624_EN,2007-07-30,N.P. Jharia v. State of M.P.,15233,,,
2007_8_713_718_EN,2007-08-01,Mehiboobsab Abbasabi Nadaf v. State of Karnataka,13213,,,
2007_8_753_756_EN,2007-08-01,State of Madhya Pradesh v. Basodi,9406,,,
2007_8_757_762_EN,2007-08-01,State of Karnataka v. Madesha and Ors.,10210,,,
2007_8_771_775_EN,2007-08-02,State of Rajasthan v. Nana and Ors.,10887,,,
2007_8_779_786_EN,2007-08-03,Shaik Mastan Vali v. State of Andhra Pradesh,17676,,,
2007_8_787_792_EN,2007-08-03,Deepak Singchi v. State of Rajasthan and Anr.,12588,,,
2007_8_834_848_EN,2007-08-06,Rajendra Singh v. State of U.P. and Anr.,38147,,,
2007_8_849_854_EN,2007-08-06,Silak Ram and Anr. v. State of Haryana,14104,,,
2007_8_891_897_EN,2007-08-06,Kulwinder Singh v. State of Punjab,15103,,,
2007_8_968_971_EN,2007-08-10,State of U.P v. Govind Das@ Gudda and Anr.,7213,,,
2007_9_1082_1090_EN,2007-09-18,Jagdish and Anr. v. State of Madhya Pradesh,19950,,,
2007_9_1091_1096_EN,2007-09-18,Anil Ritolla@ A.K. Ritolia v. State of Bihar & Anr.,13622,,,
2007_9_1097_1104_EN,2007-09-18,Jagannath v. State of M.P.,17022,,,
2007_9_1105_1112_EN,2007-09-18,State of Karnataka v. Ameer Jan,18879,,,
2007_9_1113_1123_EN,2007-09-18,Maksud Saiyed v. State of Gujarat and Ors.,25303,,,
2007_9_1124_1141_EN,2007-09-18,Dinesh Dalmia v. C.B.I,42554,,,
2007_9_185_203_EN,2007-08-21,State of Maharashtra v. Tulshiram Bhanudas Kamble and Ors.,42093,,,
2007_9_314_321_EN,2007-08-24,Sudha Verma v. State of U.P. and Anr.,17169,,,
2007_9_44_57_EN,2007-08-17,Sukhram v. State of Maharashtra,36610,,,
2007_9_475_482_EN,2007-08-27,Raghunandan v. State of Madhya Pradesh,17581,,,
2007_9_483_497_EN,2007-08-27,Girija Prasad (Dead) by LRs. v. State of Madhya Pradesh,35560,,,
2007_9_562_569_EN,2007-08-30,Harishchandra Ladaku Thange v. State of Maharashtra,17999,,,
2007_9_58_69_EN,2007-08-17,Pradeep Kumar@ Pradeep Kumar Verma v. State of Bihar and Anr.,27977,,,
2007_9_689_694_EN,2007-09-05,State of Uttar Pradesh v. Ram Veer Singh and Ors.,15252,,,
2007_9_695_710_EN,2007-09-05,Dilawar Singh v. State of Delhi,39524,,,
2007_9_799_807_EN,2007-09-07,Kulesh Mondal v. The State of West Bengal,20177,,,
2007_9_842_852_EN,2007-09-10,M. Srinivasulu v. State of A.P.,26782,,,
2007_9_92_100_EN,2007-08-20,Jesu Asir Singh and Ors. v. State through Inspector of Police,21187,,,
2007_9_939_942_EN,2007-09-14,Ganapathi Sanya Naik v. State of Karnataka,9040,,,
2007_9_943_948_EN,2007-09-14,Sanwariya Lal v. State of Rajasthan,12898,,,
2007_9_970_978_EN,2007-09-14,State of Karnataka v. Raju,20626,,,
2007_9_989_996_EN,2007-09-14,C.A. Pious v. The State of Kerala and Anr.,18458,,,
2007_9_997_1006_EN,2007-09-14,Phulia Tudu and Anr. v. The State of Bihar (Now Jharkhand),24564,,,
2008_10_1063_1074_EN,2008-07-16,Kuldeep Singh v. State of Himachal Pradesh,23411,,,
2008_10_1075_1089_EN,2008-07-16,State of Punjab v. Kulwant Singh @ Kanta,28803,,,
2008_10_1090_1098_EN,2008-07-16,Kashi Prasad v. State of Uttar Pradesh,16500,,,
2008_10_1103_1114_EN,2008-07-17,Kandaswamy v. State of Tamil Nadu,23482,,,
2008_10_110_122_EN,2008-07-07,Radhe v. State of Chhattisgarh,24612,,,
2008_10_1115_1128_EN,2008-07-17,Asraf Ali v. State of Assam,26385,,,
2008_10_1161_1168_EN,2008-07-18,State of Karnataka v. Bantara Sudhakara @ Sudha & Anr.,15699,,,
2008_10_123_131_EN,2008-07-07,State of U.P v. Bhaiya Lal Verma,18252,,,
2008_10_379_453_EN,2008-07-09,Noor Aga v. State of Punjab & Anr.,143108,,,
2008_10_52_61_EN,2008-06-20,Roop Singh @ Rupa v. The State of Punjab,18220,,,
2008_10_541_547_EN,2008-07-09,State of Maharashtra v. Gajanan @ Hemant Janardhan Wankhede,14329,,,
2008_10_553_565_EN,2008-07-09,Genoa Singh and Ors. v. State of U.P.,26493,,,
2008_10_609_635_EN,2008-07-10,Kuriachan Chacko & Ors. v. State of Kerala,52817,,,
2008_10_636_639_EN,2008-07-10,Balj Nath v. State of Uttar Pradesh,7478,,,
2008_10_640_648_EN,2008-07-10,Bhupinder Singh v. Union Territory of Chandigarh .,16525,,,
2008_10_649_654_EN,2008-07-10,State of Rajasthan v. Gulab Singh and Ors.,10423,,,
2008_10_78_84_EN,2008-07-07,Murugan v. State of Tamil Nadu,12067,,,
2008_10_847_854_EN,2008-07-11,State of Madhya Pradesh v. Imrat and Anr.,15137,,,
2008_10_855_861_EN,2008-07-11,Madan and Ors. v. State of Madhya Pradesh,13817,,,
2008_10_85_88_EN,2008-07-07,Natraj Chinnappa Nair v. State of Maharashtra,7427,,,
2008_10_869_876_EN,2008-07-11,Mahila Vinod Kumari v. State of Madhya Pradesh,14538,,,
2008_10_89_104_EN,2008-07-07,Kusuma Ankama Rao v. State of Andhra Pradesh,31596,,,
2008_10_900_904_EN,2008-07-14,Raj Kumar v. State of H.P.,9919,,,
2008_10_905_915_EN,2008-06-26,M/s Shankar Finance and Investments v. State of Andhra Pradesh & Ors.,20051,,,
2008_10_916_923_EN,2008-07-14,Shaikh Azim @ Vakil @ Kuku v. State of Maharashtra,15276,,,
2008_10_924_932_EN,2008-07-14,State of Punjab v. Navraj Singh,16513,,,
2008_10_950_957_EN,2008-07-14,Bharat Parikh v. C.B.I. & Anr.,15715,,,
2008_10_978_982_EN,2008-07-15,Shashi Mohan v. State of M.P.,8119,,,
2008_10_983_993_EN,2008-07-15,Moti Lal v. State of M.P.,23058,,,
2008_10_994_998_EN,2008-07-15,State of Himachal Pradesh v. Shish Ram,7793,,,
2008_11_1036_1047_EN,2008-08-08,Manivel & Ors. v. State of Tamil Nadu,21286,,,
2008_11_1048_1090_EN,2008-08-08,State of U.P. v. Kishanpal & Ors.,86090,,,
2008_11_1154_1168_EN,2008-08-11,Salim and Ors. v. State of Haryana,29458,,,
2008_11_1169_1178_EN,2008-08-11,State of Punjab Rep. through Secretary v. Raj Kumar and Ors.,18026,,,
2008_11_161_171_EN,2008-07-22,Jayendra Saraswati Swamigal @ Subramaniam v. State of Tamil Nadu,22170,,,
2008_11_172_183_EN,2008-07-23,Munigadppa Meenaiah v. The State of Andhra Pradesh,22126,,,
2008_11_184_210_EN,2008-07-23,Bantu v. The State of U.P.,51203,,,
2008_11_18_25_EN,2008-07-21,"Central Bureau of Investigation, New Delhi v. M.N. Sharma",14280,,,
2008_11_243_269_EN,2008-07-24,Sannaia Subba Rao & Ors. v. State of A.P.,54126,,,
2008_11_26_30_EN,2008-07-21,State of U.P. and Anr. v. Nitin Agnihotri and Anr.,8272,,,
2008_11_270_285_EN,2008-07-24,Rajbabu & Anr. v. State of M.P.,32446,,,
2008_11_31_51_EN,2008-07-21,"Inspector of Police, Tamil Nadu v. Balaprasanna",38349,,,
2008_11_331_336_EN,2008-07-24,Mangoo @ Mangal Singh v. State of M.P.,10204,,,
2008_11_361_368_EN,2008-07-25,State of Haryana v. Shibu @ Shiv Narain and Ors.,15282,,,
2008_11_426_430_EN,2008-07-29,Nasirudoin Khan and Ors. v. State of Bihar,8425,,,
2008_11_499_541_EN,2008-07-30,Ghurey Lal v. State of U.P.,83133,,,
2008_11_548_560_EN,2008-07-30,Shivjee Singh and Ors. v. State of Bihar,27267,,,
2008_11_561_570_EN,2008-07-30,Ponnam Chandraiah v. State of A.P.,19040,,,
2008_11_586_593_EN,2008-07-31,State of Haryana v. Mai Ram Son of Mam Chand,14686,,,
2008_11_642_669_EN,2008-08-01,Valson and Anr. v. State of Kerala,55391,,,
2008_11_66_74_EN,2008-07-22,Raj Rajendra Singh Seth @ R.R.S. Seth v. The State of Jharkhand and Anr.,17364,,,
2008_11_75_84_EN,2008-07-22,Sonelal v. State of M.P.,18616,,,
2008_11_793_800_EN,2008-08-04,State of Madhya Pradesh v. Pappu @ Ajay,14964,,,
2008_11_801_815_EN,2008-08-04,Dinesh Singh v. State of U.P.,30481,,,
2008_11_816_827_EN,2008-08-04,State of Rajasthan v. Gajendra Singh,23234,,,
2008_11_828_842_EN,2008-08-04,Baldev Singh v. State of Punjab,30226,,,
2008_11_843_848_EN,2008-08-04,Dinesh Kumar v. State of Rajasthan,11708,,,
2008_11_85_92_EN,2008-07-22,Shambhoo Singh v. State of Rajasthan,14576,,,
2008_11_888_896_EN,2008-08-05,"Tamilselvan v. State Rep. by Inspector of Police, Tamil Nadu",18213,,,
2008_11_93_144_EN,2008-07-22,Swamy Shraddananda @ Murali Manohar Mishra v. State of Karnataka,105643,,,
2008_11_949_956_EN,2008-08-05,Bangaru Venkata Rao v. State of Andhra Pradesh,16111,,,
2008_11_968_979_EN,2008-08-06,Devidas Ramsunder Shukla v. State of Maharashtra,22006,,,
2008_12_1083_1118_EN,2008-09-01,State of Maharashtra v. Bharat Shanti Lal Shah & Ors.,70920,,,
2008_12_110_112_EN,2008-08-13,M/s Green Earth Asphalt & Power P. Ltd. v. State of Maharashtra Tr. P.S.O. & Ors.,3889,,,
2008_12_113_131_EN,2008-08-18,Dinesh Seth v. State of N.C.T. of Delhi,38857,,,
2008_12_1141_1153_EN,2008-09-02,"State Rep. by D.S.P., S.B. C.L.D., Chennai v. K.V. Rajendran & Ors.",25333,,,
2008_12_1210_1222_EN,2008-09-03,State of West Bengal v. Shyamadas Banerjee & Another,22150,,,
2008_12_132_145_EN,2008-08-18,Swaran Singh & Ors. v. State through Standing Counsel & Anr.,26737,,,
2008_12_13_22_EN,2008-08-12,Aizaz & Ors. v. State of U.P.,17116,,,
2008_12_146_155_EN,2008-08-18,Vinay Kumar Rai and Anr. v. The State of Bihar,19501,,,
2008_12_165_178_EN,2008-08-18,"Superintendent of Police, Karnataka Lokayuktha and Anr. v. B. Srinivas",25474,,,
2008_12_236_247_EN,2008-08-20,Nikhil Merchant v. Central Bureau of Investigation & Anr.,24057,,,
2008_12_28_39_EN,2008-08-12,State (NCT of Delhi) v. Ahmed Jaan,23918,,,
2008_12_311_323_EN,2008-08-20,Hardip Singh v. State of Punjab,26897,,,
2008_12_342_361_EN,2008-08-20,Gunnana Pentayya @ Pentadu & Ors. v. State of A.P.,39201,,,
2008_12_362_369_EN,2008-08-20,Ganesh v. State of Karnataka and Ors.,15852,,,
2008_12_452_458_EN,2008-08-21,Ram Tawekya Sharma v. State of Bihar & Ors.,12538,,,
2008_12_459_467_EN,2008-08-21,Iqbal Singh v. State of Punjab,17384,,,
2008_12_468_483_EN,2008-08-22,K.K. Saravana Babu v. State of Tamil Nadu & Anr.,30928,,,
2008_12_561_568_EN,2008-08-25,Md. Abdul Sufan Laskar and Ors. v. State of Assam,14041,,,
2008_12_608_622_EN,2008-08-25,Goondla Venkateswarlu v. State of A.P. and Anr.,27751,,,
2008_12_623_636_EN,2008-08-20,Gorige Pentaiah v. State of A.P. & Ors.,26597,,,
2008_12_765_784_EN,2008-08-26,Chattar Singh and Anr. v. State of Haryana,39466,,,
2008_12_861_866_EN,2008-08-27,State of Himachal Pradesh v. Sardara Singh,11395,,,
2008_12_897_902_EN,2008-08-28,State of U.P. v. Munshi,11213,,,
2008_12_929_942_EN,2008-08-29,State of Punjab v. Rakesh Kumar,25593,,,
2008_12_945_948_EN,2008-08-28,State of U.P. v. Raja @ Jalil,7040,,,
2008_12_949_958_EN,2008-08-29,Hari Singh Gond v. State of M.P.,20532,,,
2008_12_94_103_EN,2008-08-13,Arjun Mahto v. State of Bihar,18146,,,
2008_12_959_991_EN,2008-08-29,Bholu Ram v. State of Punjab & Anr.,64252,,,
2008_13_1010_1014_EN,2008-09-25,Aslam @ Deewan v. State of Rajasthan,8953,,,
2008_13_1015_1026_EN,2008-09-26,Budhi Lal v. State of Uttarakhand,23743,,,
2008_13_1027_1037_EN,2008-09-26,Bihari Rai v. State of Bihar (Now Jharkhand),20557,,,
2008_13_1111_1118_EN,2008-09-29,Balwant Singh and Ors. v. State of H.P.,14691,,,
2008_13_1119_1125_EN,2008-09-29,State of Himachal Pradesh v. Manoj Kumar @ Chhotu,11776,,,
2008_13_114_125_EN,2008-09-05,Ravi v. State Rep. by Inspector of Police,21216,,,
2008_13_1160_1190_EN,2008-09-30,"Murugan and Anr. v. State Rep. by Public Prosecutor, Madras, Tamil Nadu Anr.",60870,,,
2008_13_1212_1216_EN,2008-09-30,"Reserve Bank of India & Anr. v. State Rep. by M.R. Bhavsar, Bombay",7743,,,
2008_13_1_5_EN,2008-08-28,State of H.P. v. Suresh Kumar @ Chhotu,8214,,,
2008_13_255_256_EN,2008-09-08,Joginder @ Jindi v. State of Haryana,1737,,,
2008_13_269_294_EN,2008-09-09,State of U.P. v. Awdhesh,48884,,,
2008_13_309_311_EN,2008-09-10,"Inspector of Police, Tamil Nadu v. Muthusamy and Anr.",4965,,,
2008_13_320_331_EN,2008-09-11,Bachan Singh & Anr. v. State of Bihar,22588,,,
2008_13_332_337_EN,2008-09-11,Ranjit Singh v. State of Haryana,10530,,,
2008_13_395_401_EN,2008-09-15,Lalliram and Anr. v. State of M.P.,13810,,,
2008_13_487_501_EN,2008-09-15,"Maranadu and Anr. v. State by Inspector of Police, Tamil Nadu",29107,,,
2008_13_621_627_EN,2008-09-18,Har Singh v. State of Uttarakhand,12619,,,
2008_13_632_637_EN,2008-09-18,"State Rep. by Inspector of Police, Tiruchy v. Rettaimandaiyan @ Murugan",11151,,,
2008_13_66_80_EN,2008-09-05,Fakhruddin Ahmad v. State of Uttaranchal and Anr.,29484,,,
2008_13_682_687_EN,2008-09-18,The State of Punjab & Ors. v. Prem Sarup,10714,,,
2008_13_6_9_EN,2008-08-28,State of M.P. v. Munnibai & Anr.,6646,,,
2008_13_734_742_EN,2008-09-19,Daulatram S/O Sadram Teli v. State of Chhattisgarh,15506,,,
2008_13_750_768_EN,2008-09-19,State of Maharashtra v. Sujay Mangesh Poyarekar,37671,,,
2008_13_769_776_EN,2008-09-22,Premiya @ Prem Prakash v. State of Rajasthan,12691,,,
2008_13_777_783_EN,2008-09-22,Basavaraja & Ors. v. State of Karnataka,13002,,,
2008_13_800_803_EN,2008-09-22,State of Punjab v. Karnail Singh,6585,,,
2008_13_81_113_EN,2008-09-05,Shivaji @ Dadya Shankar Alhat v. The State of Maharashtra,63812,,,
2008_13_955_959_EN,2008-09-23,Man Bahadur v. State of H.P.,7369,,,
2008_13_960_965_EN,2008-09-24,State of A.P. v. Guvva Satyanarayana,11509,,,
2008_13_966_968_EN,2008-09-24,Man Singh & Anr. v. State of M.P.,4812,,,
2008_13_989_995_EN,2008-09-25,Manoj & Anr. v. State of Madhya Pradesh,14661,,,
2008_14_1013_1018_EN,2008-10-22,Arjun Singh v. State of Himachal Pradesh,11747,,,
2008_14_1019_1025_EN,2008-10-22,Sonu Kumar v. State of H.P.,12344,,,
2008_14_1026_1031_EN,2008-10-22,Bal Kishan v. State. of Himachal Pradesh,10127,,,
2008_14_1049_1090_EN,2008-10-22,Nirmal Singh Kahlon v. State of Punjab and Ors.,81950,,,
2008_14_1137_1154_EN,2008-10-23,Indu Jain v. State of Madhya Pradesh & Ors.,35829,,,
2008_14_1170_1183_EN,2008-10-24,State of Andhra Pradesh v. M. Madhusudhan Rao,28050,,,
2008_14_1184_1206_EN,2008-10-24,State of Maharashtra v. Ahmed Shaikh Babajan & Ors.,45613,,,
2008_14_120_123_EN,2008-10-01,"State, Represented by Inspector of Police, Tamilnadu v. Sait & Krishnakumar",5996,,,
2008_14_126_129_EN,2008-10-01,"Inspector of Police, T.N. v. Palanisamy @ Selvan",7582,,,
2008_14_153_160_EN,2008-10-03,C.R. Patil v. State of Gujarat & Ors.,15561,,,
2008_14_161_178_EN,2008-10-03,Babloo Pasi v. State of Jharkhand & Anr.,36960,,,
2008_14_213_218_EN,2008-10-03,State of A.P. v. P. Satyanarayana Murthy,11411,,,
2008_14_219_233_EN,2008-10-03,State of U.P v. Ram Balak and Anr.,28623,,,
2008_14_234_244_EN,2008-10-03,Rajesh Kumar v. State of H.P.,21535,,,
2008_14_309_319_EN,2008-10-13,"Arumugam v. State Rep. by Inspector of Police, Tamil Nadu",21037,,,
2008_14_320_333_EN,2008-10-13,Siddhapal Kamala Yadav v. State of Maharashtra,27217,,,
2008_14_334_347_EN,2008-10-13,Bur Singh and Anr. v. State of Punjab,27710,,,
2008_14_348_357_EN,2008-10-13,Hanuman Ram v. The State of Rajasthan and Ors.,20773,,,
2008_14_358_365_EN,2008-10-13,Ram Singh v. State of Madhya Pradesh,15273,,,
2008_14_405_418_EN,2008-10-14,State Rep. by Inspector of Police v. Saravanan & Anr.,28985,,,
2008_14_432_435_EN,2008-10-14,Mahindra Mulji Kerai Patel v. State of Gujarat,7641,,,
2008_14_474_479_EN,2008-10-15,"The Superintendent, Narcotic Control Bureau v. Parash Singh",10238,,,
2008_14_480_486_EN,2008-10-15,Mukul Mahto and Ors. v. State of Jharkhand and Anr.,12426,,,
2008_14_498_506_EN,2008-10-15,Mondri Sreenu v. State of Andhra Pradesh,16281,,,
2008_14_507_511_EN,2008-10-16,State of M.P v. Makhan @ Madan & Ors.,8430,,,
2008_14_512_516_EN,2008-10-16,Renu Kunta Mallaiah v. State of A.P.,8428,,,
2008_14_533_538_EN,2008-10-16,Sunil v. State of Maharashtra,9893,,,
2008_14_539_555_EN,2008-10-16,Manoj Sharma v. State & Ors.,32021,,,
2008_14_574_579_EN,2008-10-17,Ishwar Singh v. State of Madhya Pradesh,11325,,,
2008_14_660_679_EN,2008-10-17,Mahadev Prasad Kaushik v. State of U.P. & Anr.,39074,,,
2008_14_680_687_EN,2008-10-17,State of Punjab v. Gurdev Singh & Ors.,15205,,,
2008_14_699_705_EN,2008-10-17,State of Rajasthan v. Narayan,12659,,,
2008_14_706_722_EN,2008-10-17,Virendra @ Buddhu & Anr. v. State of U.P.,34315,,,
2008_14_728_732_EN,2008-10-17,N. Naveen Kumar and Ors. v. State of A.P.,8134,,,
2008_14_733_741_EN,2008-10-17,N. Ramakrishnaiah (Dead) Thr. LRs. v. State of A.P.,17305,,,
2008_14_742_749_EN,2008-10-17,State of Punjab v. Bakhshish Singh & Ors.,16548,,,
2008_14_750_760_EN,2008-10-20,Asraf Sk and Anr. v. State of West Bengal,19922,,,
2008_14_761_773_EN,2008-10-20,Viji & Anr. v. State of Karnataka,25346,,,
2008_14_841_850_EN,2008-10-20,State of Andhra Pradesh v. Bajjoori Kanthaiah and Anr.,19736,,,
2008_14_851_858_EN,2008-10-20,"S. Ramakrishna v. The State Rep. by the Public Prosecutor, High Court of A.P. Hyderabad",15306,,,
2008_14_957_960_EN,2008-10-15,State of Haryana v. Sher Singh,6209,,,
2008_14_980_987_EN,2008-10-21,Lokesh Singh v. State of U.P. & Anr.,14780,,,
2008_14_9_12_EN,2008-09-25,State of U.P. v. Mutahir Mian,6609,,,
2008_15_1020_1034_EN,2008-11-11,Shyam Babu & Ors. v. State of Haryana,29676,,,
2008_15_1035_1038_EN,2008-11-11,Mahmood Rajasa Saiyed v. State of Gujarat,6088,,,
2008_15_1039_1044_EN,2008-11-11,Gulam Mohd. @ Gulal Shaikh v. State of Gujarat,10139,,,
2008_15_1058_1061_EN,2008-11-11,State of Himachal Pradesh v. Prem Singh,6247,,,
2008_15_1062_1087_EN,2008-11-12,Deepak Bajaj v. State of Maharashtra & Anr.,44891,,,
2008_15_1088_1093_EN,2008-11-12,State of U.P. v. Ilyas,9960,,,
2008_15_1106_1107_EN,2008-11-12,S. Raghu Ramaiah v. State of Andhra Pradesh,3469,,,
2008_15_1108_1121_EN,2008-11-12,Raghbir Singh and Ors. v. State of Haryana,26981,,,
2008_15_1151_1158_EN,2008-11-14,A. Maharaja v. State of Tamil Nadu,15258,,,
2008_15_123_132_EN,2008-10-24,Somon v. State of Kerala,17205,,,
2008_15_155_169_EN,2008-11-03,Parvinderjit Singh and Anr. v. State (U.T. Chandigarh) and Anr.,26781,,,
2008_15_257_263_EN,2008-11-04,"Dadan v. State of Madhya Pradesh through Sho, Ps Satna (M.P.)",12478,,,
2008_15_279_292_EN,2008-11-04,Munna @ Pooran Yadav v. State of Madhya Pradesh,26385,,,
2008_15_297_300_EN,2008-10-16,State of M.P. v. Wazir Khan & Anr.,6970,,,
2008_15_301_304_EN,2008-10-21,"State by Inspector of Police, T. Nadu v. Rakiappan and Ors.",7421,,,
2008_15_305_306_EN,2008-10-21,State of Punjab v. Gurdip Kaur,3274,,,
2008_15_309_312_EN,2008-10-22,Sudheer Singh @ Sudheer v. State of A.P.,5850,,,
2008_15_313_318_EN,2008-10-22,State of U.P. v. Chandrapal & Anr.,11423,,,
2008_15_33_36_EN,2008-10-21,State of Goa v. Subhash Ghogle,5268,,,
2008_15_37_39_EN,2008-10-21,State of Punjab v. Avtar Singh,4077,,,
2008_15_428_435_EN,2008-11-04,State of Kerala v. Orison J Francis & Anr.,12647,,,
2008_15_452_457_EN,2008-11-05,Manjunath Ganesh Hegde & Ors. v. State of Karnataka,10456,,,
2008_15_458_467_EN,2008-11-05,Dharam Chand v. State of Punjab & Ors.,18419,,,
2008_15_468_487_EN,2008-11-05,Mohd. Azad @ Samin v. State of West Bengal,38754,,,
2008_15_46_50_EN,2008-10-22,Ramachami v. State Rep. by State Prosecutor,6636,,,
2008_15_495_498_EN,2008-11-05,State of Maharashtra v. Arjun,6951,,,
2008_15_622_625_EN,2008-11-06,Md. Shakeel v. State Police through P.S. Hanmakonda & Anr.,7401,,,
2008_15_626_641_EN,2008-11-07,"Sami Ullaha v. Superintendent, Narcotic Central Bureau",28454,,,
2008_15_725_734_EN,2008-11-07,State of M.P. v. Sughar Singh. & Ors.,19052,,,
2008_15_735_765_EN,2008-11-07,Hardeep Singh v. State of Punjab & Ors.,58913,,,
2008_15_903_906_EN,2008-11-07,State of U.P. v. Manoj Kumar Pandey,5720,,,
2008_15_907_915_EN,2008-11-07,Ratan Kumar Vishwas v. State of U.P. & Anr.,16141,,,
2008_15_916_922_EN,2008-11-07,Raghavendra Sharma v. State of M.P.,12542,,,
2008_15_923_950_EN,2008-11-07,State of Punjab v. Sukhchain Singh & Anr.,52905,,,
2008_15_951_957_EN,2008-11-07,State of Haryana v. Krishan,9875,,,
2008_16_1005_1012_EN,2008-12-02,Rajendran & Anr. v. State Asstt. Commnr. of Police Law & Order,14546,,,
2008_16_1013_1025_EN,2008-12-02,Rama Kant Verma v. State of U.P. & Ors.,24420,,,
2008_16_1078_1094_EN,2008-12-03,Rajoo & Ors. v. State of M.P,33364,,,
2008_16_1095_1102_EN,2008-12-03,Prabhu v. State of Madhya Pradesh .,13533,,,
2008_16_1179_1185_EN,2008-12-04,Kashiben Chhaganbhai Koli v. State of Gujarat,11205,,,
2008_16_131_135_EN,2008-11-18,Radhey Shyam v. State of U.P.,8004,,,
2008_16_155_235_EN,2008-11-18,Mohmed Amin @ Amin Choteli Rahim Miyan Shaikh & Anr. v. C.B.I through Its Director,161329,,,
2008_16_1_6_EN,2008-11-05,State of Punjab v. Rajinder Singh & Ors. etc.,9826,,,
2008_16_20_22_EN,2008-11-11,M/s Sri Krishna Agencies v. State of A.P. & Anr.,3111,,,
2008_16_23_27_EN,2008-11-11,State of Punjab v. Chatinder Pal Singh & Ors.,9676,,,
2008_16_258_263_EN,2008-11-18,Hanuman Prasad and Ors. v. State of Rajasthan,9251,,,
2008_16_271_282_EN,2008-11-19,Moorthy v. State of Tamil Nadu,20106,,,
2008_16_447_456_EN,2008-11-20,Baliram S/O Irrappa Kamble v. State of Maharashtra,18668,,,
2008_16_481_489_EN,2008-11-20,State of Tamil Nadu v. Karuppasamy,17751,,,
2008_16_514_522_EN,2008-11-21,Kilari Malakondiaah @ Malayadri & Ors. v. State of Andhra Pradesh,17307,,,
2008_16_523_539_EN,2008-11-21,Md. Rafique @ Chachu v. State of West Bengal,31820,,,
2008_16_560_566_EN,2008-11-25,N.H. Muhammed Afras v. State of Kerala,12503,,,
2008_16_567_582_EN,2008-11-25,A. Yadhav v. State of Karnataka,24997,,,
2008_16_614_622_EN,2008-11-25,"State Rep. by Inspector of Police, Tamil Nadu v. Rajendran & Ors.",16590,,,
2008_16_669_673_EN,2008-11-25,Manoj Ramesh Mehta v. State of Maharashtra,8590,,,
2008_16_686_692_EN,2008-11-26,Samsuddhin Sheikh v. State of Goa,13574,,,
2008_16_693_696_EN,2008-11-26,Thanga Prakash v. State of Karnataka,4867,,,
2008_16_732_734_EN,2008-11-28,Gurram Chakravarthy v. State of A.P.,5020,,,
2008_16_735_742_EN,2008-11-28,State of Tamil Nadu v. Manmatharaj,14452,,,
2008_16_750_756_EN,2008-11-28,Bhuvaneshwar Yadav v. State of Bihar and Ors.,11270,,,
2008_16_757_762_EN,2008-11-28,State of Haryana v. Surjit Singh,9999,,,
2008_16_763_765_EN,2008-11-28,Ambika Mandal v. The State of Bihar (Now Jharkhand),4163,,,
2008_16_766_768_EN,2008-11-28,Shivnath Prasad v. The State of Bihar,4251,,,
2008_16_769_779_EN,2008-11-28,Babasaheb Apparao Patil v. State of Maharashtra,21532,,,
2008_16_826_836_EN,2008-12-01,Baldev Singh v. State of Haryana,18600,,,
2008_16_83_99_EN,2008-11-17,National Small Industries Corporation Ltd. v. State (NCT of Delhi) & Ors.,31630,,,
2008_16_844_850_EN,2008-12-01,State of Orissa v. Sikhar Jena and Ors.,12326,,,
2008_16_882_889_EN,2008-12-01,Chaman & Anr. v. State of Uttaranchal,16012,,,
2008_16_890_894_EN,2008-12-01,Vijay v. State of Maharashtra,9142,,,
2008_16_990_1004_EN,2008-12-02,Indra Pal Singh v. State of U.P.,28698,,,
2008_17_1025_1037_EN,2008-12-18,Samadhan Dhudaka Koli v. State of Maharashtra,25059,,,
2008_17_1038_1045_EN,2008-12-18,Chetu & Anr. v. State of Madhya Pradesh,14874,,,
2008_17_1046_1058_EN,2008-12-18,The State of Tamil Nadu Rep. by Secretary of Government v. Subair @ Mohamed Subair and Ors.,28691,,,
2008_17_1059_1069_EN,2008-12-18,Lal Suraj @ Suraj Singh & Anr. v. State of Jharkhand,21567,,,
2008_17_1096_1111_EN,2008-12-18,State of M.P. v. Bablu Natt,30361,,,
2008_17_1127_1139_EN,2008-12-18,Nagaraja v. State of Karnataka,24705,,,
2008_17_1195_1216_EN,2008-12-18,Mohan Meakin Ltd. v. State of H.P. & Ors.,43647,,,
2008_17_1306_1312_EN,2008-12-18,State of Haryana v. Bhup Singh & Ors.,12459,,,
2008_17_1330_1347_EN,2008-12-19,Aqeel Ahmad v. State of U.P.,36300,,,
2008_17_1364_1377_EN,2008-12-19,Ramdeo Kahar & Ors. v. State of Bihar,27049,,,
2008_17_1412_1424_EN,2008-12-19,Sharon Michael and Ors. v. State of Tamil Nadu and Anr.,24735,,,
2008_17_1425_1438_EN,2008-12-19,Premkumar & Ors. v. State of Kerala,27424,,,
2008_17_1439_1453_EN,2008-12-19,Harendra Nath Chakraborty v. State of West Bengal,29079,,,
2008_17_171_175_EN,2008-12-05,Laxmanji and Anr. v. State of Gujarat,8941,,,
2008_17_176_210_EN,2008-12-08,State of Goa v. Pandurang Mohite,64532,,,
2008_17_272_278_EN,2008-12-11,Puttaswamy v. State of Karnataka & Another,11868,,,
2008_17_279_296_EN,2008-12-11,"Arun v. State by Inspector of Police, Tamil Nadu",35536,,,
2008_17_369_378_EN,2008-12-12,Vaman Narain Ghiya v. State of Rajasthan,20408,,,
2008_17_379_395_EN,2008-12-12,Tarsem Singh v. State of Punjab,33580,,,
2008_17_396_419_EN,2008-12-12,Rangaiah v. State of Karnataka,44947,,,
2008_17_420_445_EN,2008-12-12,Ravishwar Manjhi & Ors. v. State of Jharkhand,49286,,,
2008_17_475_486_EN,2008-12-12,Om Prakash v. State of U.P.,25304,,,
2008_17_561_563_EN,2008-12-15,Baikunth Singh v. State of Bihar and Ors.,5447,,,
2008_17_568_571_EN,2008-12-15,Shiv Kumar v. State of N.C.T. of Delhi,7844,,,
2008_17_588_605_EN,2008-12-16,V.Y. Jose & Anr. v. State of Gujarat & Anr.,34321,,,
2008_17_606_616_EN,2008-12-16,B. Jagdish & Anr. v. State of AP. & Anr.,20711,,,
2008_17_617_622_EN,2008-12-16,State of Orissa v. Sukru Gouda,11385,,,
2008_17_623_630_EN,2008-12-16,Yankappa and Ors. v. State of Karnataka,15408,,,
2008_17_675_685_EN,2008-12-16,Sau Kusum v. State of Maharashtra & Ors.,20489,,,
2008_17_73_84_EN,2008-12-05,Arun Bhakta @ Thulu v. State of West Bengal,21065,,,
2008_17_844_854_EN,2008-12-17,Dhariwal Tobago Products Ltd. and Others v. State of Maharashtra and Another,21079,,,
2008_1_1100_1103_EN,2008-01-22,Shaikh Rafiq & Anr. v. State of Maharashtra,6350,,,
2008_1_1141_1154_EN,2008-01-24,Vinod v. State of Haryana,26621,,,
2008_1_1212_1220_EN,2008-01-24,Suresh Nanda v. C.B.I,16262,,,
2008_1_150_156_EN,2008-01-07,Ramesh Krishna Madhusudan Nayar v. The State of Maharashtra,12349,,,
2008_1_228_242_EN,2008-01-08,Mani v. State of Tamil Nadu,32295,,,
2008_1_243_260_EN,2008-01-08,Sat Narain v. State of Haryana Th. Ministry of Home,36404,,,
2008_1_281_298_EN,2008-01-08,State of Haryana & Ors. v. Dinesh Kumar,34721,,,
2008_1_350_369_EN,2008-01-09,Kanhaiyalal v. Union of India and Ors.,39686,Kanhaiyalal v. Union of India,NDPS section 67,overruled
2008_1_413_425_EN,2008-01-09,State of M.P. and Ors. v. Madhukar Rao,25187,,,
2008_1_477_490_EN,2008-01-10,Bija & Ors. v. State of Haryana,28145,,,
2008_1_491_500_EN,2008-01-10,Puran Singh v. State of Uttaranchal,19580,,,
2008_1_547_555_EN,2008-01-11,Marimuthu & Ors. v. State of Tamil Nadu,16440,,,
2008_1_581_592_EN,2008-01-11,K.T. Palanisamy v. State of Tamil Nadu,22779,,,
2008_1_656_662_EN,2008-01-11,Benjamin v. State Rep. by Inspector of Police,12324,,,
2008_1_65_84_EN,2008-01-04,Dharam Pal and Ors. v. State of U.P.,40218,,,
2008_1_6_12_EN,2008-01-03,State of Himachal Pradesh v. Paras Ram and Ors.,13401,,,
2008_1_700_704_EN,2008-01-15,"Pogula Komuraiah v. The State of A.P. Rep. by the Public Prosecutor [Pasayat, J.]",6258,,,
2008_1_705_708_EN,2008-01-15,Vijay Shankar Shinde & Ors. v. State of Maharashtra,6258,,,
2008_1_781_786_EN,2008-01-16,Kunju @ Balachandran v. State of Tamil Nadu,11327,,,
2008_1_85_99_EN,2008-01-04,State of U.P. v. Punni and Ors.,30181,,,
2008_1_933_958_EN,2008-01-21,Vikas & Ors. v. State of Maharashtra,50799,,,
2008_1_964_975_EN,2008-01-21,Shaikh Majid and Anr. v. State of Maharashtra and Ors.,23515,,,
2008_2_101_122_EN,2008-01-28,Kashi Ram & Others v. State of Rajasthan,42895,,,
2008_2_1088_1095_EN,2008-02-15,S.K. Alagh v. State of U.P. & Ors.,15000,,,
2008_2_131_145_EN,2008-01-29,Gobarbhai Naranbhai Singala v. State of Gujarat & Ors.,29174,,,
2008_2_146_159_EN,2008-01-29,Sudesh Kumar v. State of Uttarakhand,28178,,,
2008_2_14_21_EN,2008-01-25,Sachin Jana and Anr. v. State of West Bengal,15602,,,
2008_2_216_223_EN,2008-01-30,Ran Singh and Anr. v. State of Haryana and Anr.,13476,,,
2008_2_224_231_EN,2008-01-30,Venu @ Venugopal and Ors. v. State of Karnataka,13664,,,
2008_2_271_274_EN,2008-02-01,Ashfaq Khan and Anr. v. State of U.P. and Ors.,5752,,,
2008_2_275_280_EN,2008-02-01,State of Rajasthan v. Madan Singh,11019,,,
2008_2_323_345_EN,2008-01-29,Som Mittal v. Govt. of Karnataka,44679,,,
2008_2_36_57_EN,2008-01-25,"S.K. Sinha, Chief Enforcement Officer v. Mis. Videocon International Ltd. & Ors.",44515,,,
2008_2_370_377_EN,2008-02-04,Narayan Ghosh @ Nantu etc. v. State of Orissa,16294,,,
2008_2_497_505_EN,2008-02-06,Balwant Singh and Others v. State of Punjab,16933,,,
2008_2_552_558_EN,2008-02-07,State of U.P. v. Ajai Kumar,12188,,,
2008_2_580_597_EN,2008-02-08,Raghunath Anant Govilkar v. State of Maharashtra and Ors.,36291,,,
2008_2_676_682_EN,2008-02-11,Rakesh v. State of M.P.,11696,,,
2008_2_721_723_EN,2008-02-12,State of U.P. v. Jagram & Ors.,4587,,,
2008_2_756_765_EN,2008-02-12,Balu @ Bakthvatchalu v. State of Tamil Nadu,17718,,,
2008_2_766_774_EN,2008-02-12,Badshah and Ors. v. State of U.P.,17315,,,
2008_2_787_795_EN,2008-02-12,State of M.P. and Others. v. Hazarilal,15727,,,
2008_2_840_845_EN,2008-02-13,B. Vishwanath v. State of Karnataka,10555,,,
2008_2_86_94_EN,2008-01-28,Bijoy Das v. State of West Bengal,15763,,,
2008_2_959_970_EN,2008-02-15,Sher Singh & Anr. v. State of Punjab,25831,,,
2008_2_95_100_EN,2008-01-28,Ghasita Sahu v. State of Madhya Pradesh,11441,,,
2008_3_101_129_EN,2008-02-21,Central Bureau of Investigation v. K.M. Sharan,57666,,,
2008_3_1042_1064_EN,2008-03-05,Gowrishankara Swamigalu v. State of Karnataka & Anr.,43809,,,
2008_3_130_140_EN,2008-02-21,Som Mittal v. Government of Karnataka,21863,,,
2008_3_257_273_EN,2008-02-22,Pulin Das @ Panna Koch v. State of Assam,32546,,,
2008_3_274_279_EN,2008-02-22,State of Rajasthan v. Rohitas & Ors.,9914,,,
2008_3_280_286_EN,2008-02-22,State of Rajasthan v. Rajendra Prasad Jain,12767,,,
2008_3_391_396_EN,2008-02-25,Rajesh Kumar and Anr. v. State Govt. of NCT of Delhi,9430,,,
2008_3_397_408_EN,2008-02-25,Liyakat v. State of Uttaranchal,21535,,,
2008_3_409_412_EN,2008-02-25,M/s Goyal Enterprises v. State of Jharkhand and Anr.,6700,,,
2008_3_413_430_EN,2008-02-26,J. Ramulu v. State of Andhra Pradesh,36569,,,
2008_3_44_50_EN,2008-02-19,Nivrutii Pandurang Kokate and Ors. v. State of Maharashtra,12731,,,
2008_3_490_496_EN,2008-02-27,Ramesh Kumar v. State of Haryana,12825,,,
2008_3_545_548_EN,2008-02-27,Akhilesh Kumar Singh v. State of U.P. Th. Dgc(Crl.) & Anr.,5781,,,
2008_3_558_568_EN,2008-02-27,State of West Bengal and Anr. v. Mahua Sarkar,21973,,,
2008_3_634_641_EN,2008-02-29,Bechaarbhai S. Prajapati v. State of Gujarat,16032,,,
2008_3_702_712_EN,2008-03-03,Kailash v. State of Rajasthan & Anr.,20554,,,
2008_3_713_734_EN,2008-03-03,Shantabai & Ors. v. State of Maharashtra,43271,,,
2008_3_735_751_EN,2008-03-03,Vinay D. Nagar v. State of Rajasthan,33440,,,
2008_3_75_82_EN,2008-02-20,"Shaik Nagoor v. State of A.P. Th. Pub. Prosecutor High Court of A.P., Hyderabad",13302,,,
2008_3_778_782_EN,2008-03-03,Reshma Bano v. State of Uttar Pradesh & Ors.,8657,,,
2008_3_804_811_EN,2008-03-04,Trimbak v. State of Maharashtra,15806,,,
2008_3_812_817_EN,2008-03-04,Shankar Ragho Bhagane v. State of Maharashtra,8624,,,
2008_3_818_832_EN,2008-03-04,Jyoti Prakash Rai @ Jyoti Prakash v. State of Bihar,28636,,,
2008_3_967_1005_EN,2008-03-03,State of Maharashtra & Ors. v. Bhaurao Punjabrao Gawande,80354,,,
2008_4_1051_1076_EN,2008-03-14,Bhikhubhai Vithlabhai Patel & Ors. v. State of Gujarat & Anr.,52380,,,
2008_4_1154_1191_EN,2008-03-14,"M. Balakrishna Reddy v. Director, CBI, New Delhi",72350,,,
2008_4_1208_1216_EN,2008-03-14,Paul George v. State of N.C.T. of Delhi,18332,,,
2008_4_500_522_EN,2008-03-07,Nishan Singh v. State of Punjab,42561,,,
2008_4_644_660_EN,2008-03-11,"E. Micheal Raj v. Intelligence Officer, Narcotic Control Bureau",32900,,,
2008_4_701_744_EN,2008-03-11,Divine Retreat Centre v. State of Kerala & Ors.,86957,,,
2008_4_745_747_EN,2008-03-11,Rathnaiah v. State of Karnataka,4794,,,
2008_4_783_803_EN,2008-03-12,Himanshu Singh Sabharwal v. State of M.P. and Ors.,43257,,,
2008_4_853_880_EN,2008-03-13,Karnataka State Financial Corporation v. N. Narasimahaiah and Ors.,53189,,,
2008_4_881_902_EN,2008-03-13,Dinesh Borthakur v. State of Assam,42013,,,
2008_4_903_908_EN,2008-03-13,Khilari v. State of U.P. and Anr.,9814,,,
2008_4_985_992_EN,2008-03-13,Hem Chand v. State of Jharkhand,13270,,,
2008_5_1043_1056_EN,2008-04-03,Daya Nand v. State of Haryana,27213,,,
2008_5_1200_1206_EN,2008-04-07,Sohan Raj Sharma v. State of Haryana,13290,,,
2008_5_1207_1215_EN,2008-04-07,Suresh @ Hakla v. State of Haryana,15913,,,
2008_5_1216_1234_EN,2008-04-07,Raj Kumar@ Raju v. State of Uttaranchal,37030,,,
2008_5_18_21_EN,2008-03-14,Mohinder Kaur v. State of Punjab,7551,,,
2008_5_22_36_EN,2008-03-14,Md. Kalam @ Abdul Kalam v. State of Rajasthan,29196,,,
2008_5_303_312_EN,2008-03-24,State of Maharashtra v. Madhukar Wamanrao Smarth,13434,,,
2008_5_357_366_EN,2008-03-25,Sarvsheel Mago v. State of Haryana & Ors.,19510,,,
2008_5_367_388_EN,2008-03-25,Pravin v. State of Madhya Pradesh,45398,,,
2008_5_37_41_EN,2008-03-13,Thukaram and Ors. v. State of Karnataka,8546,,,
2008_5_408_420_EN,2008-03-25,"Bavisetti Kameswara Rao @ Sabai v. The State of A.P. Rep. by Its Public Prosecutor High Court of A.P., Hyderabad",25703,,,
2008_5_478_483_EN,2008-03-25,Bharath Metha v. State by Inspector of Police Chennai,11355,,,
2008_5_484_489_EN,2008-03-25,Ram Swaroop v. State of Rajasthan,10809,,,
2008_5_500_510_EN,2008-03-26,Golla Yelugu Govindu v. State of Andhra Pradesh,21142,,,
2008_5_526_530_EN,2008-03-26,Madan Mohan Abbot v. State of Punjab,8022,,,
2008_5_531_537_EN,2008-03-27,M/s Parakh Foods Ltd. v. State of A.P. & Anr.,14518,,,
2008_5_538_546_EN,2008-03-27,Suresh Kumar v. The State of Himachal Pradesh,17093,,,
2008_5_743_763_EN,2008-03-31,Shivappa & Ors. v. State of Karnataka,41029,,,
2008_5_856_870_EN,2008-04-01,Gurcharan Singh v. Directorate of Revenue Intelligence,27250,,,
2008_5_969_987_EN,2008-04-02,Prajeet Kumar Singh v. State of Bihar,37456,,,
2008_5_988_991_EN,2008-04-01,Huchappa @ Hucharayappa and Ors. v. State of Karnataka,6290,,,
2008_6_1116_1133_EN,2008-04-28,Yogesh @ Sachin Jagdish Joshi v. State of Maharashtra,34507,,,
2008_6_1134_1148_EN,2008-04-28,Dinesh M.N. (S.P.) v. State of Gujarat,29577,,,
2008_6_1149_1161_EN,2008-04-28,Dr. Narendra K Amin v. State of Gujarat and Anr.,24966,,,
2008_6_1196_1221_EN,2008-04-29,Kesar Singh & Anr. v. State of Haryana,49232,,,
2008_6_1222_1235_EN,2008-04-29,"Viswanathan & Ors. v. State Rep. by Inspector of Police, Tamil Nadu",24890,,,
2008_6_158_199_EN,2008-04-10,Mahesh S/O.Janardhan Gonnade v. State of Maharashtra,87167,,,
2008_6_16_42_EN,2008-04-08,State of Karnataka and Ors. v. M/s Sri Chamundeswari Sugar Ltd.,53086,,,
2008_6_303_320_EN,2008-04-10,Ponnusamy v. State of Tamil Nadu,32929,,,
2008_6_361_376_EN,2008-04-11,Mahabir v. The State of Delhi,31511,,,
2008_6_747_761_EN,2008-04-21,Oma Ram v. State of Rajasthan and Ors.,28290,,,
2008_6_74_89_EN,2008-04-09,Narain Singh and Ors. v. State of Haryana,31409,,,
2008_6_790_800_EN,2008-04-22,P.D. Lakhani and Anr. v. State of Punjab and Anr.,19760,,,
2008_6_829_856_EN,2008-04-22,Bathula Nagamalleswara Rao & Ors. v. State Rep. by Public Prosecutor,58897,,,
2008_6_903_911_EN,2008-04-23,Noorjahan v. State Rep. by D.S.P.,16152,,,
2008_6_912_928_EN,2008-04-24,Anjan1 Kumar v. State of Bihar and Anr.,34005,,,
2008_6_983_998_EN,2008-04-24,"The Managing Director, State Bank of Hyderabad and Anr. v. P. Kata Rao",30861,,,
2008_7_1000_1024_EN,2008-05-07,"M. Natarajan v. State by Inspector of Police, Spe, CBI, Acb Chennai",51034,,,
2008_7_1030_1046_EN,2008-05-08,Krishnan v. State Represented by Inspector of Police,33783,,,
2008_7_1102_1110_EN,2008-05-08,Naresh Kavarchand Khatri v. State of Gujarat & Anr.,16681,,,
2008_7_189_193_EN,2008-04-29,Udaykumar Pandharinath Jadhav @ Munna v. State of Maharashtra,8181,,,
2008_7_589_630_EN,2008-05-02,Harendra Sarkar v. State of Assam,84347,,,
2008_7_704_708_EN,2008-05-05,Ram Kumar v. Central Bureau of Narcotics,8928,,,
2008_7_709_713_EN,2008-05-05,Nhaliyam Makkil Raveendran v. State of Kerala,8769,,,
2008_7_714_726_EN,2008-05-05,Ashok Kumar Chaudhary & Ors. v. State of Bihar,25946,,,
2008_7_727_733_EN,2008-05-05,Madhuban v. State of U.P.,11712,,,
2008_7_797_803_EN,2008-05-06,Lalit Kumar Sharma and Anr. v. State of U.P. & Anr.,12668,,,
2008_7_905_915_EN,2008-05-06,Kotikalapudi Subba Rao v. State of AP. & Anr.,21519,,,
2008_8_1026_1037_EN,2008-05-15,Dalbir Singh v. State of Haryana,22657,,,
2008_8_1048_1059_EN,2008-05-16,Latu Mahto & Anr. v. The State of Bihar (Now Jharkhand),21229,,,
2008_8_1060_1071_EN,2008-05-16,Venkatesan v. State of Tamil Nadu,23602,,,
2008_8_1072_1098_EN,2008-05-16,Mohan Anna Chavan v. State of Maharashtra,53589,,,
2008_8_1167_1181_EN,2008-05-16,State of Karnataka v. Chikkahottappa @ Varade Gowda & Ors.,29869,,,
2008_8_1191_1200_EN,2008-05-16,Paresh P. Rajda v. State of Maharashtra & Anr.,19137,,,
2008_8_201_212_EN,2008-05-12,M/s. Seema Silk & Sarees & Anr. v. Directorate of Enforcement & Ors.,22800,,,
2008_8_213_219_EN,2008-05-12,Rahimbux v. State of M.P.,13092,,,
2008_8_220_236_EN,2008-05-12,Sidhartha Vashisht @ Manu Sharma v. State (NCT of Delhi),32965,,,
2008_8_38_46_EN,2008-05-08,State of Rajasthan v. Udai Lal,18566,,,
2008_8_391_402_EN,2008-05-13,Fatma Bibi Ahmed Patel v. State. of Gujarat & Anr.,20749,,,
2008_8_403_421_EN,2008-05-13,Narayanamurthy v. State of Karnataka and Anr.,39001,,,
2008_8_422_429_EN,2008-05-13,Siriya@ Shri Lal v. State of Madhya Pradesh,16112,,,
2008_8_444_452_EN,2008-05-13,B. Nagabhushanam v. State of Karnataka,16901,,,
2008_8_453_463_EN,2008-05-13,Tulsiram & Ors. v. State of M.P.,21881,,,
2008_8_47_50_EN,2008-05-09,Girish Singh v. State of Uttaranchal,5777,,,
2008_8_574_590_EN,2008-05-13,State of Punjab v. Prem Sagar & Ors.,29389,,,
2008_8_709_718_EN,2008-05-14,Bhupendra v. State of Maharashtra & Anr.,19793,,,
2008_8_843_866_EN,2008-05-14,Shaukat Hussain Guru v. State (Nct) Delhi & Anr.,49782,,,
2008_8_89_98_EN,2008-05-09,State of Meghalaya & Ors. v. Mecken Singh N.Marak,22103,,,
2008_8_941_945_EN,2008-05-15,K. Chithhayan v. State of Tamil Nadu,9102,,,
2008_8_956_961_EN,2008-05-15,Amol Singh v. State of M.P.,10196,,,
2008_8_962_972_EN,2008-05-15,Panneerselvam v. State of Tamil Nadu,19969,,,
2008_9_1114_1125_EN,2008-06-11,Hardeep Singh & Ors. v. State of Haryana,23773,,,
2008_9_1158_1162_EN,2008-06-13,Md. Kalam v. The State of Bihar,7949,,,
2008_9_1163_1170_EN,2008-06-13,Shri Shankar Prasad Ghosh (Dead) v. The State of Bihar & Anr.,13622,,,
2008_9_1171_1177_EN,2008-06-13,Hemchand Jha v. State of Bihar,12811,,,
2008_9_1186_1189_EN,2008-06-13,Nehru @ Jawahar v. State of Chhattisgarh,7353,,,
2008_9_1190_1197_EN,2008-06-13,Katta Surendera v. State of A.P.,14546,,,
2008_9_1_45_EN,2008-05-16,Bhanwar Singh & Ors. v. State of M.P.,89351,,,
2008_9_46_63_EN,2008-05-16,S. Mohan v. Central Bureau of Investigation,37384,,,
2008_9_64_73_EN,2008-05-16,Sayeeda Farhana Shamim v. State of Bihar & Anr.,18767,,,
2008_9_923_936_EN,2008-05-27,Dilbagh Singh v. State of Punjab,29752,,,
2008_9_943_974_EN,2008-05-27,Dr. Monica Kumar & Anr. v. State of U. P. & Ors.,64368,,,
2009_10_112_123_EN,2009-05-26,Sanichar Sahni v. The State of Bihar,22778,,,
2009_10_1157_1162_EN,2009-07-21,Jai Kumar v. State of Haryana,9855,,,
2009_10_1163_1175_EN,2009-07-21,Ramesh Duti & Ors. v. State of Punjab & Ors.,21808,,,
2009_10_143_154_EN,2009-05-29,State of H.P . v. Suresh Kumar @ Dc,22542,,,
2009_10_155_166_EN,2009-06-17,Ongole Ravikanth v. State of A.P.,22561,,,
2009_10_167_184_EN,2009-07-06,Jagriti Devi v. State of H.P.,33624,,,
2009_10_185_195_EN,2009-07-06,State of U.P. v. Nandu Vishwakarma & Ors.,20886,,,
2009_10_196_215_EN,2009-07-07,Mallappa Siddappa Alakanur & Ors. v. State of Karnataka,38761,,,
2009_10_237_247_EN,2009-07-07,State of U.P. v. Sahrunissa & Anr.,21785,,,
2009_10_248_263_EN,2009-07-07,Rajinder @ Raju v. State of H.P.,27432,,,
2009_10_272_297_EN,2009-07-07,"Jeewan Kumar Raut & Anr. v. Central Bureau of Investigation,",44844,,,
2009_10_298_310_EN,2009-07-07,Balbir Kaur v. State of Punjab,24753,,,
2009_10_311_321_EN,2009-07-07,Jaswinder Singh v. State of Punjab,21497,,,
2009_10_322_337_EN,2009-07-07,Abid v. State of U. P.,27843,,,
2009_10_574_583_EN,2009-07-15,Subodh Kumar Yadav v. State of Bihar & Anr.,20016,,,
2009_10_704_713_EN,2009-07-06,Ramvir & Ors. v. State of U.P.,18393,,,
2009_10_978_994_EN,2009-07-10,Savitri Agarwal & Ors. v. State of Maharashtra & Anr.,32295,,,
2009_11_1015_1025_EN,2009-07-29,Harbhajan Singh and Anr. v. State of Punjab and Anr.,20698,,,
2009_11_1188_1198_EN,2009-07-30,Mohammad Yasin v. State (N.C.T. of Delhi) and Ors.,19404,,,
2009_11_367_377_EN,2009-07-27,Ramesh v. State of Karnataka,21707,,,
2009_11_442_448_EN,2009-07-27,D. Ramakrishnan v. Intelligence Officer Narcotic Control Bureau,11798,,,
2009_11_470_497_EN,2009-07-29,Karnail Singh v. State of Haryana,53861,,,
2009_11_498_512_EN,2009-07-29,Kamalavva & Anr. v. State of Karnataka,27949,,,
2009_11_49_64_EN,2009-07-15,Raj Kumar v. State of Maharashtra,31770,,,
2009_11_513_522_EN,2009-07-29,State of Maharashtra v. Dnyaneshwar Laxman Rao Wankhede,18867,,,
2009_11_636_659_EN,2009-07-23,Pantangi Balarama Venkata Ganesh v. State of AP.,43058,,,
2009_11_660_675_EN,2009-07-24,Undavali Narayana Rao v. State of A.P.,30121,,,
2009_11_761_767_EN,2009-07-31,"Guria, Swayam Sevi Sansthan v. State of U.P. and Ors.",12407,,,
2009_11_790_802_EN,2009-07-31,State of Punjab & Anr. v. Mohammed Iqbal Bhatti,23460,,,
2009_11_996_1014_EN,2009-07-29,Sukanti Moharana v. State of Orissa,31753,,,
2009_12_1048_1092_EN,2009-08-04,State of Madhya Pradesh v. Sheetla Sahai & Ors.,82026,,,
2009_12_1093_1185_EN,2009-08-06,Mohd. Farooq Abdul Gafur and Another v. State of Maharashtra,177339,,,
2009_12_214_218_EN,2009-07-31,State of Madhya Pradesh v. Jiyalal,8560,,,
2009_12_252_267_EN,2009-07-31,"Padmanaban v. State by Inspector of Police, Tamil Nadu",27536,,,
2009_12_275_288_EN,2009-08-04,State of Maharashtra v. Sayed Mohammed Masood and Anr.,24091,,,
2009_12_289_300_EN,2009-08-04,State of Andhra Pradesh v. S. Swarnalatha & Ors.,20531,,,
2009_12_308_314_EN,2009-08-04,Shree Baidyanath Ayurved Bhawan Pvt. Ltd. v. State of Punjab & Ors.,11547,,,
2009_12_326_330_EN,2009-08-04,Shree Baidyanath Ayurved Bhawan Pvt. Ltd. v. State of Punjab & Ors.,8636,,,
2009_12_494_508_EN,2009-08-04,Sri Yerneni Raja Ramchander @ Rajababu v. State of AP. & Ors.,25882,,,
2009_12_611_630_EN,2009-08-07,Sarju@ Ramu v. State of U.P.,37309,,,
2009_12_682_752_EN,2009-08-07,Sudhir Shantilal Mehta v. C.B.I.,133724,,,
2009_12_753_761_EN,2009-08-07,Mani Ben v. State of Gujarat,17670,,,
2009_12_762_860_EN,2009-08-07,R. Venkatakrishnan v. Central Bureau of Investigation,177119,,,
2009_12_861_928_EN,2009-08-07,Bhavesh Jayanti Lakhani v. State of Maharashtra & Ors.,120462,,,
2009_13_1063_1072_EN,2009-09-01,Ranvir Singh v. State of Haryana & Anr.,17961,,,
2009_13_1082_1100_EN,2009-09-01,Sushil Kumar v. State of Punjab,36110,,,
2009_13_1116_1138_EN,2009-09-01,"Dhanapal v. State by Public Prosecutor, Madras",41983,,,
2009_13_1155_1172_EN,2009-09-02,Babubhai Jamnadas Patel v. State Od Gujarat & Ors.,36267,,,
2009_13_1182_1208_EN,2009-09-02,Chikkarangaiah & Ors. v. State of Karnataka,51688,,,
2009_13_1254_1270_EN,2009-09-04,Md. Ibrahim & Ors. v. State of Bihar & Anr.,30739,,,
2009_13_212_229_EN,2009-08-10,Bheru Lal & Ors. v. State of Rajasthan,35462,,,
2009_13_230_244_EN,2009-08-10,Chitresh Kumar Chopra v. State (Govt. of NCT of Delhi),27222,,,
2009_13_276_285_EN,2009-08-13,Reeta Nag v. State of West Bengal & Ors.,17889,,,
2009_13_348_358_EN,2009-08-17,State of U.P. & Anr. v. Man Mohan Nath Sinha & Anr.,20586,,,
2009_13_367_377_EN,2009-08-17,Pan Nayar v. State of Tamil Nadu by Inspector of Police,21525,,,
2009_13_378_390_EN,2009-08-18,Murli and Anr. v. State of Rajasthan,27189,,,
2009_13_540_547_EN,2009-08-24,V. Kannan v. State Rep. by Inspector of Police,15618,,,
2009_13_548_561_EN,2009-08-25,Gurmukh Singh v. State of Haryana,24681,,,
2009_13_562_572_EN,2009-08-25,Ramesh and Anr. v. State of U.P.,20259,,,
2009_13_589_608_EN,2009-08-26,State of Rajasthan v. Naresh @ Ram Naresh,36211,,,
2009_13_609_621_EN,2009-08-11,State of Punjab v. Rajinder Singh,23561,,,
2009_13_774_791_EN,2009-08-26,Jarnail Singh & Ors. v. State of Punjab,33634,,,
2009_13_847_871_EN,2009-08-27,Haru Ghosh v. State of West Bengal,47856,,,
2009_13_922_936_EN,2009-08-28,Mahesh Chand Sharma v. State of U.P. & Ors.,25805,,,
2009_14_1023_1038_EN,2009-10-05,Arun Kumar Sharma v. State of Bihar,32304,,,
2009_14_1039_1045_EN,2009-10-06,Umapada Kayal v. State of West Bengal,11962,,,
2009_14_1046_1050_EN,2009-10-06,Parshotam Lal & Another v. State of Punjab,8785,,,
2009_14_106_124_EN,2009-09-03,State of U. P. v. Santosh Kumar,34858,,,
2009_14_1081_1110_EN,2009-10-07,Arulvelu and Another v. State Represented by the Public Prosecutor and Another,52663,,,
2009_14_1126_1128_EN,2009-10-07,Ram Sunder Mahto and Ors. v. State of Bihar,5283,,,
2009_14_1129_1136_EN,2009-10-07,Dalel Singh v. State of Haryana,14670,,,
2009_14_1152_1161_EN,2009-10-08,Mankamma v. State of Kerala,19771,,,
2009_14_195_198_EN,2009-09-08,Hazari Lal Das v. State of West Bengal & Anr.,6689,,,
2009_14_1_9_EN,2009-08-19,Gamini Bala Koteswara Rao & Ors. v. State of AP. Thr. Secretary,17406,,,
2009_14_289_294_EN,2009-08-25,Om Prakash @ Baba v. State of Rajasthan,8429,,,
2009_14_306_309_EN,2009-09-09,Balwantbhai B. Patel v. State of Gujarat & Ors.,5877,,,
2009_14_385_398_EN,2009-09-11,State through Central Bureau of Investigation v. Parmeshwaran Subramani and Anr.,24917,,,
2009_14_464_495_EN,2009-09-14,Satish Narayan Sawant v. State of Goa,64126,,,
2009_14_575_593_EN,2009-09-16,Kedar Narayan Parida and Ors. v. State of Orissa and Anr.,39037,,,
2009_14_727_754_EN,2009-09-18,Jag Dish v. State of M.P.,53609,,,
2009_14_755_776_EN,2009-09-18,Raj Narain Singh v. State of U.P. & Ors.,40847,,,
2009_14_80_85_EN,2009-08-26,Tameezuddin @ Tammu v. State of (Nct) of Delhi,11872,,,
2009_14_810_814_EN,2009-09-18,Ashok Singh v. State of U.P.,9285,,,
2009_15_1038_1043_EN,2009-11-19,Redaul Hussain Khan v. National Investigation Agency,9573,,,
2009_15_1044_1062_EN,2009-11-19,"The State Rep. by CBI, Hyderabad v. G. Prem Raj",41231,,,
2009_15_1105_1112_EN,2009-11-24,Atul Manubhai Parekh v. Central Bureau of Investigation,17349,,,
2009_15_1147_1153_EN,2009-11-12,R.P. Tyagi v. State (Govt. of NCT of Delhi),12378,,,
2009_15_1207_1217_EN,2009-12-01,Wahid Khan v. State of Madhya Pradesh,20522,,,
2009_15_1252_1259_EN,2009-12-01,Sukhdeep Singh @ Deep Singh v. State of Uttar Pradesh & Anr.,15143,,,
2009_15_1270_1275_EN,2009-12-02,Neelam Bahal & Anr. v. State of Uttarakhand,11505,,,
2009_15_140_146_EN,2009-10-09,Sohan Singh & Anr. v. State of Bihar,12936,,,
2009_15_385_412_EN,2009-10-22,Alagarsamy and Ors. v. State Represented by Dy. Superintendent of Police,55828,,,
2009_15_430_449_EN,2009-10-26,Parminder Kaur v. State of U.P.,39001,,,
2009_15_495_503_EN,2009-10-28,Prabir Mondal and Anr. v. State of West Bengal,17831,,,
2009_15_58_102_EN,2009-10-08,Pandurang Chandrakant Mhatre & Ors. v. State of Maharashtra,85283,,,
2009_15_609_615_EN,2009-11-06,Naimuddin v. State of West Bengal,11918,,,
2009_15_712_721_EN,2009-11-06,Jameel v. State of U.P.,19504,,,
2009_15_722_735_EN,2009-11-06,Rasiklal Dalpatram Thakkar v. State of Gujarat and Ors.,30915,,,
2009_15_789_799_EN,2009-11-10,Gajula Surya Prakasarao v. State of Andhra Pradesh,24322,,,
2009_15_836_850_EN,2009-11-11,Amalendu Pal @ Jhantu v. State of West Bengal,31355,,,
2009_15_927_932_EN,2009-11-13,Pashaura Singh v. State of Punjab & Anr.,12211,,,
2009_15_947_959_EN,2009-11-17,Ram Bharosey v. State of U.P.,27127,,,
2009_15_994_1001_EN,2009-11-17,. Sau Panchashlla Dada Messhram v. State of Maharashtra,16881,,,
2009_16_126_141_EN,2009-12-03,Bhagwati Prasad v. State of M.P.,30771,,,
2009_16_154_189_EN,2009-12-04,State of U.P. v. Ram Sajivan & Ors.,66830,,,
2009_16_203_215_EN,2009-12-04,Sunil v. State of Haryana,23382,,,
2009_16_237_248_EN,2009-12-07,Kamal Nayan Mishra v. State of M.P. & Ors.,23464,,,
2009_16_322_361_EN,2009-12-10,Dilip Premnarayan Tiwari and Anr. v. State of Maharashtra,81526,,,
2009_16_367_380_EN,2009-12-10,Ramraj @ Nanhoo @ Bihnu v. State of Chhatiisgarh,28092,,,
2009_16_433_440_EN,2009-12-15,Ravindra Saxena v. State of Rajasthan,13339,,,
2009_16_441_455_EN,2009-12-15,Sharda v. State of Rajasthan,27047,,,
2009_16_522_525_EN,2009-11-19,Md. Monir Alam v. State of Bihar,6431,,,
2009_1_1058_1063_EN,2009-02-09,Anilari v. State of West Bengal,9427,,,
2009_1_1086_1088_EN,2009-02-09,Dhuk Singh v. State of Rajasthan & Anr.,4373,,,
2009_1_108_124_EN,2009-01-09,Rajender Singh & Anr. v. State of Haryana,33304,,,
2009_1_1142_1149_EN,2009-02-09,Komal v. State of M.P.,14945,,,
2009_1_132_137_EN,2009-01-12,State of H.P. v. Ram Krishan,11109,,,
2009_1_166_177_EN,2009-01-12,Hamidbhai Azambhai Malik v. State of Gujarat,22081,,,
2009_1_178_183_EN,2009-01-12,Buddu Khan v. State of Utiarakhand,11165,,,
2009_1_184_189_EN,2009-01-12,Ramjit and Ors. v. State of U.P.,9981,,,
2009_1_311_323_EN,2009-01-15,Jarnail Singh v. State of Punjab,25090,,,
2009_1_324_330_EN,2009-01-16,Hawa Singh and Anr. v. State of Haryana,12261,,,
2009_1_336_347_EN,2009-01-16,Raj Nath v. State of U.P.,22018,,,
2009_1_348_358_EN,2009-01-16,Laxminath v. State of Chhattisgarh,19616,,,
2009_1_359_360_EN,2009-01-16,Suzanne Louise Martin v. State of Rajasthan & Anr.,3412,,,
2009_1_361_372_EN,2009-01-20,Mukhtiar Singh & Anr. v. State of Punjab,22918,,,
2009_1_37_55_EN,2009-01-07,Prem Kanwar v. State of Rajasthan,33832,,,
2009_1_386_392_EN,2009-01-20,Daya Shankar v. State of M.P.,12851,,,
2009_1_393_399_EN,2009-01-20,Munnilal S/O Gokul Teli v. State of M.P.,11534,,,
2009_1_400_406_EN,2009-01-20,Baskar @ Kannan v. State of Tamil Nadu,12005,,,
2009_1_407_412_EN,2009-01-20,Jagebar Ali @ Settu v. State of Tamil Nadu,10893,,,
2009_1_431_441_EN,2009-01-21,Satvir v. State of Uttar Pradesh,19343,,,
2009_1_442_449_EN,2009-01-21,Shiva Karam Payaswami Tewari v. State of Maharashtra,15350,,,
2009_1_450_457_EN,2009-01-21,State of Maharashtra v. Prakash Sakha Vasave and Ors.,13951,,,
2009_1_458_468_EN,2009-01-21,Ranveer Singh v. State of M.P.,19798,,,
2009_1_480_491_EN,2009-01-23,Shri Rajendra Ramchandra Kavalekar v. State of Maharashtra & Anr.,22347,,,
2009_1_498_503_EN,2009-01-23,Mohan Chand v. State of Uttarakhand,10431,,,
2009_1_509_516_EN,2009-01-23,Eerati Laxman v. State of A.P.,14370,,,
2009_1_517_529_EN,2009-01-23,Vakil Prasad Singh v. State of Bihar,26001,,,
2009_1_530_532_EN,2009-01-23,Rajesh v. State of Rajasthan and Anr.,3315,,,
2009_1_543_548_EN,2009-01-23,Khilari v. State of U.P. & Ors.,9254,,,
2009_1_56_69_EN,2009-01-07,Deen Dayal & Ors. v. State of U.P.,27767,,,
2009_1_643_648_EN,2009-01-27,Surain Singh v. State of Punjab,10622,,,
2009_1_672_679_EN,2009-01-28,Kishangiri Mangalgiri Goswami v. State of Gujarat,13665,,,
2009_1_680_688_EN,2009-01-28,Vaarikuppal Srinivas v. State of A.P.,14480,,,
2009_1_70_74_EN,2009-01-07,Neku Khan & Ors. v. State of Rajasthan,9182,,,
2009_1_726_730_EN,2009-02-03,Ashok Kumar v. State of U.P. and Anr.,8295,,,
2009_1_806_817_EN,2009-02-02,State of M.P. v. Kashiram & Ors.,22493,,,
2009_1_818_823_EN,2009-02-03,State of M.P. v. Ramesh @ Chhinge & Ors.,10976,,,
2009_1_824_835_EN,2009-02-03,Dalbir Singh v. State of U.P. and Ors.,22899,,,
2009_1_842_858_EN,2009-02-03,"Jitendra Panchal v. Intelligence Officer, NCB & Anr.",34100,,,
2009_1_859_867_EN,2009-02-05,Masood Ali Khan v. State of U.P. and Ors.,14334,,,
2009_1_868_871_EN,2009-02-05,K. Sudhakaran v. State of Kerala,6910,,,
2009_1_87_98_EN,2009-01-07,Brindaban Das and Ors. v. State of West Bengal,22376,,,
2009_1_883_890_EN,2009-02-03,Mohabbat and Ors. v. State of M.P.,15295,,,
2009_1_891_895_EN,2009-02-03,State of Punjab v. Ginder Singh,9085,,,
2009_1_941_952_EN,2009-02-06,Angana & Anr. v. State of Rajasthan,22251,,,
2009_1_953_956_EN,2009-02-06,Shaikh Karimullah @ Babu and Ors. v. State of A.P.,7559,,,
2009_1_968_978_EN,2009-02-06,Zindar Ali Sk v. State of West Bengal & Anr.,22016,,,
2009_1_983_991_EN,2009-02-06,Arjun Singh v. State of H.P.,16819,,,
2009_1_99_107_EN,2009-01-07,Choudhury Parveen Sultana v. State of West Bengal and Anr.,17053,,,
2009_2_1014_1020_EN,2009-02-23,State of Rajasthan v. Hanif Khan & Anr.,12348,,,
2009_2_1021_1032_EN,2009-02-24,"C.M. Girish Babu v. C.B.I. Cochin, High Court of Kerala",21955,,,
2009_2_1033_1059_EN,2009-02-24,Mahendra Pratap Singh v. State of U.P.,55431,,,
2009_2_1060_1070_EN,2009-02-23,"Syed Hakkim and Anr. v. State Rep. by Dy. Superintendent of Police, Karur District, Tamil Nadu",20208,,,
2009_2_1175_1199_EN,2009-02-25,State of U.P. v. Dinesh,48660,,,
2009_2_1200_1209_EN,2009-02-25,Narayan v. State of Rajasthan,16862,,,
2009_2_1210_1219_EN,2009-02-25,Mani @ Udattu Man & Ors. v. State Rep. by Inspector of Police,19003,,,
2009_2_17_23_EN,2009-02-11,State of U.P. v. Gajadhar Singh and Ors.,13092,,,
2009_2_234_255_EN,2009-02-12,U.P. State Road Transport Corporation v. Assistant Comnr. of Police (Traffic) Delhi,43832,,,
2009_2_24_38_EN,2009-02-12,State of U.P. v. Sukhpal Singh & Others,27590,,,
2009_2_291_298_EN,2009-02-13,Ram Pal Singh & Ors. v. State of U.P. & Anr.,15052,,,
2009_2_308_319_EN,2009-02-12,S.P. Devaraju v. State of Karnataka,22481,,,
2009_2_343_350_EN,2009-02-12,State of U.P. v. Sheo Lal & Ors.,15576,,,
2009_2_369_381_EN,2009-02-12,Ram Naresh Prasad v. State of Jharkhand & Ors.,23816,,,
2009_2_382_393_EN,2009-02-12,Ashabai Machindra Adhagale v. State of Maharashtra and Ors.,23108,,,
2009_2_39_47_EN,2009-02-12,Milind Bhagwanrao Goose v. State of Maharashtra & Another,17340,,,
2009_2_400_411_EN,2009-02-12,State of Punjab & Ors. v. Inder Mohan Chopra & Ors.,22338,,,
2009_2_412_422_EN,2009-02-12,Santokh Singh v. State of Punjab,21078,,,
2009_2_423_429_EN,2009-02-13,Gopal v. State of Rajasthan,13407,,,
2009_2_430_435_EN,2009-02-13,State of M.P. v. Abdul Kadir & Anr.,10482,,,
2009_2_470_489_EN,2009-02-16,State of Punjab v. Hari Singh & Ors.,37760,,,
2009_2_623_629_EN,2009-02-18,Renuka v. State of Karnataka & Anr.,12960,,,
2009_2_744_749_EN,2009-02-18,Shekara v. State of Karnataka,9555,,,
2009_2_750_755_EN,2009-02-18,Bhola@ Paras Ram v. State of H.P.,11586,,,
2009_2_756_764_EN,2009-02-18,Chhotanney & Ors. v. State of Uttar Pradesh & Ors.,16782,,,
2009_2_765_770_EN,2009-02-18,Prithu @ Prithi Chand and Anr. v. State of H.P.,11727,,,
2009_2_775_782_EN,2009-02-20,Anand Kumar v. State of M.P.,15566,,,
2009_2_783_794_EN,2009-02-19,Raju v. The State by Inspector of Police,21091,,,
2009_2_806_813_EN,2009-02-20,Munish Bhasin & Ors. v. State (Govt. of N.C.T. of Delhi) & Anr.,15450,,,
2009_2_998_1013_EN,2009-02-24,State of U.P v. Gajey Singh & Anr.,29316,,,
2009_3_1005_1016_EN,2009-03-03,Mahesh Choudhary v. State of Rajasthan & Anr.,20268,,,
2009_3_1017_1039_EN,2009-03-03,Syed Askari Hadi Ali Augustine Imam & Anr. v. State (Delhi Admn.) & Anr.,42089,,,
2009_3_1158_1161_EN,2009-03-05,Jitu @ Jitender v. State of M.P.,6350,,,
2009_3_1162_1165_EN,2009-03-05,Rameshwar Prasad v. State of Rajasthan,5630,,,
2009_3_1166_1174_EN,2009-03-05,Satish Ambanna Bansode v. State of Maharashtra,16303,,,
2009_3_1175_1180_EN,2009-03-05,State of Punjab v. Madan Lal,9800,,,
2009_3_1190_1194_EN,2009-03-06,Rakesh Kumar v. State of Haryana,8064,,,
2009_3_1195_1202_EN,2009-03-06,State of Punjab v. Gurnam Kaur and Ors.,14560,,,
2009_3_143_150_EN,2009-02-11,State of Maharashtra etc. v. Dhanendra Shriram Bhurle etc.,13112,,,
2009_3_151_160_EN,2009-02-11,"M. Gopalakrishnan v. State by Addl. S.P. CBI, B.S. & F.C., Bangalore",17538,,,
2009_3_161_164_EN,2009-02-11,State of Karnataka v. Ningappa @ Bhyrappa @ Ningegowda & Anr.,6012,,,
2009_3_165_172_EN,2009-02-11,State (Govt. of NCT of Delhi) v. D. A. M. Prabhu and Anr.,13578,,,
2009_3_173_178_EN,2009-02-11,State of Punjab v. Pritam Chand and Ors.,7898,,,
2009_3_187_196_EN,2009-02-11,Kalawati W/O Devaji Dhote v. State of Maharashtra,14321,,,
2009_3_197_199_EN,2009-02-11,Chinnaponnu v. State of Tamil Nadu,3468,,,
2009_3_200_208_EN,2009-02-11,Jayaseelan v. State of Tamil Nadu,16089,,,
2009_3_326_335_EN,2009-02-19,Sundar Babu and Anr. v. State of Tamil Nadu,17390,,,
2009_3_338_347_EN,2009-02-25,Mani@ Udattu Man & Ors. v. State Rep. by Inspector of Police,18837,,,
2009_3_348_354_EN,2009-02-25,Amin Khan v. State of Rajasthan and Ors.,11477,,,
2009_3_406_427_EN,2009-02-25,Satbir Singh & Ors. v. State of U.P.,36441,,,
2009_3_444_450_EN,2009-02-25,Vishal Singh v. State of Rajasthan,11782,,,
2009_3_468_493_EN,2009-02-26,Pawan v. State of Uttaranchal,48229,,,
2009_3_526_531_EN,2009-02-27,Rangnath Shamao Dhas & Ors. v. State of Maharashtra,9993,,,
2009_3_532_541_EN,2009-02-27,Vithal Eknath Adlinge v. State of Maharashtra,17116,,,
2009_3_542_546_EN,2009-02-27,State of Punjab v. Mohinder Singh & Ors.,9325,,,
2009_3_547_554_EN,2009-02-27,Suresh v. State of Haryana,9725,,,
2009_3_559_562_EN,2009-02-23,Shiv Kumar Mishra v. State of Goa through Home Secretary,6628,,,
2009_3_643_667_EN,2009-02-27,State of U.P. v. Sattan @ Satyendra & Ors.,46063,,,
2009_3_714_721_EN,2009-02-27,Joginder Singh v. State of Punjab,14450,,,
2009_3_735_839_EN,2009-02-27,Central Bank of India v. State of Kerala and Ors.,211528,,,
2009_3_906_914_EN,2009-03-03,Jagan Shravan Patil & Anr. v. State of Maharashtra,15894,,,
2009_3_915_930_EN,2009-03-03,Y. Venkaiah v. State of A.P.,29794,,,
2009_3_935_939_EN,2009-03-03,State of M.P. v. Dhara Singh & Anr.,8421,,,
2009_3_940_943_EN,2009-03-03,State of NCT of Delhi v. Ashif Khan @ Kalu,5820,,,
2009_3_944_954_EN,2009-03-03,Riyojoddin Rafiyoddin Shaik v. State of Maharashtra Rep. by Public Prosecutor,17966,,,
2009_3_981_989_EN,2009-03-03,Ramathal & Ors. v. Inspector of Police & Anr.,15733,,,
2009_3_990_997_EN,2009-03-03,I. Glaskasden Grace & Ors. v. Inspector of Police & Anr.,14493,,,
2009_3_998_1004_EN,2009-03-03,Fida Hussain Bohra v. The State of Maharashtra,12219,,,
2009_4_1012_1026_EN,2009-03-23,Hari v. State of Maharashtra,28822,,,
2009_4_1147_1152_EN,2009-03-25,Rajesh Pandey v. State of U.P.,10664,,,
2009_4_118_133_EN,2009-03-06,"Inspector of Customs, Akhnoor J & K v. Yash Pal and Anr.",29348,,,
2009_4_1213_1218_EN,2009-03-27,Gopal v. State of M.P.,9805,,,
2009_4_12_31_EN,2009-03-06,Mohd. Asif v. State of Uttaranchal,35146,,,
2009_4_1_11_EN,2009-03-06,Izharul Haq Abdul Hamid Shaikh & Anr. v. State of Gujarat,22113,,,
2009_4_275_282_EN,2009-03-16,Chimanbhai Jagabhai Patel v. State of Gujarat & Anr.,14819,,,
2009_4_283_286_EN,2009-03-16,Heeralal v. State of M.P.,5959,,,
2009_4_289_304_EN,2009-03-16,Arun v. State of Maharashtra,30970,,,
2009_4_389_399_EN,2009-03-16,Siyaram and Ors. v. State of M.P,20857,,,
2009_4_400_414_EN,2009-03-16,State of Karnataka v. Muralidhar,27395,,,
2009_4_457_466_EN,2009-03-17,Krishna Ram v. State of Rajasthan,20554,,,
2009_4_49_66_EN,2009-03-06,State of Maharashtra v. Mangi Lal,35620,,,
2009_4_501_504_EN,2009-03-05,Madan Lal and Anr. v. State of U.P.,5819,,,
2009_4_515_540_EN,2009-03-18,Ajoy Kumar Ghose v. State of Jharkhand & Anr.,52031,,,
2009_4_67_74_EN,2009-03-06,State of A.P. v. M. Radha Krishna Murthy,14467,,,
2009_4_75_82_EN,2009-03-06,Jagjit Singh v. State of Punjab,14465,,,
2009_4_782_785_EN,2009-03-20,Shabbir Ahmed Sherkhan v. State of Maharashtra,5996,,,
2009_4_83_107_EN,2009-03-06,Santosh Devidas Behade and Ors. v. State of Maharashtra,49634,,,
2009_4_956_975_EN,2009-03-23,Abdulwahab Abdulmajid Baloch v. State of Gujarat,34643,,,
2009_4_992_1011_EN,2009-03-23,Jaishree Anant Khandekar v. State of Maharashtra,36020,,,
2009_5_1038_1048_EN,2009-04-15,State of Madhya Pradesh v. Sheikh Shahid,20963,,,
2009_5_1070_1079_EN,2009-04-15,State of A.P. v. Aravapally Venkanna & Anr.,17754,,,
2009_5_1139_1141_EN,2009-04-15,State of U.P. v. Subhash Kumar Singh Tomar,5022,,,
2009_5_1142_1152_EN,2009-04-15,Suhelkhan Khudyarkhan & Anr. v. State of Maharashtra & Ors.,19363,,,
2009_5_1153_1158_EN,2009-04-15,Suresh Chandra Sharma v. State of M.P.,9852,,,
2009_5_1159_1178_EN,2009-04-15,V.V.S Rama Sharma & Ors. v. State of U.P. & Ors.,35108,,,
2009_5_188_194_EN,2009-03-31,"Sanjay Dutt v. State of Maharashtra Tr. CBI, Bombay",12930,,,
2009_5_195_204_EN,2009-03-31,Onkar Lal v. State of Madhya Pradesh,17110,,,
2009_5_1_7_EN,2009-03-03,State of Rajasthan v. Bhanwar Lal & Anr.,11149,,,
2009_5_230_241_EN,2009-03-31,Pappu @ Hari Om v. State of Madhya Pradesh,21341,,,
2009_5_242_255_EN,2009-03-31,Balkar Singh v. State of Utiarakhand,24934,,,
2009_5_256_285_EN,2009-03-31,Bhaskar Ramappa Madar and Ors. v. State of Karnataka,56612,,,
2009_5_286_296_EN,2009-03-31,Hanumantappa Bhimappa Dalavai & Anr. v. State of Karnataka,21157,,,
2009_5_297_302_EN,2009-03-31,Pradeep Kumar v. State of Haryana,9358,,,
2009_5_303_305_EN,2009-03-03,State of Rajasthan v. Manoj Sharma and Anr.,4737,,,
2009_5_306_308_EN,2009-03-04,State of Rajasthan v. Ashfaq Ahmed,4975,,,
2009_5_309_314_EN,2009-03-04,Sripathi & Ors. v. State of Karnataka,9682,,,
2009_5_331_332_EN,2009-03-27,Kaliben Rabari v. State of Gujarat & Ors.,2702,,,
2009_5_333_343_EN,2009-03-31,Krishna Ghosh v. State of West Bengal,19183,,,
2009_5_344_350_EN,2009-03-31,Sadhu Singh v. State of Punjab,11603,,,
2009_5_351_361_EN,2009-03-31,Chaman Lal & Ors. v. State of Punjab & Anr.,20529,,,
2009_5_422_436_EN,2009-04-01,Razak Jinnesab Karajagi & Ors. v. State of Karnataka,29391,,,
2009_5_451_462_EN,2009-04-01,Satish Kumar Batra & Ors. v. State of Haryana,21793,,,
2009_5_463_471_EN,2009-04-01,State of Rajasthan v. Champa Lal,16923,,,
2009_5_482_490_EN,2009-04-02,Rama Chaudhary v. State of Bihar,16612,,,
2009_5_510_526_EN,2009-04-06,State of Madhya Pradesh v. Rameshwar & Ors.,32153,,,
2009_5_553_566_EN,2009-04-08,Rumi Dhar v. State of West Bengal & Anr.,25465,,,
2009_5_567_576_EN,2009-04-08,Hira Lal & Ors. v. State of U.P. & Ors.,17251,,,
2009_5_577_588_EN,2009-04-08,Satyapal v. State of Haryana,19977,,,
2009_5_589_600_EN,2009-04-08,Rajendra & Anr. v. State of U.P.,23019,,,
2009_5_601_605_EN,2009-03-26,State of Punjab v. Ram Pal,6980,,,
2009_5_629_644_EN,2009-04-08,M. Rathinaswami & Ors. v. State of Tamil Nadu & Ors. etc.,27840,,,
2009_5_771_783_EN,2009-04-09,Akhtar & Ors. v. State of Uttaranchal,23487,,,
2009_5_796_806_EN,2009-04-09,Suchand Bouri v. State of West Bengal,20351,,,
2009_5_807_814_EN,2009-04-09,Posuram Deshmukh v. State of Chhattisgarh,13965,,,
2009_5_848_863_EN,2009-04-13,Mahtab Singh & Anr. v. State of U.P.,28475,,,
2009_5_956_960_EN,2009-04-15,Ram Maruthi Pawar v. State of Maharashtra & Anr.,7964,,,
2009_6_1012_1019_EN,2009-04-24,Ram Babu Tiwari v. State of M.P. & Anr.,12701,,,
2009_6_1030_1040_EN,2009-04-27,Masroor v. State of U.P. & Anr.,18053,,,
2009_6_1055_1122_EN,2009-04-27,Rameshbhai Chandubhai Rathod v. State of Gujarat,124011,,,
2009_6_10_11_EN,2009-04-01,State of Kerala v. Suresh @ Subhash & Ors.,3179,,,
2009_6_1123_1129_EN,2009-04-27,State of Rajasthan v. Hemraj & Anr.,10360,,,
2009_6_1133_1137_EN,2009-04-27,Kirender Sarkar and Ors. v. State of Assam,9005,,,
2009_6_1138_1165_EN,2009-04-27,State of Rajasthan v. Yusuf,49742,,,
2009_6_1166_1177_EN,2009-04-27,State of M.P. v. Basodi,22271,,,
2009_6_1184_1207_EN,2009-04-27,Sri Kishan & Ors. v. The State of Haryana,41585,,,
2009_6_1208_1212_EN,2009-04-27,Sanjeet Kumar v. State of Bihar & Anr.,8439,,,
2009_6_142_144_EN,2009-04-15,State of Rajasthan v. Mohan Lal and Ors.,5197,,,
2009_6_145_151_EN,2009-04-15,State of M.P. v. Chunnilal @ Chunni Singh,11478,,,
2009_6_152_159_EN,2009-04-15,State of Kerala v. Anilachandran @ Madhu and Ors.,13728,,,
2009_6_160_171_EN,2009-04-15,The State of Andhra Pradesh v. Vangaveeti Nagaiah,22213,,,
2009_6_172_181_EN,2009-04-15,Baban Bandu Patil v. State of Maharashtra,17850,,,
2009_6_262_277_EN,2009-04-16,Bhupendra Singh & Ors. v. State of U.P.,28736,,,
2009_6_371_373_EN,2009-04-15,State of Orissa v. Pramod Kr. Kodamsingh & Ors.,5326,,,
2009_6_383_387_EN,2009-04-16,Velayuda Pulavar v. State by Sub-Inspector of Police,7842,,,
2009_6_388_391_EN,2009-04-16,State of U. P. v. Mangal Singh & Ors.,6926,,,
2009_6_392_395_EN,2009-04-16,State of Maharashtra & Ors. v. Prakash Prahlad Patil & Ors.,6138,,,
2009_6_396_405_EN,2009-04-16,Gamparai Hrudayaraju v. State of AP. Thr. Public Prosecutor,17652,,,
2009_6_406_430_EN,2009-04-16,State of Rajasthan v. Mohan Lal,47027,,,
2009_6_431_433_EN,2009-04-16,Manzar Sayeed Khan & Anr. v. State of Maharashtra & Anr.,4631,,,
2009_6_483_485_EN,2009-04-17,Sohel Mehaboob Shaikh v. State of Maharashtra,4436,,,
2009_6_486_489_EN,2009-04-17,Satish @ Dhanna v. State of M.P. & Ors.,5444,,,
2009_6_493_497_EN,2009-04-17,P. Liaquat Ali Khan v. State of Andhra Pradesh,9124,,,
2009_6_4_9_EN,2009-03-31,State of Uttar Pradesh v. Shyam Behari & Anr.,9756,,,
2009_6_525_550_EN,2009-04-17,Kanti Lal v. State of Rajasthan,50237,,,
2009_6_660_662_EN,2009-04-15,State of A.P. v. P. Khaja Hussain,4747,,,
2009_6_729_736_EN,2009-04-20,State of Karnataka v. Shantappa Madivalappa Galapuji & Ors.,15179,,,
2009_6_755_790_EN,2009-04-21,Anna Reddy Sambasiva Reddy & Ors. v. State of Andhra Pradesh,68810,,,
2009_6_817_828_EN,2009-04-22,Ram Narayan v. State of U.P.,21067,,,
2009_6_829_854_EN,2009-04-22,M.A. Antony @ Antappan v. State of Kerala,49366,,,
2009_6_870_872_EN,2009-04-22,State of Himachal Pradesh v. Naresh Kumar @ Kaka & Ors.,3486,,,
2009_6_873_879_EN,2009-04-23,Nafe Singh v. State of Haryana,13065,,,
2009_6_884_890_EN,2009-04-24,Bikram Dorjee v. State of West Bengal,10444,,,
2009_6_919_930_EN,2009-04-21,"Vijaykumar v. State by Inspector of Police, Madras and Anr.",22331,,,
2009_6_933_948_EN,2009-04-24,Raman Kumar v. State of Punjab,29966,,,
2009_6_949_959_EN,2009-04-24,Ramesh Bhai & Anr. v. State of Rajasthan,17865,,,
2009_6_960_963_EN,2009-04-24,Prem Singh v. State (N.C.T) Delhi,7200,,,
2009_6_964_975_EN,2009-04-24,Santhanam v. State of Tamil Nadu,21340,,,
2009_6_976_981_EN,2009-04-24,Ratan Singh v. State of M.P. & Anr.,10869,,,
2009_6_982_1011_EN,2009-04-24,Nepal Singh v. State of Haryana,55503,,,
2009_7_102_105_EN,2009-04-27,Mathura Singh & Ors. v. State of U.P.,5760,,,
2009_7_1068_1083_EN,2009-05-06,Suresh Kumar Singh v. State of U.P.,28212,,,
2009_7_1117_1125_EN,2009-05-06,State of H.P. v. Nazar Singh and Anr.,15501,,,
2009_7_1126_1141_EN,2009-05-06,Mithabhai Pashabhai Patel and Others v. State of Gujarat,28950,,,
2009_7_1142_1153_EN,2009-05-06,Prem Singh & Ors. v. State of Haryana,21928,,,
2009_7_1154_1167_EN,2009-05-06,"C.B.I, New Delhi. v. Abhishek Verma",28046,,,
2009_7_1182_1187_EN,2009-05-06,Subhash Kumar v. State of Uttarakhand,10627,,,
2009_7_1210_1220_EN,2009-05-08,Vallabhaneni Venkateshwara Rao v. State of A.P.,19459,,,
2009_7_1221_1224_EN,2009-05-08,K.N. Narendranath v. State of Karnataka,6131,,,
2009_7_126_129_EN,2009-04-28,State of Punjab v. Nirmal Kaur,7063,,,
2009_7_134_137_EN,2009-04-28,State of Gujarat and Anr. v. Rameshchandra Shivratan Kosar and Anr. etc.,7417,,,
2009_7_138_141_EN,2009-04-29,Dauna Devi v. State of Bihar,6863,,,
2009_7_142_148_EN,2009-04-29,Tipparam Prabhakar v. The State of Andhra Pradesh,12997,,,
2009_7_149_156_EN,2009-04-29,State of U.P. v. Hari Chand,14678,,,
2009_7_157_174_EN,2009-04-29,Koppisetti Subbharao @ Subramanlam v. State of A.P.,35197,,,
2009_7_175_177_EN,2009-04-29,State of Rajasthan v. Jagdish Prasad,4662,,,
2009_7_182_205_EN,2009-04-30,Ankush Maruti Shinde & Ors. v. State of Maharashtra,45768,,,
2009_7_206_211_EN,2009-04-30,State of A.P. v. E. Satyanarayana,10268,,,
2009_7_212_226_EN,2009-04-30,Ranbir Singh & Ors. v. State of Haryana,27567,,,
2009_7_227_232_EN,2009-03-31,State of Rajasthan v. Ratan Lal,10641,,,
2009_7_233_235_EN,2009-03-31,State of U.P. v. Rama Kant & Ors.,4674,,,
2009_7_236_271_EN,2009-05-01,National Human Rights Commission v. State of Gujarat,66200,,,
2009_7_300_304_EN,2009-05-01,State of Kerala v. C.A. Jabbar,8139,,,
2009_7_306_309_EN,2009-04-22,State of Punjab v. Surjit Singh & Anr.,6411,,,
2009_7_321_326_EN,2009-04-28,Tutul Kumar! Sen v. State of Jharkhand & Anr.,9700,,,
2009_7_34_62_EN,2009-04-20,State of Orissa and Ors. v. Harapriya Bisoi,55432,,,
2009_7_364_382_EN,2009-05-01,Himmat Sukhadeo Wahurwagh & Ors. v. State of Maharashtra,40378,,,
2009_7_383_391_EN,2009-05-04,Subbusingh v. State by Public Prosecutor,17645,,,
2009_7_405_408_EN,2009-05-04,State of Rajasthan v. Parmendra Singh,6952,,,
2009_7_421_427_EN,2009-05-04,State of A.P. v. V.V.Panduranga Rao,12430,,,
2009_7_428_433_EN,2009-05-04,Shaikh Maqsood v. State of Maharashtra,11091,,,
2009_7_434_441_EN,2009-05-05,Raj Kumar Khurana v. State of (NCT of Delhi) & Anr.,14460,,,
2009_7_475_485_EN,2009-05-05,Dharmeshbhai Vasudevbhai & Ors. v. State of Gujarat & Ors.,21109,,,
2009_7_486_494_EN,2009-05-05,Bimla Devi and Anr. v. State of Jammu and Kashmir,16032,,,
2009_7_495_505_EN,2009-05-05,Jawahar Singh @ Bhagat Ji v. State of Gnct of Delhi,19320,,,
2009_7_518_542_EN,2009-05-05,Akbar Sheikh & Ors. v. State of West Bengal,47952,,,
2009_7_563_584_EN,2009-05-05,Harmanpreet Singh Ahluwalia & Ors. v. State of Punjab & Ors.,40851,,,
2009_7_585_590_EN,2009-05-05,Narendra v. State of Karnataka,12358,,,
2009_7_591_594_EN,2009-05-05,Bawa Ram & Anr. v. State of U.T. Chandigarh,5888,,,
2009_7_595_604_EN,2009-05-05,Bala Baine Linga Raju v. State of A.P.,17685,,,
2009_7_615_622_EN,2009-05-04,Sayyed Shabiralli Hafizali v. State of Maharashtra,15583,,,
2009_7_623_652_EN,2009-05-05,Hari Ram v. State of Rajasthan & Anr.,60313,,,
2009_7_63_66_EN,2009-04-21,State of Punjab v. Malkiat Singh,5972,,,
2009_7_653_661_EN,2009-05-05,Ranvir Yadav v. State of Bihar,16332,,,
2009_7_67_69_EN,2009-04-22,Ramesh Kumar @ Toni v. State of Haryana,5445,,,
2009_7_759_783_EN,2009-05-06,Jamiruddin Ansari v. Central Bureau of Investigation & Anr.,51726,,,
2009_7_784_816_EN,2009-05-06,"S.V.L.Murthy v. State Rep. by CBI, Hyderabad",58533,,,
2009_7_80_83_EN,2009-04-23,State of M.P. v. Munshi Singh & Ors.,5770,,,
2009_7_817_838_EN,2009-05-06,Gurnunath Donkappa Keri and Ors. v. State of Karnataka,39929,,,
2009_7_839_854_EN,2009-05-06,Raju Premji v. Customs Ner Shillong Unit,29375,,,
2009_7_84_85_EN,2009-04-24,Raja Ram Kashyap & Ors. v. State of U.P. & Anr.,2642,,,
2009_7_855_871_EN,2009-05-06,Baldev Singh v. State of Punjab,31802,,,
2009_7_872_887_EN,2009-05-06,Devendra &Ors. v. State of U.P. & Anr.,29703,,,
2009_7_888_901_EN,2009-05-06,Hem Singh @ Hemu v. State of Haryana,25051,,,
2009_7_89_96_EN,2009-04-27,State of M.P. v. Virendra Kumar Tripathi,15575,,,
2009_7_902_916_EN,2009-05-06,U. Suvetha v. State by Inspector of Police and Another,27955,,,
2009_7_939_945_EN,2009-04-28,State of Rajasthan v. Daul@ Daulat Giri,12431,,,
2009_8_1004_1010_EN,2009-05-08,Narendra G. Goel v. State of Maharashtra & Anr.,12861,,,
2009_8_1115_1151_EN,2009-05-12,Ram Pat & Ors. v. State of Haryana,64493,,,
2009_8_130_135_EN,2009-05-06,Jaleshwar Singh v. State of Bihar,10960,,,
2009_8_136_144_EN,2009-05-06,Subhash Soni & Anr. v. State of M.P.,16362,,,
2009_8_145_174_EN,2009-05-06,Perla Somasekhara Reddy and Ors. v. State of A.P. Rep. by Public Prosecutor,56179,,,
2009_8_264_275_EN,2009-05-06,State of Himachal Pradesh v. Rakesh Kumar,21726,,,
2009_8_276_277_EN,2009-05-06,Jakir v. State of M.P.,2826,,,
2009_8_278_280_EN,2009-05-06,Shindhu & Ors. v. State of Karnataka,3937,,,
2009_8_285_290_EN,2009-05-08,Chand Gupta and Ors. v. State of Himachal Pradesh,11028,,,
2009_8_291_302_EN,2009-05-08,Joydeep Neogi @ Bubai v. State of West Bengal,22426,,,
2009_8_303_308_EN,2009-05-05,Motilal and Anr. v. State of Rajasthan,9898,,,
2009_8_309_320_EN,2009-05-06,Bharat Prasad & Ors. v. The State of Bihar & Ors.,20779,,,
2009_8_398_411_EN,2009-05-08,Javed Alam v. State of Chhattisgarh and Anr.,25308,,,
2009_8_39_41_EN,2009-04-20,Tomy and Anr. v. State of Kerala and Anr.,5151,,,
2009_8_421_431_EN,2009-05-08,Ningappa Yallappa Hosamani & Ors. v. State of Karnataka and Ors.,22105,,,
2009_8_432_452_EN,2009-05-08,"Abuthagir and Ors. v. State Rep. by Inspector of Police, Madurai",40210,,,
2009_8_44_46_EN,2009-04-21,State of Maharashtra v. Guntabai @ Bhagirathaibai & Ors.,4757,,,
2009_8_453_464_EN,2009-05-08,State of U.P. v. Atul Singh etc. etc.,22173,,,
2009_8_465_488_EN,2009-05-08,Mustaq Ahmed Mohammed Isak and Ors. v. State of Maharashtra,40092,,,
2009_8_47_50_EN,2009-04-21,State of M.P. v. Laakhan @ Lakhan,7478,,,
2009_8_489_492_EN,2009-05-08,Balbir Singh v. State of Punjab and Anr.,6081,,,
2009_8_51_53_EN,2009-04-21,State of Rajasthan v. Shanti,4006,,,
2009_8_530_540_EN,2009-05-08,State of West Bengal v. Dipak Halder & Anr.,21666,,,
2009_8_541_548_EN,2009-05-08,Sasikumar v. The State of Tamil Nadu,12121,,,
2009_8_549_558_EN,2009-05-08,State of Punjab v. Atma Singh and Ors.,18116,,,
2009_8_54_67_EN,2009-04-22,State of Punjab v. Harjagdev Singh,27127,,,
2009_8_559_561_EN,2009-05-08,State of Punjab v. Hardial Singh and Ors.,5257,,,
2009_8_576_590_EN,2009-05-11,M.P. Peter v. State of Kerala & Ors.,27090,,,
2009_8_591_630_EN,2009-05-11,Jayendra Vishnu Thakur v. State of Maharahstra and Another,70376,,,
2009_8_68_74_EN,2009-04-23,State of Punjab v. Leela,11765,,,
2009_8_701_718_EN,2009-05-13,Jaswant & Anr. v. State of Rajasthan,32474,,,
2009_8_719_761_EN,2009-05-12,Ahmed Hussein Vali Mohammed Saiyed & Anr. v. State of Gujarat,86868,,,
2009_8_75_80_EN,2009-04-24,Shariff Ahmed & Ors. v. State (NCT of Delhi),9037,,,
2009_8_762_776_EN,2009-05-12,Sarbjit Singh & Anr. v. State of Punjab & Anr.,25597,,,
2009_8_853_870_EN,2009-05-12,State of Punjab v. Gurlabh Singh and Another,31243,,,
2009_8_85_97_EN,2009-05-05,State of U.P. v. Paras Nath Singh,23128,,,
2009_8_871_877_EN,2009-05-13,Sucha Singh v. State of Punjab,11460,,,
2009_8_892_907_EN,2009-05-05,Chandrakant Hargovindas Shah v. Deputy Commissioner of Police & Anr.,26200,,,
2009_8_908_911_EN,2009-05-05,Braham Dass v. State of H.P.,6181,,,
2009_8_979_982_EN,2009-05-06,D. Jayana v. State of Karnataka,6041,,,
2009_8_98_108_EN,2009-05-05,State of M.P. v. Devendra,16679,,,
2009_9_1025_1047_EN,2009-05-15,Central Bureau of Investigation v. A. Ravishankar Prasad & Ors.,41352,,,
2009_9_1048_1057_EN,2009-05-15,Suraj Lamp & Industries (P) Ltd. Thru. Dir v. State of Haryana & Anr.,19053,,,
2009_9_1058_1073_EN,2009-05-26,A. Subair v. State of Kerala,29345,,,
2009_9_1074_1087_EN,2009-05-29,Govindaraju v. State of Karnataka,27449,,,
2009_9_1127_1134_EN,2009-07-06,Indrasan v. State of U.P.,14969,,,
2009_9_1135_1143_EN,2009-07-06,Masauddin Ahmed v. State of Assam,17145,,,
2009_9_1187_1208_EN,2009-07-06,Shakson Belthissor v. State of Kerala & Anr.,40079,,,
2009_9_1209_1220_EN,2009-07-07,Ganesh Gogoi v. State of Assam,21218,,,
2009_9_1_9_EN,2009-04-28,Gurmej Singh v. State of Punjab & Anr.,15898,,,
2009_9_20_21_EN,2009-05-08,K.T. Joseph v. State of Kerala & Anr.,2807,,,
2009_9_398_409_EN,2009-05-15,Subhash Chandra & Ors. v. State of U.P.,21923,,,
2009_9_587_598_EN,2009-05-26,Deomuni Sharma v. State of Jharkhand,22802,,,
2009_9_621_624_EN,2009-05-05,State of Rajasthan v. Bhiya Ram,6461,,,
2009_9_725_753_EN,2009-05-13,Subramaniam v. State of Tamil Nadu & Anr.,52399,,,
2009_9_821_823_EN,2009-05-18,Sukhwant Singh & Ors. v. State of Punjab,3832,,,
2009_9_858_863_EN,2009-05-28,Dammu Sreenu v. State of A.P.,11473,,,
2009_9_864_874_EN,2009-05-28,State of Punjab v. Manjit Singh & Ors.,21383,,,
2009_9_875_888_EN,2009-05-29,Bhairon Singh v. State of Madhya Pradesh,25848,,,
2009_9_902_916_EN,2009-05-29,Manju Ram Kalita v. State of Assam,26036,,,
2009_9_90_182_EN,2009-05-13,Santosh Kumar Satishbhushan Bariyar v. State of Maharashtra,174368,,,
2009_9_923_928_EN,2009-04-28,Batakrushna Parida v. State of Orissa,10500,,,
2009_9_929_932_EN,2009-04-28,Mal Singh v. State of M.P.,6277,,,
2009_9_933_936_EN,2009-04-29,Ahmed Ali & Ors. v. State of Tripura,5242,,,
2009_9_985_997_EN,2009-05-08,State of U.P. v. Shobhanath and Ors.,21858,,,
2010_10_1095_1100_EN,2010-09-08,Manjappa & Anr. v. State of Karnataka,10526,,,
2010_10_1132_1141_EN,2010-09-09,Uma Shankar Singh v. State of Bihar and Anr.,17625,,,
2010_10_1160_1176_EN,2010-09-09,Dharampal Singh v. State of Punjab,33897,,,
2010_10_151_160_EN,2010-08-19,Keshav Dutt v. State of Haryana,18745,,,
2010_10_241_261_EN,2010-08-27,Prathap & Anr. v. State of Kerala,39617,,,
2010_10_262_318_EN,2010-08-30,C. Muniappan & Ors. v. State of Tamil Nadu,109229,,,
2010_10_319_325_EN,2010-08-06,Dinesh B. Patel & Ors. v. State of Gujarat & Ors.,12300,,,
2010_10_326_329_EN,2010-08-16,Harjinder Singh v. State of Punjab,5611,,,
2010_10_343_346_EN,2010-08-17,State NCT of Delhi v. Ajit Seth @ Ajji,5455,,,
2010_10_351_361_EN,2010-08-17,Madan Mohan Singh v. State of Gujarat and Anr.,21539,,,
2010_10_377_409_EN,2010-08-18,G. Parshwanath v. State of Karnataka,67495,,,
2010_10_410_413_EN,2010-08-18,Shivanna v. State by Hunsur Town Police,6479,,,
2010_10_503_523_EN,2010-08-27,Shaikh Sattar v. State of Maharashtra,42754,,,
2010_10_533_542_EN,2010-08-27,The State of Andhra Pradesh v. M.Narasimha Rao,19091,,,
2010_10_598_614_EN,2010-08-31,Dehal Singh v. State of Himachal Pradesh,31299,,,
2010_10_615_630_EN,2010-08-20,State of Orissa v. Choudhuri Nayak (Dead by Lr) & Ors.,29313,,,
2010_10_651_680_EN,2010-08-26,Babubhai v. State of Gujarat & Ors. etc.,58094,,,
2010_10_683_702_EN,2010-08-27,State of Maharashtra & Ors. v. Arun Gulab Gawali & Ors.,37882,,,
2010_10_77_87_EN,2010-08-16,Chakali Maddilety & Ors. v. State of Andhra Pradesh,20923,,,
2010_10_886_904_EN,2010-09-01,Santokh Singh & Anr. v. State of Punjab,39092,,,
2010_10_905_915_EN,2010-07-23,National Commission of Women v. State of Delhi & Anr.,21216,,,
2010_10_916_944_EN,2010-09-01,Myladimmal Surendran & Ors. v. State of Kerala,53423,,,
2010_11_1064_1097_EN,2010-09-27,Paramjeet Singh @ Pamma v. State of Uttarakhand,60461,,,
2010_11_336_355_EN,2010-09-07,Main Pal v. State of Haryana,37772,,,
2010_11_433_436_EN,2010-09-09,Ram Naresh v. State of U.P.,6098,,,
2010_11_459_472_EN,2010-09-13,Sangappa Sanganabasappa M. & Ors. v. State of Karnataka & Ors.,27503,,,
2010_11_486_492_EN,2010-09-14,Rama Devi v. State of Bihar and Ors.,13266,,,
2010_11_493_517_EN,2010-09-15,Sri Sambhu Das @ Bijoy Das & Anr. v. State of Assam,47923,,,
2010_11_648_655_EN,2010-09-13,Sunita Jha v. State of Jharkhand,13613,,,
2010_11_669_698_EN,2010-09-20,Sajjan Kumar v. Central Bureau of Investigation,56670,,,
2010_11_716_728_EN,2010-09-22,Pal @ Palla v. State of Uttar Pradesh,25662,,,
2010_11_812_817_EN,2010-09-28,Brundaban Moharana & Anr. v. The State of Orissa,10822,,,
2010_11_838_840_EN,2010-09-28,Raja Gounder & Anr. v. State of Tamil Nadu,4732,,,
2010_11_871_896_EN,2009-10-06,Rathinam @ Rathinan v. State of Tamil Nadu and Anr.,50781,,,
2010_11_909_915_EN,2010-09-15,Surendera Pratap Singh v. State of U.P. and Ors.,12641,,,
2010_11_927_967_EN,2010-09-16,Sunder Singh v. State of Uttaranchal,82026,,,
2010_11_968_985_EN,2010-09-16,Surendra Pal & Ors. v. State of U.P. & Anr.,33731,,,
2010_11_986_1001_EN,2010-09-20,Ranjeet Singh @ Dara v. State of Madhya.Pradesh,30050,,,
2010_12_1137_1164_EN,2010-10-28,Satya Narayana Tiwari and Anr. v. State of U.P.,54877,,,
2010_12_204_222_EN,2010-10-05,State of Maharashtra v. Abu Salem Abdul Kayyam Ansari and Ors.,34909,,,
2010_12_247_249_EN,2010-10-07,Samjuben Gordhanbhai Koli v. State of Gujarat,3832,,,
2010_12_400_412_EN,2010-09-27,Ganpat v. State of Haryana & Ors.,22363,,,
2010_12_429_447_EN,2010-09-27,Smt. Pebam Ningol Miko Devi v. State of Manipur and Ors.,36979,,,
2010_12_551_573_EN,2010-10-08,Maharashtra State Electricity Distribution Co. Ltd. & Anr. v. Datar Switchgear Ltd. & Ors.,41658,,,
2010_12_574_582_EN,2010-10-19,Vithal Laxman Chalawadi & etc. v. State of Karnataka Rep. by P. Prosecutor,18386,,,
2010_12_583_596_EN,2010-10-20,Sansar Chand v. State of Rajasthan,25989,,,
2010_12_710_724_EN,2010-10-05,Thanu Ram v. State of M.P.,27869,,,
2010_12_736_754_EN,2010-10-08,Asoke Basak v. State of Maharashtra and Ors.,35199,,,
2010_12_799_807_EN,2010-10-21,Ramesh v. State of Haryana,16774,,,
2010_12_873_894_EN,2010-10-26,Sudhakaran v. State of Kerala,41077,,,
2010_13_1034_1036_EN,2010-11-23,Gian Singh v. State of Punjab & Anr.,4752,,,
2010_13_1094_1104_EN,2010-11-24,Ram Chandra Bhagat v. State of Jharkhand,21314,,,
2010_13_1105_1119_EN,2010-11-25,C.M. Sharma v. State of A.P. Th. I.P.,28849,,,
2010_13_1190_1199_EN,2010-12-07,Balasaheb @ Ramesh Laxman Deshmukh v. State of Maharashtra & Anr.,18010,,,
2010_13_1200_1211_EN,2010-12-09,State of Himachal Pradesh v. Nishant Sareen,21715,,,
2010_13_1217_1224_EN,2010-12-16,Abrar v. The State of Uttar Pradesh,14599,,,
2010_13_134_137_EN,2010-10-07,Laxman Ram Mane v. State of Maharashtra,7296,,,
2010_13_1_7_EN,2010-04-06,Uttam Chakraborty v. State of Assam,11473,,,
2010_13_227_233_EN,2010-10-26,Anjani Chaudhary v. State of Bihar,11618,,,
2010_13_255_279_EN,2010-10-29,Vijaysinh Chandubha Jadeja v. State of Gujarat,47471,,,
2010_13_296_310_EN,2010-10-29,Varun Chaudhary v. State of Rajasthan,28274,,,
2010_13_311_344_EN,2010-09-14,Abdul Sayeed v. State of Madhya Pradesh,61622,,,
2010_13_368_375_EN,2010-10-22,Subrata Das v. State of Jharkhand & Anr.,14082,,,
2010_13_376_380_EN,2010-10-26,Sangharaj Bhogappa Kamble v. State of Maharashtra,7911,,,
2010_13_522_557_EN,2010-11-09,Monica Bedi v. State of AP.,69868,,,
2010_13_558_573_EN,2010-11-09,Om Pal Singh v. State of U.P.,29280,,,
2010_13_746_752_EN,2010-10-26,Mohd. Usman Mohd. Islam Shaikh & Ors. v. State of Maharashtra,13008,,,
2010_13_879_885_EN,2010-11-19,Jitendra Singh @ Babboo Singh & Anr. v. State of U.P.,13555,,,
2010_13_886_889_EN,2010-11-22,Rajbir @ Raju and Anr. v. State of Haryana,5163,,,
2010_13_890_893_EN,2010-11-22,Thathamsetty Suresh v. State of A.P.,4982,,,
2010_13_8_75_EN,2010-09-10,Abu Salem Abdul Qayoom Ansari v. State of Maharashtra & Anr.,126568,,,
2010_13_901_956_EN,2010-10-06,Santosh Kumar Singh v. State Thr. CBI,113060,,,
2010_13_99_133_EN,2010-10-05,Kanwar Natwar Singh v. Directorate of Enforcement & Anr.,68253,,,
2010_14_1038_1042_EN,2010-12-14,State of A. P. v. M. Sohan Babu & Anr.,8835,,,
2010_14_1079_1086_EN,2010-12-16,Hari Singh and Anr. v. State of Uttar Pradesh,13956,,,
2010_14_1135_1160_EN,2010-12-16,Sanjay Kumar Jain v. State of Delhi,45029,,,
2010_14_120_132_EN,2010-10-26,State of U.P. v. Muni Ram & Ors.,23694,,,
2010_14_133_161_EN,2010-10-27,Ranjit Singh and Ors. v. State of Madhya Pradesh,51405,,,
2010_14_175_183_EN,2010-11-12,Bhim @ Uttam Ghosh v. State of West Bengal,15439,,,
2010_14_1_21_EN,2010-10-20,Rameshbhai Mohanbhai Koli & Ors. v. State of Gujarat,37252,,,
2010_14_227_243_EN,2010-11-29,R.S. Sujatha v. State of Karnataka and Ors.,29709,,,
2010_14_643_646_EN,2010-10-26,Nandyala Venkataramana v. State of Andhra Pradesh,6738,,,
2010_14_788_791_EN,2010-11-24,Central Bureau of Narcotics v. Bahadur Singh,6074,,,
2010_14_864_872_EN,2010-12-15,"Kootha Perumal v. State Tr. Inspector of Police, Vigilance & Anti Corruption",16895,,,
2010_14_921_924_EN,2010-11-24,Datta v. State of Maharashtra,6227,,,
2010_14_925_931_EN,2010-11-25,State of Andhra Pradesh v. Thummala Anjaneyulu,12098,,,
2010_14_95_108_EN,2010-10-25,Central Bureau of Investigation v. Kishore Singh & Others,24982,,,
2010_15_1012_1082_EN,2010-12-03,"John Pandian v. State Rep. by Inspector of Police, T. Nadu",153145,,,
2010_15_1145_1185_EN,2010-12-14,State of Maharashtra and Ors. v. Sarangdhar Singh Shivdas Singh Chavan and Anr.,79590,,,
2010_15_1228_1252_EN,2010-12-16,Sher Singh & Anr. v. State of Haryana,48692,,,
2010_15_1288_1308_EN,2010-12-16,Mohammad Mian v. State of U.P.,40543,,,
2010_15_1_36_EN,2010-10-26,Brahm Swaroop & Anr. v. State of U.P.,66015,,,
2010_15_201_274_EN,2010-12-02,Siddharam Satlingappa Mhetre v. State of Maharashtra and Others,138372,Siddharam Satlingappa Mhetre v. State of Maharashtra,anticipatory bail,overruled
2010_15_297_301_EN,2010-09-23,Kuldeep Singh v. State of Punjab,7772,,,
2010_15_452_490_EN,2010-11-11,Dr. Sunil Kumar Sambhudayal Gupta and Ors. v. State of Maharashtra,75000,,,
2010_15_673_685_EN,2010-11-26,Chirra Shivraj v. State of Andhra Pradesh,24547,,,
2010_15_891_922_EN,2010-12-06,"Abubucker Siqqique and Anr. v. The State Represented by the Deputy Superintendent of Police, Cbl/Scb/Chennai, Tamil Nadu",61984,,,
2010_1_1027_1062_EN,2010-01-12,Aftab Ahmad Ansari v. State of Uttaranchal,72428,,,
2010_1_1063_1068_EN,2010-01-12,Dinesh Jaiswal v. State of M. P.,9171,,,
2010_1_1069_1098_EN,2010-01-13,Vijay Kumar Arora v. State Govt. of NCT of Delhi,61075,,,
2010_1_134_148_EN,2010-01-06,Hari Kishan v. State of Haryana,28475,,,
2010_1_171_184_EN,2010-01-06,Harinarayan G. Bajaj v. State of Maharashtra & Ors.,25474,,,
2010_1_289_296_EN,2010-01-06,Sunil Kumar and Anr. v. State of U.P.,15438,,,
2010_1_439_450_EN,2010-01-11,Bengai Mandal @ Begai Mandal v. State of Bihar,21743,,,
2010_1_555_571_EN,2009-08-20,"Sanjay Kumar Kedia @ Sanjay Kedia v. Intelligence Officer, Narcotic Control Bureau and Anr.",29296,,,
2010_1_572_581_EN,2009-11-18,Amarjit Singh v. State of Haryana,19710,,,
2010_1_642_677_EN,2010-01-15,Darshan Singh v. State of Punjab & Anr.,64764,,,
2010_1_7_15_EN,2010-01-05,Gangula Mohan Reddy v. State of Andhra Pradesh,14961,,,
2010_1_869_872_EN,2009-11-25,Abbas Ahmad Choudhary v. State of Assam,7513,,,
2010_1_991_1026_EN,2010-01-12,Rubabbuddin Sheikh v. State of Gujarat & Ors.,71875,,,
2010_2_1030_1039_EN,2010-02-18,Abdul Mannan v. State of Assam,16814,,,
2010_2_1086_1109_EN,2010-02-23,Sahdeo @ Sahdeo Singh v. State of U.P. and Ors.,44373,,,
2010_2_1110_1132_EN,2010-02-23,State of U.P. v. Guru Charan & Others,43416,,,
2010_2_1133_1144_EN,2010-02-23,Kirpal Singh v. State of U.P.,24094,,,
2010_2_119_146_EN,2010-01-28,Musheer Khan @ Badshah Khan & Anr. v. State of M.P.,52164,,,
2010_2_186_200_EN,2010-01-29,Satni Bai v. State of M. P. (Now Chhattisgarh),27222,,,
2010_2_1_5_EN,2010-01-14,Sudhir Kumar v. State of Punjab,9039,,,
2010_2_209_219_EN,2010-02-01,State of Madhya Pradesh v. Balram Mihani & Ors.,19459,,,
2010_2_22_67_EN,2010-01-25,Vikram Singh & Ors. v. State of Punjab,92461,,,
2010_2_380_395_EN,2010-02-05,G.V. Siddaramesh v. State of Karnataka,30507,,,
2010_2_574_582_EN,2010-02-10,Raju & Anr. v. State of Haryana,17037,,,
2010_2_633_684_EN,2010-02-08,Mulla & Anr. v. State of U.P.,99821,,,
2010_2_729_755_EN,2010-02-11,Satyavir Singh v. State of U.P.,50850,,,
2010_2_785_804_EN,2009-02-15,Ajmer Singh v. State of Haryana,35476,,,
2010_2_78_94_EN,2010-01-27,P. Vijayan v. State of Kerala & Anr.,33122,,,
2010_2_95_108_EN,2010-01-28,Ram Singh @ Chhaju v. State of H.P.,27147,,,
2010_2_979_1029_EN,2010-02-17,"State of West Bengal & Ors. v. The Committee for Protection of Democratic Rights, West Bengal & Ors.",100050,,,
2010_3_1135_1148_EN,2010-03-30,Patai @ Krishna Kumar v. State of U.P.,26780,,,
2010_3_1149_1159_EN,2010-03-31,Sunderlal Kanaiyalal Bhatija v. State of Maharashtra and Ors.,21652,,,
2010_3_162_174_EN,2010-03-09,Dharamveer and Ors. v. State of U.P.,23799,,,
2010_3_213_219_EN,2010-03-09,Sangappa & Ors. v. State of Karnataka,12682,,,
2010_3_220_235_EN,2010-03-09,Khilan & Anr. v. State of M.P.,29530,,,
2010_3_236_249_EN,2010-03-09,Javed Masood and Anr. v. State of Rajasthan,24998,,,
2010_3_271_279_EN,2010-03-10,Jiten Besra v. State of West Bengal,17056,,,
2010_3_522_532_EN,2010-03-19,Rameshbhai Pandurao Hedau v. State of Gujarat,20125,,,
2010_3_548_556_EN,2010-03-22,K. Neelaveni v. State Rep. by Insp. of Police and Ors.,16585,,,
2010_3_589_593_EN,2010-02-04,Mohd. Maqbool Tantray v. State of J & K,7858,,,
2010_3_594_598_EN,2009-12-09,Panney @ Pratap Narain Shukla & Anr. v. State of U.P.,9381,,,
2010_3_599_608_EN,2009-12-10,Kailash Nath v. State of U.P.,19268,,,
2010_3_687_713_EN,2010-03-17,M/s. Empire Industries Ltd. v. State of Maharashtra & Ors.,52291,,,
2010_3_716_754_EN,2010-03-22,State of Haryana and Ors. v. Jagdish,71127,,,
2010_3_787_797_EN,2010-03-25,Kunga Nima Lepcha & Ors. v. State of Sikkim & Ors.,21352,,,
2010_3_883_910_EN,2009-12-03,K.H. Shekarappa & Others v. State of Karnataka,52025,,,
2010_3_911_1029_EN,2010-03-25,Md. Shahabuddin v. State of Bihar & Ors.,229628,,,
2010_4_103_298_EN,2010-04-19,Sidhartha Vashisht @ Manu Sharma v. State (NCT of Delhi),387776,,,
2010_4_1042_1091_EN,2010-04-23,Zameer Ahmed Latifur Rehman Sheikh v. State of Maharashtra & Ors.,94352,,,
2010_4_1092_1104_EN,2010-04-26,Santosh Moolya and Anr. v. State of Karnataka,24882,,,
2010_4_313_321_EN,2010-03-25,"Ravichandran v. State by Dy. Superin. of Police, Madras",16164,,,
2010_4_334_370_EN,2010-04-01,Lalu Prasad Yadav v. State of Bihar & Anr.,68703,,,
2010_4_383_401_EN,2010-04-05,Banarsi Dass v. State of Haryana,36032,,,
2010_4_402_410_EN,2010-04-06,Bahadur Singh v. State of Haryana,16519,,,
2010_4_498_500_EN,2010-04-09,Hirabhai Jhaverbhai v. State of Gujarat & Ohs.,4291,,,
2010_4_526_559_EN,2010-04-13,M.C. Ali and Anr. v. State of Kerala,68158,,,
2010_4_604_607_EN,2010-03-11,Akloo Ahir v. State of Bihar,7541,,,
2010_4_608_626_EN,2010-04-12,"Raj Kumar Shivhare v. Assistant Director, Directorate of Enforcement & Another",34209,,,
2010_4_771_781_EN,2010-04-19,Ram Babu v. State of U.P.,20937,,,
2010_4_794_816_EN,2010-04-19,"Abu Thakir and Ors. v. State Rep. by Inspector of Police, Tamil Nadu",43574,,,
2010_4_817_828_EN,2010-04-19,State of A.P. v. Hyderabad Potteries Pvt. Ltd & Anr.,23264,,,
2010_4_854_872_EN,2010-04-22,Daya Kishan v. State of Haryana,36976,,,
2010_4_873_894_EN,2010-04-22,Shaukat v. State of Uttaranchal,45170,,,
2010_4_895_926_EN,2010-01-27,Jugraj v. State of Punjab,61224,,,
2010_4_92_102_EN,2010-04-05,State of Punjab v. Lakhwinder Singh & Anr.,21253,,,
2010_5_1195_1201_EN,2010-05-05,Devender Kumar & Anr. etc. v. State of Haryana & Ors. etc.,12671,,,
2010_5_1202_1214_EN,2010-05-05,Munnawar and Ors. v. State of U.P. etc.,24867,,,
2010_5_137_149_EN,2010-04-23,Dharambir v. State (NCT of Delhi) and Anr.,24799,,,
2010_5_368_372_EN,2010-04-28,Vijender Kumar @ Vijay v. State of Delhi,7768,,,
2010_5_373_380_EN,2010-04-28,Mohan Mali & Anr. v. State of M.P.,13314,,,
2010_5_381_594_EN,2007-05-05,Smt. Selvi & Ors. v. State of Karnataka,422858,,,
2010_5_605_613_EN,2010-04-29,Dilpesh Balchandra Panchal v. State of Gujarat,16506,,,
2010_5_614_618_EN,2010-04-29,Amarjit Singh & Ors. v. State of Punjab,7283,,,
2010_5_619_622_EN,2010-04-29,Baij Nath Sah v. State of Bihar,5575,,,
2010_5_623_645_EN,2010-04-30,C. Magesh and Ors. v. State of Karnataka,43802,,,
2010_5_666_677_EN,2010-05-03,Central Bureau of Investigation v. Hopeson Ningshen & Ors.,22456,,,
2010_5_702_703_EN,2010-05-03,Mukesh Kishanpuria v. State of West Bengal,3189,,,
2010_5_97_107_EN,2010-04-19,General Insurance Council and Ors. v. State of Andhra Pradesh and Ors.,20318,,,
2010_6_1062_1072_EN,2010-05-12,Gopal Singh and Ors. v. State of M.P.,22329,,,
2010_6_1073_1085_EN,2010-05-12,Ranveer Yadav v. State of Bihar,24679,,,
2010_6_495_506_EN,2010-05-07,Utpal Das & Anr. v. State of West Bengal,23722,,,
2010_6_577_588_EN,2010-05-07,Eknath Ganpat Aher and Ors. v. State of Maharashtra and Ors.,22620,,,
2010_6_764_775_EN,2010-05-10,Balraje @ Trimbak v. State of Maharashtra,22572,,,
2010_6_776_783_EN,2010-05-10,Moniruddin Ahmed @ Lalu Dealer & Ors. v. State of West Bengal,15103,,,
2010_6_962_971_EN,2010-05-11,Govindappa & Ors. v. State of Karnataka,19953,,,
2010_7_1001_1022_EN,2010-07-08,Maqbool @ Zubir @ Shahnawaz and Anr. v. State of AP.,42976,,,
2010_7_1023_1047_EN,2010-07-08,Sanatan Naskar & Anr. v. State of West Bengal,47520,,,
2010_7_1048_1060_EN,2010-07-08,Uday Chakraborty & Ors. v. State of West Bengal,25968,,,
2010_7_104_112_EN,2010-05-14,Durga Prasad and Anr. v. State of M.P.,16929,,,
2010_7_1119_1149_EN,2010-07-08,Ashok Kumar v. State of Haryana,61257,,,
2010_7_113_127_EN,2010-05-14,Niranjan Panja v. State of West Bengal,29117,,,
2010_7_1150_1157_EN,2010-07-08,Vijeta Gajra v. State of NCT of Delhi,15108,,,
2010_7_128_153_EN,2010-05-14,Jeffrey J. Diermeier and Anr. v. State of West Bengal & Anr.,48290,,,
2010_7_21_37_EN,2010-05-13,Puran Chand v. State of Haryana,32075,,,
2010_7_384_402_EN,2010-06-11,Nanhar and Ors. v. State of Haryana,33075,,,
2010_7_410_423_EN,2010-07-05,Chunni Lal v. State of U.P.,25819,,,
2010_7_465_495_EN,2010-07-05,Indu Bhushan Dwivedi v. State of Jharkhand and Anr.,58671,,,
2010_7_703_711_EN,2010-07-06,Singapagu Anjaiah v. State of Andhra Pradesh,14895,,,
2010_7_79_103_EN,2010-05-14,Adalat Pandit & Anr. v. State of Bihar,49921,,,
2010_8_1036_1052_EN,2010-07-26,Bipin Kumar Mondal v. State of West Bengal,30708,,,
2010_8_1115_1118_EN,2010-07-27,Louis Peter Surin v. State of Jharkhand,6340,,,
2010_8_1119_1134_EN,2010-07-27,Siddanki Ram Reddy v. State of Andhra Pradesh,30776,,,
2010_8_1150_1176_EN,2010-07-27,Vijay @ Chinee v. State of Madhya Pradesh,50084,,,
2010_8_173_210_EN,2010-07-08,Dharnidhar v. State of U.P.,71814,,,
2010_8_211_219_EN,2010-07-08,Pravinbhai Kashirambhai Patel v. State of Gujarat & Ors.,16668,,,
2010_8_220_250_EN,2010-07-08,Rakesh Kumar Goel etc. v. U.P. State Industrial Development Corporation Ltd. & Ors.,58653,,,
2010_8_328_357_EN,2010-07-09,State of Maharashtra & Ors. v. Sangharaj Damodar Rupawate & Ors.,56303,,,
2010_8_373_395_EN,2010-07-09,Sikandar Singh & Ors. v. State of Bihar,43170,,,
2010_8_423_434_EN,2010-07-15,State of A.P. v. Gourishetiy Mahesh & Ors.,21410,,,
2010_8_779_793_EN,2010-07-21,Narinder Kumar v. State of Jammu & Kashmir,28677,,,
2010_8_794_810_EN,2010-07-22,Dhan Singh v. State of Haryana,32474,,,
2010_8_811_835_EN,2010-07-22,Mannu Sao v. State of Bihar,47263,,,
2010_8_916_951_EN,2010-07-21,Mohd. Ayub Dar v. State of J & K,72710,,,
2010_8_964_970_EN,2010-07-23,Podyami Sukada v. State of M.P. (Now Chhatisgarh),13106,,,
2010_9_1039_1075_EN,2010-08-11,Babu v. State of Kerala,68919,,,
2010_9_1076_1087_EN,2010-08-11,Vikas Chaudhary v. State of NCT of Delhi & Anr.,23295,,,
2010_9_1088_1106_EN,2010-08-12,Amit Kumar & Anr. v. State of Punjab,37979,,,
2010_9_1124_1143_EN,2010-08-12,M.A.A. Annamalai v. State of Karnataka & Another,34690,,,
2010_9_112_118_EN,2010-07-28,Ram Niwas v. State of Haryana,12229,,,
2010_9_1144_1147_EN,2010-08-12,Jabar Singh v. State of M.P.,6844,,,
2010_9_1148_1156_EN,2010-08-13,State of M.P. v. Harishankar Bhagwan Pd. Tripathi,15799,,,
2010_9_1168_1188_EN,2010-08-13,Preeti Gupta & Another v. State of Jharkhand & Another,36908,,,
2010_9_127_132_EN,2010-07-28,Mayandi v. State Rep.By Insp.Of Police,10419,,,
2010_9_205_210_EN,2010-07-28,Birappa & Anr. v. State of Karnataka,11005,,,
2010_9_211_215_EN,2010-07-28,Beere Gowda v. State of Karnataka,8826,,,
2010_9_266_277_EN,2010-07-29,Dasrath v. State of M.P.,21704,,,
2010_9_33_49_EN,2010-07-27,Prithi v. State of Haryana,32548,,,
2010_9_349_353_EN,2010-07-28,Deo Narain v. State of U.P.,8976,,,
2010_9_354_355_EN,2010-07-30,Ramgopal & Anr. v. State of M.P. & Anr.,2963,,,
2010_9_356_386_EN,2010-07-30,S. Arul Raja v. State of Tamil Nadu,56754,,,
2010_9_387_398_EN,2010-07-30,"State of NCT of Delhi through Prosecuting Officer, Insecticides, Government of NCT, Delhi v. Rajiv Khurana",20557,,,
2010_9_399_416_EN,2010-07-30,The State of Maharashtra v. Farook Mohammed Kasim Mapkar & Ors.,33995,,,
2010_9_454_456_EN,2010-08-02,Ravindra Tukaram Hiwale v. State of Maharashtra,5361,,,
2010_9_50_70_EN,2010-07-28,Satpal Singh v. State of Haryana,39093,,,
2010_9_526_542_EN,2010-08-03,Amar Singh v. State of Rajasthan,31203,,,
2010_9_554_562_EN,2010-08-03,Bhiaru Ram and Ors. v. Central Bureau of Investigation and Ors.,16016,,,
2010_9_563_604_EN,2010-08-03,State of U.P. v. Krishna Master & Ors.,88577,,,
2010_9_610_614_EN,2010-08-03,Hari Singh v. State of M. P.,8047,,,
2010_9_615_619_EN,2010-08-04,Jayanta Sil v. State of Assam,9137,,,
2010_9_632_646_EN,2010-08-04,Mukeshbhai Gopalbhai Barot v. State of Gujarat,28847,,,
2010_9_654_669_EN,2010-08-05,Debashis Daw & Ors. v. State of West Bengal,30255,,,
2010_9_670_673_EN,2010-08-05,State of Karnataka v. Dondusa Namasa Baddi,5848,,,
2010_9_687_689_EN,2010-08-05,State of U.P. v. Siya Ram & Anr.,4151,,,
2010_9_705_722_EN,2010-08-09,Lakhan v. State of M.P.,34092,,,
2010_9_772_795_EN,2010-08-09,Virendra Singh v. State of Madhya Pradesh,45774,,,
2010_9_833_848_EN,2010-08-11,Saquib Abdul Hameed Nachan v. State of Maharashtra,29267,,,
2010_9_87_93_EN,2010-07-28,Arumugam v. The State Represented by Its Inspector of Police,13756,,,
2010_9_894_896_EN,2010-08-11,Rakesh Chand & Anr. v. State of Punjab,5877,,,
2010_9_993_1024_EN,2010-08-09,Atbir v. Govt. of N.C.T. of Delhi,57676,,,
2011_10_1147_1178_EN,2011-07-05,Elavarasan v. State Rep. by Inspector of Police,64091,,,
2011_10_1_26_EN,2011-07-06,Jahid Shaikh & Ors. v. State of Gujarat & Anr.,50518,,,
2011_10_253_259_EN,2011-08-12,Ram Mehar Singh v. State of N.C.T. of Delhi and Ors.,13689,,,
2011_10_260_275_EN,2011-08-12,Rajinder Singh Pathania & Ors. v. State of N.C.T. of Delhi & Ors.,29376,,,
2011_10_27_42_EN,2011-07-07,Prem Prakash @ Lillu & Anr. v. State of Haryana,30567,,,
2011_10_349_371_EN,2011-08-17,Maloth Somaraju v. State of AP.,49234,,,
2011_10_506_512_EN,2011-08-19,Ram Kumar v. State of U.P. & Ors.,12758,,,
2011_10_557_576_EN,2011-08-23,Inderjit Singh Grewal v. State of Punjab & Anr.,38979,,,
2011_10_56_195_EN,2011-08-10,Mohd. Arif @ Ashfaq v. State of NCT of Delhi,291493,,,
2011_10_655_661_EN,2011-08-25,Gurdeep Singh v. State of Punjab and Ors.,12761,,,
2011_10_662_684_EN,2011-08-25,State of Rajasthan & Ors. v. Sanyam Lodha,44753,,,
2011_10_739_754_EN,2011-08-29,Raghubir Singh v. State of Rajasthan and Ors.,31008,,,
2011_10_799_803_EN,2011-09-01,Surendra Prasad Shukla v. The State of Jharkhand & Ors.,8450,,,
2011_10_823_843_EN,2011-09-02,State of Rajasthan v. Arjun Singh & Ors. Etc,39419,,,
2011_10_844_849_EN,2011-09-02,Bhushan Kumar Meen v. State of Punjab and Ors.,11237,,,
2011_10_850_870_EN,2011-09-02,Arun Kumar Aggarwal v. State of Madhya Pradesh and Ors.,38663,,,
2011_10_949_992_EN,2011-07-04,Abhay Singh Chautala v. C.B.I,87614,,,
2011_11_136_140_EN,2011-09-05,Samar Bahadur Singh v. State of U.P. & Ors.,8566,,,
2011_11_197_205_EN,2011-09-06,Ajay Kumar Das v. State of Jharkhand & Anr.,16956,,,
2011_11_281_299_EN,2011-09-02,State of Punjab v. Central Bureau of Investigation & Ors.,36958,,,
2011_11_300_325_EN,2011-09-09,Raghuvansh Dewanchand Bhasin v. State of Maharashtra & Anr.,46758,,,
2011_11_365_373_EN,2011-09-12,Jakia Nasim Ahesan & Anr. v. State of Gujarat & Ors.,17440,,,
2011_11_377_385_EN,2011-09-13,Mahesh & Anr. v. State of Madhya Pradesh,17113,,,
2011_11_425_428_EN,2011-09-16,Abdul Ghafoor & Anr. v. State of Bihar,7338,,,
2011_11_429_443_EN,2011-09-19,Shivlal & Anr. v. State of Chhattisgarh,28609,,,
2011_11_458_474_EN,2011-09-19,D.M. Nagaraja v. The Government of Karnataka & Ors.,30105,,,
2011_11_504_507_EN,2011-09-23,Dinbandhu v. State of Bihar & Anr.,6695,,,
2011_11_627_630_EN,2011-09-28,Nasib Hussain Siddi and Ors. v. State of Gujarat,6577,,,
2011_11_631_634_EN,2011-09-28,Baljinder Singh @ Bittu v. State of Punjab,6829,,,
2011_11_678_689_EN,2011-09-29,State of Madhya Pradesh v. Narmada Bachao Andolan & Anr.,21185,,,
2011_11_744_761_EN,2011-09-30,Sham @ Kishor Bhaskarrao Matkari v. The State of Maharashtra,35016,,,
2011_11_808_816_EN,2011-10-11,"The State of Rajasthan & Ors. v. The High Court of Judicature for Rajasthan, Joohpur through Its Registrar General",15681,,,
2011_11_893_906_EN,2011-08-03,Vijay Kumar v. State of U.P. and Ors.,27120,,,
2011_11_907_964_EN,2011-08-04,Rafiq Ahmed @ Rafi v. State of U.P.,111891,,,
2011_11_95_104_EN,2011-09-02,Thota Venkateswarlu v. State of A.P. Tr. Princl. Sec. & Anr.,19507,,,
2011_12_1033_1044_EN,2011-10-13,The State of West Bengal and Others v. Sk. Nazrul Islam,21627,,,
2011_12_1173_1188_EN,2011-10-20,Pancho v. State of Haryana,29823,,,
2011_12_1205_1226_EN,2011-10-21,Surinder Kumar v. State of Haryana,42274,,,
2011_12_160_190_EN,2011-08-17,Amitava Banerjee @ Amit @ Bappa Banerjee v. State of West Bengal,60374,,,
2011_12_327_350_EN,2011-08-26,Mohan Singh v. State of Bihar,44744,,,
2011_12_375_392_EN,2011-09-01,Ajitsingh v. State of Punjab,33991,,,
2011_12_454_472_EN,2011-09-09,G. Reddeiah v. The Government of Andhra Pradesh & Anr.,36225,,,
2011_12_701_717_EN,2011-09-22,Gajraj v. State (Nct) of Delhi,33808,,,
2011_12_718_743_EN,2011-09-23,"Ab. Bhaskara Rao v. Inspector of Police, CBI Visakhapatnam",49857,,,
2011_12_781_940_EN,2011-10-12,Shri Girish Vyas & Anr. . v. The State of Maharashtra & Ors.,311188,,,
2011_13_1000_1053_EN,2011-09-13,Ajitsingh Harnamsingh Gujral v. State of Maharashtra,102656,,,
2011_13_1054_1076_EN,2011-09-13,Santosh Kumari v. State of J & K & Others,45797,,,
2011_13_151_155_EN,2011-11-14,Birbal B. Chouhan & Anr. etc. etc. v. State of Chhattisgarh etc. etc.,8992,,,
2011_13_177_184_EN,2011-11-16,Gulab Das & Ors. v. State of M.P.,13742,,,
2011_13_247_259_EN,2011-11-22,Shiv Shankar Singh v. State of Bihar & Anr.,23514,,,
2011_13_268_288_EN,2011-11-22,Bangaru Laxman v. State (through Cbi) & Another,36776,,,
2011_13_309_346_EN,2011-11-23,Sanjay Chandra v. CBI,73411,,,
2011_13_347_358_EN,2011-11-25,State of Haryana v. Rajmal and Another,20634,,,
2011_13_387_394_EN,2011-11-28,Punjab State Warehousing Corporation Faridkot v. M/s Sh. Durga Ji Traders & Ors.,14044,,,
2011_13_436_444_EN,2011-12-05,Narinder Singh Arora v. State (Govt. of NCT of Delhi) and Ors.,15068,,,
2011_13_459_474_EN,2011-12-05,Akram Khan v. State of West Bengal,29565,,,
2011_13_923_948_EN,2011-09-02,Ramachandran & Ors. etc. v. State of Kerala,46842,,,
2011_13_949_971_EN,2011-09-02,Prem Singh v. State of Haryana,45581,,,
2011_14_270_300_EN,2011-10-11,Deepak Verma v. State of Himachal Pradesh,63711,,,
2011_14_411_471_EN,2011-09-05,Mrinal Das & Ors. v. The State of Tripura,115948,,,
2011_14_617_656_EN,2011-09-23,Sadhwi Pragyna Singh Thakur v. State. of Maharashtra,80555,,,
2011_14_862_920_EN,2011-11-04,Prithipal Singh Etc v. State of Punjab & Anr. etc.,109589,,,
2011_14_921_944_EN,2011-09-20,Haresh Mohandas Rajput v. State of Maharashtra,42804,,,
2011_15_1030_1047_EN,2011-10-10,Mohd. Imran Khan v. State (Govt. of NCT of Delhi),36673,,,
2011_15_34_50_EN,2011-09-19,Rakesh & Another v. State of Madhya Pradesh,31637,,,
2011_15_485_511_EN,2011-12-01,State of Rajasthan v. Shera Ram @ Vishnu Dutta,52445,,,
2011_15_540_614_EN,2011-12-07,State of Punjab v. Davinder Pal Singh Bhullar & Ors. Etc,144589,,,
2011_15_927_929_EN,2011-02-22,Baldev Singh & Ors. v. State of Punjab,3909,,,
2011_15_92_134_EN,2011-09-28,Rajesh Kumar v. State through Govt. of NCT of Delhi-Ii,82572,,,
2011_1_1062_1075_EN,2011-01-25,Durbal v. State of U.P.,25661,,,
2011_1_1104_1158_EN,2011-01-28,State through C.B.I. v. Mahender Singh Dahiya,104443,,,
2011_1_110_123_EN,2011-01-05,Narwinder Singh v. State of Punjab,23242,,,
2011_1_124_132_EN,2011-01-06,Laxmichand @ Balbutya v. State of Maharashtra,17296,,,
2011_1_133_145_EN,2011-01-06,Surendera Mishra v. State of Jharkhand,25357,,,
2011_1_173_185_EN,2011-01-07,Daya Nand v. State of Haryana,23740,,,
2011_1_1_11_EN,2011-01-03,Jagat Singh v. State of H. P.,21600,,,
2011_1_279_294_EN,2011-01-11,"Vikas Kumar Roorkewal v. State of Uttarakhand and Ors.,",30897,,,
2011_1_295_297_EN,2011-01-11,S.K. Jha Commodre v. State of Kerala and Another,4013,,,
2011_1_406_435_EN,2011-01-14,State of U.P. v. Chhoteylal,56898,,,
2011_1_436_452_EN,2011-01-14,Tgn Kumar v. State of Kerala and Ors.,30538,,,
2011_1_48_65_EN,2011-01-04,Himanshu @ Chintu v. State of NCT of Delhi,34781,,,
2011_1_556_562_EN,2011-01-24,Gurdial Singh & Ors. v. State of Punjab,13986,,,
2011_1_563_571_EN,2011-01-25,M/s. B.Fine Art Auctioneers Pvt. Ltd. & Ors. v. C.B.I. & Anr.,17586,,,
2011_1_590_599_EN,2011-01-03,State of Kerala v. Raneef,17190,,,
2011_1_608_628_EN,2011-01-05,M. Nageshwar Rao v. State of Andhra Pradesh,40819,,,
2011_1_629_643_EN,2011-01-07,Sajjan Sharma v. State of Bihar,28202,,,
2011_1_647_650_EN,2011-01-11,Kamleshwar Paswan v. State of U.T. Chandigarh,5367,,,
2011_1_724_740_EN,2011-02-14,Bansi Lal v. State of Haryana,30437,,,
2011_1_72_81_EN,2011-01-05,Mangesh v. State of Maharashtra,16700,,,
2011_1_770_783_EN,2011-01-14,Lakhan Lal v. State of Bihar,24750,,,
2011_1_790_795_EN,2011-01-18,State of Madhya Pradesh v. Vishweshwar Kol,12234,,,
2011_1_829_837_EN,2011-01-24,Rameshbhai Chandubhai Rathod v. The State of Gujarat,17250,,,
2011_1_94_109_EN,2011-01-05,Kailas & Others v. State of Maharashtra Tr. Taluka P.S.,30384,,,
2011_1_997_1061_EN,2011-01-25,"Manjit Singh @ Mange v. CBI, through Its S.P.",121992,,,
2011_2_1136_1141_EN,2011-02-22,Dayal Das v. State of Rajasthan,9779,,,
2011_2_121_133_EN,2011-01-12,Iqbal Moosa Patel v. State of Gujarat,24719,,,
2011_2_147_179_EN,2011-01-18,Alamelu & Anr. v. State Represented by Inspector of Police,65191,,,
2011_2_243_245_EN,2011-01-25,Amar Bahadur Singh v. State of U.P.,4532,,,
2011_2_246_249_EN,2011-01-27,Ashok Surajlal Ulke v. State of Maharashtra,7052,,,
2011_2_338_363_EN,2011-02-01,R.S. Mishra v. State of Orissa & Ors.,50332,,,
2011_2_478_482_EN,2011-02-03,Nachhattar Singh & Ors. v. State of Punjab,8063,,,
2011_2_483_485_EN,2011-02-03,Jagga Singh and Anr. v. State of Punjab,4051,,,
2011_2_540_555_EN,2011-02-04,Kilakkatha Parambath Sasi & Ors. v. State of Kerala,31276,,,
2011_2_627_641_EN,2011-02-08,"Bachni Devi and Anr. v. State of Haryana through Secretary, Home Department",27802,,,
2011_2_642_647_EN,2011-02-08,Bhola Singh v. State of Punjab,9365,,,
2011_2_888_906_EN,2011-02-11,Jarnail Singh v. State of Punjab,33951,,,
2011_2_925_931_EN,2011-02-14,Budhadev Karmaskar v. State of West Bengal,9990,,,
2011_2_939_944_EN,2011-02-15,Surendra Koli v. State of U.P. and Ors.,8858,,,
2011_3_1054_1069_EN,2011-03-28,R. Ramachandran Nair v. The Deputy Superintendent Vigilance Police & Anr.,28999,,,
2011_3_1070_1086_EN,2011-03-28,Rajesh Singh & Ors. v. State of U.P.,33674,,,
2011_3_1091_1106_EN,2011-03-29,Mehboob Batcha and Ors. v. State Rep. by Supdt. of Police,29118,,,
2011_3_1107_1111_EN,2011-03-29,Ranjit Singh v. State of Punjab,9414,,,
2011_3_1112_1115_EN,2011-03-29,State of Rajasthan v. Tara Singh,7030,,,
2011_3_1116_1133_EN,2011-03-29,"Asmathunnisa v. State of A.P. Represented by the Public Prosecutor, High Court of A.P., Hyderabad & Another",31247,,,
2011_3_176_188_EN,2011-02-23,Amerika Rai & Ors. v. State of Bihar,26016,,,
2011_3_197_201_EN,2011-02-23,Vishnu Agarwal v. State of U.P. and Anr.,7308,,,
2011_3_1_133_EN,2011-01-11,Girnar Traders v. State of Maharashtra and Ors.,273347,,,
2011_3_205_208_EN,2011-02-24,Swapan Kumar Senapati v. State of West Bengal,6748,,,
2011_3_209_216_EN,2011-02-24,Md. Sukur Ali v. State of Assam,13814,,,
2011_3_237_241_EN,2011-02-24,Tukaram & Ors. v. State of Maharashtra,7857,,,
2011_3_242_271_EN,2011-02-25,Ashok Tshering Bhutia v. State of Sikkim,55183,,,
2011_3_437_470_EN,2011-03-01,M. Mohan v. The State Represented by the Deputy Superintendent of Police,61874,,,
2011_3_471_479_EN,2011-03-02,Prahalad Patel v. State of Madhya Pradesh,14941,,,
2011_3_581_588_EN,2011-01-27,Sukhbir Singh and Anr. v. State of Punjab,15029,,,
2011_3_769_791_EN,2011-03-09,"Haricharan & Anr. v. State of Madhya Pradesh & Ors.,",44137,,,
2011_3_792_822_EN,2011-03-09,Nilesh Dinkar Paradkar v. State of Maharashtra,56613,,,
2011_3_823_829_EN,2011-03-10,Rajesh Kumar Srivastava v. State of Jharkhand & Ors.,12392,,,
2011_3_964_969_EN,2011-03-17,Commr. of Police and Ors. v. Sandeep Kumar,9365,,,
2011_4_1176_1202_EN,2011-03-08,State of U.P. v. Naresh and Ors.,51101,,,
2011_4_117_122_EN,2011-03-31,Shindo Alias Sawinder Kaur and Anr. v. State of Punjab,10677,,,
2011_4_123_135_EN,2011-03-31,State of U.P. v. Preetam & Ors.,24420,,,
2011_4_15_18_EN,2011-03-30,Chandra Bonia v. State of Assam,6104,,,
2011_4_200_204_EN,2011-04-04,K. P. Thimmappa Gowda v. State of Karnataka,8473,,,
2011_4_253_262_EN,2011-04-05,Ashok @ Dangra Jaiswal v. State of M.P.,18516,,,
2011_4_289_311_EN,2011-02-10,Sri Indra Das v. State of Assam,41303,,,
2011_4_312_366_EN,2011-02-15,Sheo Shankar Singh v. State of Jharkhand & Anr.,108505,,,
2011_4_585_629_EN,2011-02-22,Ramesh v. State of Rajasthan,90640,,,
2011_4_646_662_EN,2011-03-29,Binod Kumar v. State of Jharkhand and Ors.,30623,,,
2011_4_711_722_EN,2011-04-04,Rukia Begum v. State of Karnataka,24105,,,
2011_4_740_763_EN,2011-04-05,Rekha v. State of T Nadu Tr.Sec.To Govt. & Anr.,42738,,,
2011_4_817_837_EN,2011-04-11,Kulvinder Singh & Anr. v. State of Haryana,40242,,,
2011_4_889_943_EN,2011-02-18,Radheyshyam Kejriwal v. State of West Bengal and Anr.,107420,,,
2011_4_969_982_EN,2011-02-22,CBI v. Mustafa Ahmed Dossa,26838,,,
2011_4_983_999_EN,2011-02-24,Narayan Dutt and Ors. v. State of Punjab and Anr.,29559,,,
2011_5_1015_1018_EN,2011-05-02,Lal Kishore Jha v. State of Jharkhand & Anr.,7198,,,
2011_5_1044_1047_EN,2011-05-03,Bhaiyamiyan @ Jardar Khan & Anr. v. State of Madhya Pradesh,7573,,,
2011_5_1180_1188_EN,2011-05-05,State of Maharashtra v. Ravikant Shankarappa Patil & Ors.,16325,,,
2011_5_1189_1200_EN,2011-05-06,Murugan @ Settu v. State of Tamil Nadu,21791,,,
2011_5_186_217_EN,2011-04-11,Kuldip Yadav & Ors. v. State of Bihar,58595,,,
2011_5_1_25_EN,2011-03-18,State of M.P. v. Ramesh and Anr.,45783,,,
2011_5_300_312_EN,2011-04-13,Veeran & Ors. v. State of M.P.,24303,,,
2011_5_313_316_EN,2011-04-13,Babulal Sahu v. State of Chhatisgarh,5680,,,
2011_5_448_459_EN,2011-04-18,Waikhom Yaima Singh v. State of Manipur,23758,,,
2011_5_501_504_EN,2011-04-19,Gopal v. State of Karnataka,7019,,,
2011_5_518_532_EN,2011-04-20,Md. Mannan @ Abdul Mannan v. State of Bihar,29213,,,
2011_5_550_556_EN,2011-04-20,Gurmail Singh v. State of Punjab,11843,,,
2011_5_577_586_EN,2011-04-21,Fahim Khan v. State of Bihar Now Jharkhand,18093,,,
2011_5_691_704_EN,2011-03-30,Harjit Singh v. State of Punjab,25718,,,
2011_5_729_768_EN,2011-04-08,Narmada Bai v. State of Gujarat and Ors.,79610,,,
2011_5_769_770_EN,2011-04-18,Bhanu Valve v. State,1920,,,
2011_5_824_840_EN,2011-04-21,"CBI, Hyderabad v. Subramani Gopalakrishnan & Anr.",31725,,,
2011_5_877_880_EN,2011-04-26,Bahadur Singh v. State of Punjab,7421,,,
2011_5_881_883_EN,2011-04-26,Zahoor & Ors. v. State of U.P.,4051,,,
2011_5_958_961_EN,2011-04-28,Natha Shankar Mahajan v. State of Maharashtra,7221,,,
2011_5_962_966_EN,2011-04-28,Buddhu Singh v. State of Bihar (Now Jharkhand),7867,,,
2011_5_967_981_EN,2011-04-28,Ram Singh v. Central Bureau of Narcotics,27549,,,
2011_5_982_989_EN,2011-04-28,Roopsena Khatun v. State of West Bengal,13775,,,
2011_6_1017_1036_EN,2011-06-13,State of U. P. v. Mohd .. Iqram & Anr.,35186,,,
2011_6_1037_1049_EN,2011-06-14,Bhagaloo Lodh and Anr. v. State of U.P.,23820,,,
2011_6_1050_1061_EN,2011-06-17,State of Rajasthan v. Talevar & Anr.,21413,,,
2011_6_1062_1071_EN,2011-06-17,Ghurelal and Ors. v. State of Rajasthan,18960,,,
2011_6_1072_1095_EN,2011-06-29,Waman & Ors. v. State of Maharashtra,45499,,,
2011_6_1104_1115_EN,2011-07-04,Sudam @ Rahul Kaniram Jadhav v. State of Maharashtra,23046,,,
2011_6_138_209_EN,2011-05-02,Satyavir Singh Rathi v. State Thr. C.B.I,141283,,,
2011_6_210_224_EN,2011-05-03,Shaji and Ors. v. State of Kerala,27999,,,
2011_6_330_346_EN,2011-05-09,Bhagwan Dass v. State(Nct) of Delhi,31330,,,
2011_6_384_391_EN,2011-05-11,C.B.I. and Ors. v. Keshub Mahindra etc. etc.,14320,,,
2011_6_443_563_EN,2011-05-11,Narmada Bachao Andolan v. State of Madhya Pradesh & Anr.,227673,,,
2011_6_759_773_EN,2011-05-12,Allahabad High School Society Allahabad & Anr. v. State of U.P. & Ors.,28188,,,
2011_6_83_95_EN,2011-04-11,Sunita Kumari Kashyap v. State of Bihar and Anr.,24870,,,
2011_6_864_872_EN,2011-05-16,State of Kerala and Anr. v. C.P. Rao,14676,,,
2011_6_873_881_EN,2011-05-16,Birender Poddar v. State of Bihar,16664,,,
2011_6_882_888_EN,2011-05-18,M.P. State v. Pradeep Kumar Gupta,10456,,,
2011_6_889_894_EN,2011-05-19,Gopal v. State of Madhya Pradesh,11180,,,
2011_6_895_912_EN,2011-04-28,Kanwarjit Singh Kakkar v. State of Punjab and Anr.,34470,,,
2011_6_941_957_EN,2011-05-10,Guru Dev Singh v. State of M.P.,32992,,,
2011_6_958_973_EN,2011-05-19,Yomeshbhai Pranshankar Bhatt v. State of Gujarat,28431,,,
2011_6_974_977_EN,2011-05-20,Narcotics Central Bureau v. Sukh Dev Raj Sodhi,5869,,,
2011_6_978_987_EN,2011-05-24,Rajput Jabbarsingh Malaji v. State of Gujarat,19110,,,
2011_6_988_998_EN,2011-05-24,State of Rajasthan v. Islam,19395,,,
2011_6_999_1016_EN,2011-06-09,A Shankar v. State of Karnataka,32069,,,
2011_7_1037_1069_EN,2011-07-06,Jalpat Rai & Ors. v. State of Haryana,63778,,,
2011_7_1080_1098_EN,2011-07-07,Om Prakash v. State of Haryana,36330,,,
2011_7_1099_1128_EN,2011-07-07,State of Rajasthan Th. Secy.Home Dept. v. Abdul Mannan & Anr.,59536,,,
2011_7_1129_1151_EN,2011-07-07,State of Delhi v. Ram Avtar@ Rama,45854,,,
2011_7_1152_1168_EN,2011-07-07,Nand Kishore v. State of Madhya Pradesh,34516,,,
2011_7_1_30_EN,2011-07-04,Bhajan Singh @ Harbhajan Singh & Ors. v. State of Haryana,55575,,,
2011_7_354_394_EN,2011-04-20,"Inspector of Police, Tamil Nadu v. John David",79632,,,
2011_7_41_59_EN,2011-07-04,"Sunil Rai @ Paua & Ors. v. Union Territory, Chandigarh",35491,,,
2011_7_836_845_EN,2011-07-04,Chitiaranjan Das v. State of Orissa,18817,,,
2011_7_889_909_EN,2011-07-05,Senior Intelligence Officer v. Jugal Kishore Samra,39813,,,
2011_8_1028_1087_EN,2011-07-05,Nandini Sundar and Ors. v. State of Chattisgarh,121323,,,
2011_8_1_24_EN,2011-05-06,Sushil Suri v. C.B.I & Anr.,45788,,,
2011_8_234_238_EN,2011-07-13,Sayaji Hanmant Bankar v. State of Maharashtra,9576,,,
2011_8_239_241_EN,2011-07-14,Chhotelal v. State of M.P.,4518,,,
2011_8_273_358_EN,2011-04-04,Chandran @ Manichan @ Maniyan v. State of Kerala,179526,,,
2011_8_639_652_EN,2011-05-20,Rangku Dutta @ Ranjan Kumar Dutta v. State of Assam,25127,,,
2011_8_774_797_EN,2011-07-04,Krishan Kumar Malik v. State of Haryana,45474,,,
2011_8_815_828_EN,2011-07-04,Joseph Salvaraj A. v. State of Gujarat & Ors.,26314,,,
2011_8_83_104_EN,2011-06-14,Sk. Yusuf v. State of West Bengal,41164,,,
2011_9_101_117_EN,2011-07-13,Mustkeem @ Sirajudeen v. State of Rajasthan,31869,,,
2011_9_1061_1066_EN,2011-08-09,Mahendra Singh v. State of Utiaranchal,8388,,,
2011_9_1067_1075_EN,2011-08-10,"C. Ronald & Anr. v. State, U.T. of Andaman & Nicobar Islands",15645,,,
2011_9_1138_1150_EN,2011-08-10,Sarojben Ashwinkumar Shah v. State of Gujarat and Anr.,23833,,,
2011_9_118_121_EN,2011-07-14,Srivalla Srinivasa Rao & Ors. v. State of A.P.,7268,,,
2011_9_282_286_EN,2011-07-19,Prahalad Singh & Ors. v. State of M.P.,9300,,,
2011_9_287_289_EN,2011-07-19,Man Singh v. State of U.P.,4825,,,
2011_9_342_347_EN,2011-07-20,Dandu Jaggaraju v. State of A.P.,10579,,,
2011_9_359_370_EN,2011-07-20,Disha v. State of Gujarat & Ors.,22022,,,
2011_9_41_69_EN,2011-07-07,State of Maharashtra v. Goraksha Ambaji Adsul,55476,,,
2011_9_435_438_EN,2011-07-21,Nikku Khan @ Mohammadeen v. State of Haryana,5577,,,
2011_9_439_445_EN,2011-07-21,Munilal Mochi v. State of Bihar & Anr.,12970,,,
2011_9_446_452_EN,2011-07-21,"Nirmal Singh Pehlwan @ Nimma v. Inspector, Customs, Customs House, Punjab",13158,,,
2011_9_453_490_EN,2011-07-21,A. Subash Babu v. State of A.P.& Anr.,77727,,,
2011_9_494_502_EN,2011-07-26,State of Punjab v. Jagtar Singh and Ors.,17570,,,
2011_9_503_539_EN,2011-07-26,Gosu Jairami Reddy & Anr. v. State of A.P.,74546,,,
2011_9_571_573_EN,2011-07-28,Sudarshan Kumar v. State of Haryana,4460,,,
2011_9_656_663_EN,2011-08-02,P. Parasurami Reddy v. State of A.P.,14672,,,
2011_9_859_874_EN,2011-08-05,Shah Nawaj v. State of U.P. & Anr.,27711,,,
2011_9_875_878_EN,2011-08-08,Bhaskar Mishra v. State of Madhya Pradesh,6735,,,
2011_9_879_889_EN,2011-08-08,Rajender Singh v. State of Haryana,20814,,,
2011_9_890_901_EN,2011-08-08,Amit Singh v. State of Maharashtra & Anr.,21372,,,
2012_10_1034_1049_EN,2012-11-09,Sheoraj Singh Ahlawat & Ors. v. State of Uttar Pradesh & Anr.,30194,,,
2012_10_1050_1063_EN,2012-11-09,Ram Chandra Bhagat v. State of Jharkhand,26152,,,
2012_10_1079_1089_EN,2012-11-09,C.K. Jaffer Sharief v. State (through Cbi),21171,,,
2012_10_1135_1147_EN,2012-11-22,Vadlakonda Lenin v. State of Andhra Pradesh,23559,,,
2012_10_1157_1174_EN,2012-11-22,Suresh & Ors. v. State of Madhya Pradesh,32610,,,
2012_10_157_203_EN,2012-08-03,Dayal Singh & Ors. v. State of Uttaranchal,92228,,,
2012_10_1_37_EN,2012-07-10,Anand Mohan v. State of Bihar,74472,,,
2012_10_229_270_EN,2012-08-16,Ravi Kapur v. State of Rajasthan,83327,,,
2012_10_271_306_EN,2012-08-17,Subhash Krishnan v. State of Goa,72411,,,
2012_10_480_511_EN,2012-08-31,Mohd. Hussain @ Julfikar Ali v. The State (Govt. of Nct) Delhi,62348,,,
2012_10_540_569_EN,2012-09-13,Ashwani Kumar Saxena v. State of M.P.,58157,,,
2012_10_570_602_EN,2012-09-13,Kuria & Anr. v. State of Rajasthan,62880,,,
2012_10_641_671_EN,2012-09-27,V.K. Sasikala v. State Rep. by Superintendent of Police,61552,,,
2012_10_70_94_EN,2012-07-17,Ajay Pandit @ Jagdish Dayabhai Patel & Anr. v. State of Maharashtra,48768,,,
2012_10_790_815_EN,2012-10-10,Avtar Singh v. State of Haryana,53585,,,
2012_10_816_846_EN,2012-10-16,State of Gujarat and Anr. v. Gujarat Revenue Tribunal Bar Association and Anr.,60347,,,
2012_10_847_861_EN,2012-10-16,Kanwar Singh Meena v. State of Rajasthan & Anr.,31240,,,
2012_10_950_973_EN,2012-11-02,Sathya Narayanan v. State Rep. by Inspector of Police,45622,,,
2012_10_95_156_EN,2012-07-11,Shyamal Ghosh v. State of West Bengal,122016,,,
2012_11_1010_1031_EN,2012-12-13,Kishan Chand v. State of Haryana,43351,,,
2012_11_109_125_EN,2012-11-27,Raju @ Balachandran & Ors. v. State of Tamil Nadu,31163,,,
2012_11_1114_1154_EN,2012-12-13,Radhakrishna Nagesh v. State of Andhra Pradesh,78752,,,
2012_11_1155_1176_EN,2012-12-14,Soman v. State of Kerala,37903,,,
2012_11_174_198_EN,2012-11-30,The Deputy Inspector General of Police & Anr. v. S. Samuthiram,45844,,,
2012_11_199_208_EN,2012-11-30,Pramod Bhanudas Soundankar v. State of Maharashtra,17567,,,
2012_11_1_21_EN,2012-11-22,Satish Mehra v. State of N.C.T. of Delhi & Anr.,39872,,,
2012_11_220_229_EN,2012-12-03,Krishan Lal v. State of Rajasthan & Anr.,18510,,,
2012_11_230_239_EN,2012-09-03,Jodhbir Singh v. State of Punjab,17486,,,
2012_11_404_413_EN,2012-10-19,Sumit Tomar v. The State of Punjab,19126,,,
2012_11_466_499_EN,2012-11-27,M/s. Laxmi Dyechem v. State of Gujarat & Ors.,66644,,,
2012_11_683_751_EN,2012-12-07,Ritesh Sinha v. The State of Utiar Pradesh & Anr.,131675,,,
2012_11_802_824_EN,2012-12-12,Kashmir Kaur & Anr. v. State of Punjab,41228,,,
2012_11_848_872_EN,2012-12-13,Budhi Singh v. State of H.P.,48165,,,
2012_11_916_950_EN,2012-11-02,The State of Maharashtra & Ors. Etc.Etc. v. Saeed Sohail Sheikh etc. etc.,67988,,,
2012_11_951_963_EN,2012-11-27,Madala Venkata Narsimha Rao v. State of A.P.,23888,,,
2012_11_964_984_EN,2012-12-13,Sukhdev Singh v. State of Haryana,41190,,,
2012_11_985_1009_EN,2012-12-13,Jeewan & Ors. v. State of Uttarakhand,46886,,,
2012_12_1033_1076_EN,2012-09-26,Ashrafkhan @ Babu Munnekhan Pathan v. State of Gujarat,76609,,,
2012_12_299_314_EN,2012-07-26,Arvindkumar Anupalal Poddar v. State of Maharashtra,27791,,,
2012_12_544_564_EN,2012-11-09,Shantibhai J. Vaghela and Anr. v. State of Gujarat and Ors.,35908,,,
2012_12_701_726_EN,2012-12-03,"N.V. Subba Rao v. State, through Inspector of Police, Cbi/Spe,Visakhapatnam, A.P.",51557,,,
2012_12_774_794_EN,2012-12-06,Sri Bhagwan v. State of U.P.,42402,,,
2012_12_881_946_EN,2012-08-03,"State Tr. P.S. Lodhi Colony, New Delhi v. Sanjeev Nanda",125039,,,
2012_13_1049_1066_EN,2012-12-13,Sandesh Alias Sainath Kailash Abhang v. State of Maharashtra,35212,,,
2012_13_1067_1092_EN,2012-12-13,Sahabuddin & Anr. v. State of Assam,48175,,,
2012_13_1150_1188_EN,2012-12-13,Yanab Sheikh@ Gagu v. State of West Bengal,72636,,,
2012_13_1213_1231_EN,2012-12-14,Attar Singh v. State of Maharashtra,36530,,,
2012_13_148_160_EN,2012-11-22,Rakesh Kapoor v. State of Himachal Pradesh,23485,,,
2012_13_161_173_EN,2012-12-04,Jeetu @ Jitendera & Ors. v. State of Chhattisgarh,22537,,,
2012_13_1_28_EN,2012-10-12,Murugesan and Ors. v. State through Inspector of Police,55700,,,
2012_13_517_540_EN,2012-11-21,Gurmail Singh v. State of Punjab & Anr.,45417,,,
2012_13_541_554_EN,2012-11-22,Bharat Soni etc. v. State of Chhatisgarh,26373,,,
2012_13_634_658_EN,2012-12-04,Surajit Sarkar v. State of West Bengal,47955,,,
2012_13_659_696_EN,2012-12-06,Akil@ Javed v. State of NCT of Delhi,74628,,,
2012_13_740_776_EN,2012-12-11,Oma @ Omprakash and Anr. v. State of Tamil Nadu,70153,,,
2012_13_777_809_EN,2012-12-12,Dr. Mohammad Khalil Chisti v. State of Rajasthan,64917,,,
2012_13_85_128_EN,2012-11-20,Sangeet & Anr. v. State of Haryana,82820,,,
2012_13_880_900_EN,2012-12-13,Krishan v. State of Haryana,40911,,,
2012_13_901_948_EN,2012-12-13,Anju Chaudhary v. State of U.P. & Anr.,94295,,,
2012_13_971_980_EN,2012-12-13,Ashok Kumar v. State of Uttarakhand & Ors.,17978,,,
2012_13_981_1004_EN,2012-12-13,Haradhan Das v. State of West Bengal,46713,,,
2012_1_1009_1022_EN,2012-02-23,Amit v. State of Uttar Pradesh,28005,,,
2012_1_1066_1117_EN,2012-02-27,Lalita Kumari v. Government of U.P. & Others,99332,,,
2012_1_1160_1167_EN,2012-02-28,Om Kr. Dhankar v. State of Haryana & Anr.,14088,,,
2012_1_1168_1176_EN,2012-02-28,Surendra and Others v. State of U.P.,16239,,,
2012_1_145_194_EN,2012-01-12,Alister Anthony Pareira v. State of Maharashtra,97142,,,
2012_1_195_200_EN,2012-01-12,Azija Begum v. State of Maharashtra & Anr.,9301,,,
2012_1_1_11_EN,2012-01-04,Yumman Ongbi Lembi Leima v. State of Manipur & Ors.,22185,,,
2012_1_201_208_EN,2012-01-12,Jile Singh v. State of U.P. & Anr.,12900,,,
2012_1_26_30_EN,2012-01-05,Munagala Yadamma v. State of A.P. & Ors.,8876,,,
2012_1_311_317_EN,2012-01-16,Maulana Mohd. Amir Rashadi v. State of U.P. & Anr.,12299,,,
2012_1_31_44_EN,2012-01-06,"Dr. Mrs. Nupur Talwar v. C.B.I., Delhi & Anr.",23977,,,
2012_1_330_351_EN,2012-01-17,Vasanti Dubey v. State of Madhya Pradesh,43735,,,
2012_1_411_421_EN,2012-01-19,Shanmughan v. State of Kerala,18702,,,
2012_1_45_53_EN,2012-01-06,State of Punjab v. Balwinder Singh and Ors.,15731,,,
2012_1_477_503_EN,2012-02-01,Roy Fernandes v. State of Goa and Ors.,52759,,,
2012_1_504_526_EN,2012-02-01,Nand Kumar Verma v. State of Jharkhand & Ors.,45495,,,
2012_1_64_127_EN,2012-01-11,Mohd. Hussain @ Julfikar Ali v. The State (Govt. of Nct) Delhi,111487,,,
2012_1_779_807_EN,2012-02-01,Imtiyaz Ahmad v. State of Uttar Pradesh & Ors.,45452,,,
2012_1_822_828_EN,2012-02-03,Bavo @ Manubhai Ambalal Thakore v. State of Gujarat,11559,,,
2012_1_829_835_EN,2012-02-03,Susanta Ghosh v. State of West Bengal,12955,,,
2012_1_890_895_EN,2012-02-07,Absar Alam @ Afsar Alam v. State of Bihar,10004,,,
2012_1_896_907_EN,2012-02-10,Lokesh Shivakumar v. State of Karnataka,21895,,,
2012_1_985_1000_EN,2012-02-21,Subramanian v. State of Tamil Nadu & Anr.,30150,,,
2012_2_104_138_EN,2012-01-18,Rameshbhai Dabhai Naika v. State of Gujarat & Others,69800,,,
2012_2_1164_1180_EN,2012-01-18,Onkar & Anr. v. State of U.P.,30471,,,
2012_2_139_161_EN,2012-01-19,Sudevanand v. State through CBI,44960,,,
2012_2_225_250_EN,2012-02-29,Rajendra Pralhadrao Wasnik v. The State of Maharashtra,49231,,,
2012_2_289_302_EN,2012-03-02,"Sampath Kumar v. Inspector of Police, Krishnagiri",26330,,,
2012_2_512_524_EN,2012-03-19,State of Orissa & Ors. v. Ujjal Kumar Burdhan,24205,,,
2012_2_546_563_EN,2012-03-22,Sayed Darain A.Hsan @ Darain v. State of West Bengal & Anr.,35174,,,
2012_2_564_570_EN,2012-03-23,State of Rajasthan v. Mohan Lal & Ors.,12532,,,
2012_2_640_647_EN,2012-01-04,Rushikesh Tanaji Bhoite v. State of Maharashtra & Ors.,14350,,,
2012_2_663_672_EN,2012-03-30,Shobhan Singh Khanka v. The State of Jharkhand,18295,,,
2012_2_696_707_EN,2012-04-04,Bhushan Kumar & Anr. v. State (NCT of Delhi) & Anr.,20294,,,
2012_2_875_886_EN,2012-04-13,Vijay Singh v. State of U.P. & Ors.,19794,,,
2012_2_986_1034_EN,2012-01-13,Madhu v. State of Kerala,100029,,,
2012_3_1059_1065_EN,2012-04-10,Ram Dhan v. State of U.P. and Anr.,13267,,,
2012_3_1066_1083_EN,2012-04-17,Hiralal Pandey and Ors. v. State of U.P,35565,,,
2012_3_1155_1177_EN,2012-04-23,Sangeetaben Mahendrabhai Patel v. State of Gujarat and Anr.,42082,,,
2012_3_278_294_EN,2012-02-10,Dipak Shubhashchandra Mehta v. C.B.I. and Anr.,31817,,,
2012_3_496_539_EN,2012-02-17,Rattiram & Ors. v. State of M. P. through Inspector of Police,84274,,,
2012_3_558_570_EN,2012-02-23,Sonu Sardar v. State of Chhatisgarh,24778,,,
2012_3_599_629_EN,2012-02-28,Brajendrasingh v. State of Madhya Pradesh,60656,,,
2012_3_630_685_EN,2012-02-28,Ramnaresh & Ors. v. State of Chhattisgarh,104050,,,
2012_3_686_719_EN,2012-02-29,Mano Dutt & Anr. v. State of U.P.,66391,,,
2012_3_887_897_EN,2012-03-22,Promode Dey v. State of West Bengal,21188,,,
2012_3_898_946_EN,2012-03-23,Heinz India Pvt. Ltd. & Anr. v. State of U.P. & Ors.,97079,,,
2012_4_287_341_EN,2012-02-01,Lee Kun Hee & Ors. v. State of U.P. & Ors.,110220,,,
2012_4_342_365_EN,2012-05-08,Alagupandi @ Alagupandian v. State of Tamil Nadu,44406,,,
2012_4_366_396_EN,2012-05-08,Sahadevan & Anr. v. State of Tamil Nadu,60772,,,
2012_4_408_447_EN,2012-05-08,Jitender Kumar v. State of Haryana,79373,,,
2012_4_529_552_EN,2012-05-10,Atmaram & Ors. v. State of Madhya Pradesh,45990,,,
2012_4_560_573_EN,2012-05-10,Abdul Nawaz v. State of West Bengal,27282,,,
2012_4_608_660_EN,2012-02-01,State of Punjab v. Dalbir Singh,98708,,,
2012_4_841_880_EN,2012-03-02,Rajesh Talwar v. C.B.I. & Ors.,80582,,,
2012_5_1074_1107_EN,2012-05-11,Samaj Parivartan Samudaya & Ors. v. State of Karnataka &Ors.,68783,,,
2012_5_1129_1153_EN,2012-05-15,Thoti Manohar v. State of Andhra Pradesh,47882,,,
2012_5_1154_1172_EN,2012-05-17,Amar Pal Singh v. State of U.P. and Anr.,35704,,,
2012_5_1173_1184_EN,2012-05-17,Huidrom Konungjao Singh v. State of Manipur & Ors.,21259,,,
2012_5_184_191_EN,2012-03-27,Sunil Kumar v. State of Haryana,13740,,,
2012_5_1_15_EN,2012-03-14,Jai Prakash Singh v. The State of Bihar & Anr. etc.,26633,,,
2012_5_237_260_EN,2012-04-13,Om Prakash v. State of Rajasthan and Anr.,49707,,,
2012_5_276_304_EN,2012-04-19,State of Haryana v. Shakuntla and Ors.,57265,,,
2012_5_37_66_EN,2012-03-15,Bhajju @ Karan Singh v. State of M.P.,59137,,,
2012_5_568_582_EN,2012-04-30,Deepak Khinchi v. State of Rajasthan,28262,,,
2012_5_599_660_EN,2012-05-01,General Officer Commanding v. CBI and Anr.,118368,,,
2012_5_661_673_EN,2012-05-03,Arjun v. State of Maharashtra,25819,,,
2012_5_674_695_EN,2012-05-04,Rashmi Rekha Thatoi & Anr. v. State of Orissa & Ors.,39919,,,
2012_5_67_117_EN,2012-03-15,Govindaraju@ Govinda v. State by Sriramapuram P.S. & Anr.,101903,,,
2012_5_696_714_EN,2012-05-07,Neel Kumar @ Anil Kumar v. The State of Haryana,34701,,,
2012_5_850_871_EN,2012-05-08,Kathi Bharat Vajsur & Anr. v. State of Gujarat,40956,,,
2012_5_872_894_EN,2012-05-08,Nagesh v. State of Karnataka,46216,,,
2012_5_895_918_EN,2012-05-10,Rajesh Bhatnagar v. State of Uttarakhand,45606,,,
2012_5_919_929_EN,2012-05-10,Mrudul M. Damle & Anr. v. C.B.I. New Delhi,20859,,,
2012_5_930_941_EN,2012-05-10,Salim Gulab Pathan v. State of Maharashtra through Sho,23185,,,
2012_5_942_951_EN,2012-05-10,Para Seenaiah & Anr. v. State of Andhra Pradesh & Anr.,18612,,,
2012_5_952_993_EN,2012-05-11,Sandeep v. State of U.P.,82326,,,
2012_6_1026_1038_EN,2012-07-24,Arumugam v. State Rep. by Insp. of Police,24773,,,
2012_6_1047_1067_EN,2012-07-30,Jainendra Singh v. State of U.P. Tr. Prinl. Sec. Home & Ors.,38888,,,
2012_6_1068_1078_EN,2012-07-31,Krishnappa & Ors. v. State of Karnataka by Babaleshwara Police Station,20848,,,
2012_6_1143_1152_EN,2012-08-03,Sadhupati Nageswara Rao v. State of Andhra Pradesh,19330,,,
2012_6_1153_1175_EN,2012-08-07,Rai Sandeep @ Deepu v. State of NCT of Delhi,46851,,,
2012_6_148_164_EN,2012-05-25,Narender Kumar v. State (Nct) of Delhi,30119,,,
2012_6_165_181_EN,2012-05-29,Narendra Champaklal Trivedi v. State of Gujarat,33331,,,
2012_6_18_33_EN,2012-05-21,State of Rajasthan v. Darshan Singh @ Darshan Lal,29308,,,
2012_6_193_214_EN,2012-05-29,Jugendra Singh v. State of U.P.,41178,,,
2012_6_1_17_EN,2012-05-18,State of Rajasthan v. Vinod Kumar,30562,,,
2012_6_230_236_EN,2012-07-02,Bishnupada Sarkar & Anr. v. State of West Bengal,12338,,,
2012_6_517_533_EN,2012-07-10,Bable @ Gurdeep Singh v. State of Chattisgarh Tr.P.S.O.P. Kursipur,32817,,,
2012_6_534_544_EN,2012-07-20,Jayrajsinh Digvijaysinh Rana v. State of Gujarat and Anr.,20172,,,
2012_6_558_560_EN,2012-07-20,Ramesh Chilwal @ Bombayya v. State of Uttarakhand,3998,,,
2012_6_581_591_EN,2012-07-23,Polamuri Chandra Sekhararao @ Chinna@ Babji v. State of A.P.,21095,,,
2012_6_592_610_EN,2012-07-24,M. Sarvana @ K.D. Saravana v. State of Karnataka,34445,,,
2012_6_611_660_EN,2012-05-08,"Munna Kumar Upadhyaya @ Munna Upadhyaya v. The State of Andhra Pradesh through Public Prosecutor, Hyderabad, Andhra Pradesh",97704,,,
2012_6_62_74_EN,2012-05-22,Rohtash v. State of Haryana,24218,,,
2012_6_688_709_EN,2012-05-21,Ramesh Harijan v. State of U.P.,38629,,,
2012_6_710_722_EN,2012-05-25,Mukut Bihari & Anr. v. State of Rajasthan,23682,,,
2012_6_723_786_EN,2012-06-07,Nupur Talwar v. Central Bureau of Investigation & Anr.,122894,,,
2012_6_787_802_EN,2012-07-02,P. Sanjeeva Rao v. The State of A.P.,31983,,,
2012_6_803_822_EN,2012-07-03,Brijesh Mavi v. State of NCT of Delhi,39602,,,
2012_7_1033_1053_EN,2012-09-13,Gajoo v. State of Uttarakhand,40184,,,
2012_7_1083_1099_EN,2012-09-14,Tulshiram Sahadu Suryawanshi & Anr. v. State of Maharashtra,31190,,,
2012_7_1100_1132_EN,2012-09-14,Dr. Sunil Clifford Daniel v. State of Punjab,61826,,,
2012_7_117_127_EN,2012-07-23,State of Bihar & Anr. v. Arvind Kumar & Anr.,20294,,,
2012_7_1186_1200_EN,2012-09-21,Suresh Sakharam Nangare v. The State of Maharashtra,27037,,,
2012_7_128_159_EN,2012-07-24,Shudhakar v. State of M.P.,59434,,,
2012_7_160_186_EN,2012-07-24,Rampal Singh v. State of UP,53729,,,
2012_7_290_306_EN,2012-08-16,Pathan Hussain Basha v. State of A.P.,32882,,,
2012_7_319_328_EN,2012-08-17,State of Rajasthan v. Dr. Rajkumar Agarwal & Anr.,19855,,,
2012_7_329_358_EN,2012-08-17,"Ranjan Dwivedi v. C.B.I., through the Director General",58331,,,
2012_7_359_371_EN,2012-08-21,State of U.P. v. Sanjay Kumar,24307,,,
2012_7_427_433_EN,2012-08-29,State of M.P. v. Ayub Khan,13019,,,
2012_7_434_454_EN,2012-08-29,Vijay Singh v. State of Delhi,39589,,,
2012_7_455_468_EN,2012-08-31,"M.C. Gupta v. Central Bureau of Investigation, Dehradun",26288,,,
2012_7_469_476_EN,2012-08-31,Lavesh v. State (NCT of Delhi),14889,,,
2012_7_477_483_EN,2012-09-04,Babla @ Dinesh v. State of Uttarakhand,12989,,,
2012_7_484_501_EN,2012-09-04,Deepak @ Wireless v. State of Maharashtra,35948,,,
2012_7_513_527_EN,2012-09-04,Rakhal Debnath v. State of West Bengal,29157,,,
2012_7_541_559_EN,2012-09-12,Darbara Singh v. State of Punjab,36283,,,
2012_7_560_576_EN,2012-09-14,Mustafa Shahadal Shaikh v. The State of Maharashtra,30648,,,
2012_7_577_583_EN,2012-09-19,Balaji Gunthu Dhule v. State of Maharashtra,12873,,,
2012_7_887_904_EN,2012-07-31,Syed Ahmed v. State of Karnataka,31424,,,
2012_7_905_908_EN,2012-08-27,Pooja Rana v. State of Haryana & Ors.,6530,,,
2012_7_909_932_EN,2012-09-04,Bhimanna v. State of Karnataka,44549,,,
2012_7_91_116_EN,2012-07-20,Jagroop Singh v. State of Punjab,48279,,,
2012_7_979_987_EN,2012-09-07,Maruti Nivrutti Navale v. State of Maharashtra & Anr.,16657,,,
2012_8_1012_1014_EN,2012-10-01,Iqbal Abdul Samiya Malek v. State of Gujarat,3867,,,
2012_8_1129_1141_EN,2012-10-04,Praveen Pradhan v. State of Uttranchal & Anr.,23984,,,
2012_8_1154_1168_EN,2012-10-05,Baliya@ Bal Kishan v. State of M.P.,28718,,,
2012_8_1169_1176_EN,2012-10-05,Sudhakar v. State of Maharashtra,14988,,,
2012_8_1177_1192_EN,2012-10-05,Shahejadkhan Mahebubkhan Pathan v. State of Gujarat,29722,,,
2012_8_1193_1202_EN,2012-10-05,Md. Sahabuddin & Anr. v. State of Assam,18456,,,
2012_8_1203_1210_EN,2012-10-09,"Raj Paul Singh & Anr. v. State through P.S. Musheerabad, Hyderabad",14522,,,
2012_8_1219_1232_EN,2012-10-11,Dahari & Ors. v. State of U.P.,25229,,,
2012_8_170_188_EN,2012-08-28,Narayan Manikrao Salgar v. State of Maharashtra,38415,,,
2012_8_189_207_EN,2012-08-29,Guru Basavaraj @ Beene Settappa v. State of Karnataka,36281,,,
2012_8_208_224_EN,2012-08-31,State of N.C.T. of Delhi v. Ajay Kumar Tyagi,31838,,,
2012_8_255_269_EN,2012-09-07,Shyam Babu v. State of U.P.,27670,,,
2012_8_270_277_EN,2012-09-10,Vilas Pandurang Pawar & Anr. v. State of Maharashtra & Ors.,14390,,,
2012_8_295_650_EN,2012-08-29,Mohammed Ajmal Mohammad Amir Kasab @ Abu Mujahid v. State of Maharashtra,643772,,,
2012_8_651_685_EN,2012-08-03,Dr. Mehmood Nayyar Azam v. State of Chattisgarh and Ors.,65467,,,
2012_8_706_718_EN,2012-09-12,Kunal Majumdar v. State of Rajasthan,25080,,,
2012_8_727_739_EN,2012-09-18,Pushpanjali Sahu v. State of Orissa & Anr.,22852,,,
2012_8_740_752_EN,2012-09-19,"Pudhu Raja & Anr. v. State, Rep. by Inspector of Police",24031,,,
2012_8_753_812_EN,2012-09-24,Gian Singh v. State of Punjab & Another,114169,,,
2012_8_858_873_EN,2012-09-26,State of Madhya Pradesh v. Surendra Kori,30024,,,
2012_8_874_909_EN,2012-09-27,M/s New Horizon Sugar Mills Ltd. v. Govt. of Pondicherry Th. Addl. Sec. & Anr.,73121,,,
2012_8_910_921_EN,2012-09-27,Laxman v. The State of Maharashtra,22552,,,
2012_8_945_969_EN,2012-09-27,Central Bureau of Investigation v. Amitbhai Anil Chandra Shah and Another,48942,,,
2012_8_970_992_EN,2012-09-27,Ajay Kumar Parmar v. State of Rajasthan,42280,,,
2012_8_993_1011_EN,2012-09-28,Manubhai Ratilal Patel Tr. Ushaben v. State of Gujarat & Ors.,35769,,,
2012_9_1019_1031_EN,2012-11-21,Surinder Kumar v. State of Punjab,22911,,,
2012_9_1032_1045_EN,2012-11-21,Kunjumon @ Unni v. State of Kerala,24578,,,
2012_9_1046_1056_EN,2012-11-22,Busi Koteswara Rao & Ors. v. State of A.P.,19998,,,
2012_9_1057_1060_EN,2012-11-26,Jasvir Kaur v. State of Punjab,6722,,,
2012_9_1061_1068_EN,2012-12-04,Sasikumar & Anr. v. State of Kerala,13677,,,
2012_9_1069_1085_EN,2012-12-04,Gudu Ram v. State of Himachal Pradesh,31072,,,
2012_9_1086_1099_EN,2012-12-11,Kukapalli Mohan Rao v. State of A.P.,26651,,,
2012_9_1110_1116_EN,2012-12-14,Ram Viswas v. The State of Madhya Pradesh,13199,,,
2012_9_1173_1190_EN,2012-12-14,Lahu Kamlakar Patil and Anr. v. State of Maharashtra,35573,,,
2012_9_125_164_EN,2012-09-26,"Om Prakash & Ors. v. State of Jharkhand through the Secretary, Department of Home, Ranchl-I & Anr.",77045,,,
2012_9_193_214_EN,2012-10-04,Munish Mubar v. State of Haryana,41214,,,
2012_9_226_243_EN,2012-10-05,Shanti Devi v. State of Rajasthan,33604,,,
2012_9_244_286_EN,2012-10-10,Abuzar Hossain @ Gulam Hossain v. State of West Bengal,83885,,,
2012_9_545_560_EN,2012-10-12,State of U.P. v. Munesh,30732,,,
2012_9_54_85_EN,2012-09-21,"Central Bureau of Investigation, Hyderabad v. K. Narayana Rao",57134,,,
2012_9_561_578_EN,2012-10-12,Pratapbhai Hamirbhai Solanki v. State of Gujarat and Another,35887,,,
2012_9_601_610_EN,2012-10-15,"State of Maharashtra through CBI, Anti Corruption Branch, Mumbai v. Balakrishna Dattatrya Kumbhar",17161,,,
2012_9_628_640_EN,2012-10-16,Selvam v. The State of Tamil Nadu Rep. by Inspector of Police,25244,,,
2012_9_641_661_EN,2012-10-17,Geeta Mehrotra & Anr. v. State of U.P. & Anr.,43092,,,
2012_9_675_689_EN,2012-10-18,Satbir @ Lakha v. State of Haryana,28023,,,
2012_9_733_791_EN,2012-10-18,Kishore Samrite v. State of U.P. & Ors.,113939,,,
2012_9_792_804_EN,2012-10-18,Devinder @ Kala Ram & Ors. v. The State of Haryana,24911,,,
2012_9_836_848_EN,2012-10-19,"Sayed Mohd. Ahmed Kazmi v. State, Gnctd & Ors.",24750,,,
2012_9_873_894_EN,2012-10-19,The State of Maharashtra v. Vishwanath Maranna Shetty,42556,,,
2012_9_919_929_EN,2012-10-30,Ramachandran v. State of Kerala,19545,,,
2012_9_987_1000_EN,2012-11-06,Vipul Shital Prasad Agarwal v. State of Gujarat & Anr.,25924,,,
2013_10_125_136_EN,2013-09-13,Sumit Mehta v. State of N.C.T. of Delhi,20324,,,
2013_10_196_207_EN,2013-09-19,Kaini Rajan v. State of Kerala,22067,,,
2013_10_208_217_EN,2013-09-20,Kishorebhai Gandubhai Pethani v. State of Gujarat & Anr.,16661,,,
2013_10_21_32_EN,2013-08-12,State of M.P. v. Babulal & Ors.,21031,,,
2013_10_231_238_EN,2013-10-08,Sheila Kaul through Ms. Deepa Kaul v. State through C.B.I.,14053,,,
2013_10_239_246_EN,2013-10-08,Kunwar Pal v. State of Uttarakhand,15541,,,
2013_10_284_290_EN,2013-10-25,Sudam Charan Dash v. State of Orissa & Anr.,11361,,,
2013_10_306_327_EN,2013-09-09,Pinakin Mahipatray Rawal v. State of Gujarat,42885,,,
2013_10_328_338_EN,2013-09-12,Soma Suresh Kumar v. Government of Andhra Pradesh & Ors.,21420,,,
2013_10_356_365_EN,2013-09-19,Nagoor Pichai @ Badusha v. State Tr. Sub-Inspector of Police,17469,,,
2013_10_379_392_EN,2013-09-24,Sushila Devi v. State of Rajasthan and Ors.,25020,,,
2013_10_393_404_EN,2013-09-30,Girraj Prasad Meena v. State of Rajasthan & Ors.,22511,,,
2013_10_405_420_EN,2013-10-01,Kishan Ram & Ors. v. State of Uttarakhand,28858,,,
2013_10_443_451_EN,2013-10-07,State of Rajasthan v. Girdhari Lal,16298,,,
2013_10_504_512_EN,2013-10-08,Dr. Rajesh Talwar and Anr. v. C.B.I. and Anr.,15672,,,
2013_10_513_520_EN,2013-10-08,Atmaram v. State of U.P.,12813,,,
2013_10_51_61_EN,2013-09-02,Prem Singh v. State of Haryana,21522,,,
2013_10_521_529_EN,2013-10-24,L. Krishna Reddy v. State by Station House Officer & Ors.,15443,,,
2013_10_552_561_EN,2013-10-29,State of Bihar & Anr. v. Lalu Singh,19181,,,
2013_10_606_626_EN,2013-07-03,Nana Keshav Lagad v. State of Maharashtra,39366,,,
2013_10_627_645_EN,2013-07-03,Kashi Vishwanath v. State of Karnataka,36447,,,
2013_10_646_663_EN,2013-07-03,State of Himachal Pradesh v. Jai Chand,34207,,,
2013_10_688_705_EN,2013-07-04,Charanjit & Ors. v. State of Punjab & Anr.,36179,,,
2013_10_728_749_EN,2013-07-23,Gian Chand & Ors. v. State of Haryana,40281,,,
2013_10_889_906_EN,2013-07-01,Harivadan Babubhai Patel v. State of Gujarat,33501,,,
2013_10_907_936_EN,2013-07-01,Majendran Langeswaran v. State (NCT of Delhi) & Anr.,59181,,,
2013_10_99_116_EN,2013-09-11,"Shanmugam and Anr. v. State Rep. by Inspector of Police, T. Nadu",33918,,,
2013_11_107_139_EN,2013-09-13,Manjit Singh & Anr. v. State of Punjab & Anr.,63106,,,
2013_11_140_158_EN,2013-09-13,State of Andhra Pradesh through I.G. National Investigation Agency v. Md. Hussain @ Saleem,35298,,,
2013_11_159_185_EN,2013-09-16,Rajasthan State Road Transport Corp. & Ors. v. Babu Lal Jangir,46546,,,
2013_11_212_234_EN,2013-09-20,Vyas Ram @ Vyas Kahar & Ors. v. State of Bihar,55180,,,
2013_11_273_292_EN,2013-09-27,Ranjit Singh v. State of M.P. and Others,36883,,,
2013_11_293_313_EN,2013-09-30,Gudda @ Dwarikendra v. State of Madhya Pradesh,39670,,,
2013_11_328_339_EN,2013-10-04,Panchanand Mandal @ Pachan Mandal & Anr. v. State of Jharkhand,21705,,,
2013_11_446_470_EN,2013-10-24,Joginder Singh v. State of Haryana,49650,,,
2013_11_471_512_EN,2013-10-24,Vinod Kumar v. State of Haryana & Ors.,76196,,,
2013_11_557_580_EN,2013-10-31,State of Rajasthan v. Balveer @ Balli and Anr.,49538,,,
2013_11_581_695_EN,2013-07-01,K. Guruprasad Rao v. State of Karnataka and Others,206911,,,
2013_11_744_764_EN,2013-08-05,Raghbir Chand & Ors. v. State of Punjab,38462,,,
2013_11_765_783_EN,2013-08-06,State of Rajasthan v. Santosh Savita,36896,,,
2013_11_80_106_EN,2013-09-13,A.C. Narayanan v. State of Maharashtra & Anr.,50293,,,
2013_11_863_914_EN,2013-09-13,Dr. P.B. Desai v. State of Maharashtra & Anr.,97096,,,
2013_12_180_197_EN,2013-10-28,Gurjant Singh @ Janta v. State of Punjab,35209,,,
2013_12_1_19_EN,2013-10-07,Gulam Sarbar v. State of Bihar (Now Jharkhand),35528,,,
2013_12_205_222_EN,2013-10-29,Manish Trivedi v. State of Rajasthan,33267,,,
2013_12_251_268_EN,2013-10-31,Rajeev Kumar v. State of Haryana,35388,,,
2013_12_269_282_EN,2013-11-11,Bhupendra v. State of Madhya Pradesh,24486,,,
2013_12_339_349_EN,2013-11-12,Sukhwinder Singh v. State of Punjab,20011,,,
2013_12_411_420_EN,2013-11-20,Tamil Nadu Mercantile Bank Ltd. v. State Throuh Deputy Superintendent of Police and Anr.,17539,,,
2013_12_435_445_EN,2013-11-21,Subhasish Mondal @ Bijoy v. State of West Bengal,22114,,,
2013_12_516_528_EN,2013-11-28,State of West Bengal & Ors. v. Sankar Ghosh,24078,,,
2013_12_573_587_EN,2013-11-11,Bhola Ram v. State of Punjab,26662,,,
2013_12_772_782_EN,2013-12-06,State of Madhya Pradesh v. Pradeep Sharma,19087,,,
2013_12_793_806_EN,2013-12-11,Kamlesh Kumar v. State of Bihar & Anr.,25611,,,
2013_12_824_831_EN,2013-12-12,Fakhruzamma v. State of Jharkhand & Anr.,14022,,,
2013_12_844_852_EN,2013-12-13,Sherish Hardenia & Ors. v. State of M.P. & Anr.,14086,,,
2013_12_930_946_EN,2013-11-25,State of Gujarat v. Girish Radhakrishnan Varde,34542,,,
2013_12_947_972_EN,2013-11-28,Madhu @ Madhuranatha & Anr. v. State of Karnataka,47400,,,
2013_12_973_984_EN,2013-11-28,State of Rajasthan v. Shambhu Kewat and Another,23618,,,
2013_13_1052_1073_EN,2013-07-18,Dharam Pal & Ors. v. State of Haryana & Anr.,42190,,,
2013_13_432_463_EN,2013-07-02,"Commissioner of Police, New Delhi & Anr. v. Mehar Singh",62595,,,
2013_13_633_667_EN,2013-07-04,Ranjit Singh v. State of Punjab,68299,,,
2013_13_764_819_EN,2013-07-10,Jitendra Singh @ Babboo Singh & Anr. v. State of U.P.,109626,,,
2013_13_873_883_EN,2013-07-05,Manoj and Anr. v. State of Karnataka,21824,,,
2013_14_136_154_EN,2013-08-27,Shimbhu and Anr. v. State of Haryana,33853,,,
2013_14_213_244_EN,2013-09-06,Umesh Kumar v. State of Andhra Pradesh & Anr.,60791,,,
2013_14_263_296_EN,2013-09-26,Kamlesh Kumar and Ors. v. The State of Jharkhand and Ors.,61463,,,
2013_14_297_360_EN,2013-09-19,Deepak Rai v. State of Bihar,117989,,,
2013_14_361_395_EN,2013-09-27,State of Rajasthan v. Jamil Khan,61217,,,
2013_14_452_474_EN,2013-10-07,Surya Baksh Singh v. State of Uttar Pradesh,45341,,,
2013_14_685_712_EN,2013-11-11,Suresh Kumar v. State of Haryana,49577,,,
2013_14_713_802_EN,2013-11-12,Lalita Kumari v. Govt. of U.P. and Ors.,173790,,,
2013_14_803_824_EN,2013-11-12,Anjanappa v. State of Karnataka,41579,,,
2013_14_825_847_EN,2013-11-13,Surinder Singh v. State of Haryana,45740,,,
2013_14_877_903_EN,2013-10-18,Putchalapalli Naresh Reddy v. State of A.P. and etc.,47471,,,
2013_14_957_982_EN,2013-11-22,C.B.I. v. Ashok Kumar Aggarwal & Anr.,46439,,,
2013_14_983_1018_EN,2013-11-22,C.B.I. v. Ashok Kumar Aggarwal,66757,,,
2013_15_1061_1182_EN,2013-03-21,Ibrahim Musa Chauhan @ Baba Chauhan v. State of Maharashtra,228180,,,
2013_15_1_620_EN,2013-03-21,"Yakub Abdul Razak Memon v. The State of Maharashtra, through CBI, Bombay",1092512,,,
2013_15_621_1060_EN,2013-03-21,"Essa@ Anjum Abdul Razak Memon v. The State of Maharashtra, through Stf, CBI Mumbai, Part-Ii",729203,,,
2013_16_1107_1180_EN,2013-12-13,"Mis Prp Exports & etc. v. The Chief Secretary, Government of Tamil",138328,,,
2013_16_1181_1204_EN,2013-12-17,Gulabrao Baburao Deokar v. State of Maharashtra & Ors.,48062,,,
2013_16_1_243_EN,2013-03-21,Ahmed Shah Khan Durrani @ A.S. Mubarak v. State of Maharashtra,444486,,,
2013_16_244_367_EN,2013-03-21,State of Maharashtra v. Fazal Rehman Abdul,220776,,,
2013_16_368_541_EN,2013-03-21,"Sanjay Dutt (A-117) v. The State of Maharashtra, through CBI (Stf), Bombay",315432,,,
2013_16_589_615_EN,2013-08-06,Bakhshish Singh v. State of Punjab & Anr.,53696,,,
2013_16_616_705_EN,2013-10-08,Sushil Sharma v. The State of N.C.T. of Delhi,178160,,,
2013_16_788_814_EN,2013-12-05,Sister Mina Lalita Baruwa v. State of Orissa and Others,53150,,,
2013_16_815_830_EN,2013-12-06,Alsia Pardhi v. State of M.P. & Ors.,29104,,,
2013_16_910_938_EN,2013-11-19,Sunil Mahadeo Jadhav v. The State of Maharashtra,55689,,,
2013_17_1087_1098_EN,2013-12-16,Re. Exploitation of Children in Orphanages in the State of Tamil Nadu v. Union of India & Ors.,17292,,,
2013_17_1154_1168_EN,2013-12-17,State of Rajasthan v. Bhagwan Das Agrawal & Others,29386,,,
2013_17_116_254_EN,2013-12-11,Suresh Kumar Koushal and Another v. Naz Foundation and Others,225699,Suresh Kumar Koushal v. Naz Foundation,section 377,overruled
2013_17_327_344_EN,2013-08-27,Chenda @ Chanda Ram v. State of Chhatisgarh,33005,,,
2013_17_361_371_EN,2013-10-01,Central Bureau of Investigation v. Jagjit Singh,20470,,,
2013_17_430_446_EN,2013-12-10,Veer Singh & Ors. v. State of U.P.,32299,,,
2013_17_573_582_EN,2013-12-17,Tummala Venkateswar Rao v. The State of Andhra Pradesh,18445,,,
2013_17_667_758_EN,2013-07-23,Mahadeo S/O Kerba Maske v. State of Maharashtra and Anr.,190666,,,
2013_17_759_785_EN,2013-09-30,Selvi J. Jayalalithaa & Ors. v. State of Karnataka & Ors.,51321,,,
2013_17_843_852_EN,2013-12-17,Chhotan Sao & Another v. State of Bihar,19080,,,
2013_17_947_954_EN,2013-07-11,"Karri Ram Babu and Others v. Chairman, State Level Police Recruitment Board, Hyderabad and Others",13051,,,
2013_17_955_964_EN,2013-07-17,Arshad Hussain v. State of Rajasthan,18779,,,
2013_17_983_991_EN,2013-08-26,Gurvail Singh @ Gala v. State of Punjab,14847,,,
2013_1_1029_1036_EN,2013-02-13,Rajendra Yadav v. State of M.P. & Others,13310,,,
2013_1_1037_1052_EN,2013-02-13,Suresh Kumar Bhikamchand Jain v. State of Maharashtra & Anr.,30631,,,
2013_1_103_114_EN,2013-01-03,N. Kannapan v. State (Union Territory) Andaman & Nicobar Islands,23457,,,
2013_1_1053_1069_EN,2013-02-14,Surender Kaushik and Others v. State of Uttar Pradesh and Others,33004,,,
2013_1_1070_1078_EN,2013-02-15,Vivek Kalra v. State .of Rajasthan,15445,,,
2013_1_1079_1096_EN,2013-02-15,Sanaullah Khan v. State of Bihar,35314,,,
2013_1_1097_1105_EN,2013-02-19,State of Madhya Pradesh v. Giriraj Dubey,15422,,,
2013_1_1115_1128_EN,2013-02-22,Ravindersingh @ Ravi Pavar v. State of Gujarat,27479,,,
2013_1_1129_1150_EN,2013-02-26,Ramesh Kumar Soni v. State of Madhya Pradesh,42767,,,
2013_1_115_129_EN,2013-01-04,Ashabai & Anr. v. State of Maharashtra,28628,,,
2013_1_154_167_EN,2013-01-07,Parbin Ali and Another v. State of Assam,25162,,,
2013_1_168_181_EN,2013-01-07,Raj Pal v. State of Haryana,26719,,,
2013_1_191_212_EN,2013-01-08,Subhash Chand v. State (Delhi Administration),43170,,,
2013_1_1_71_EN,2013-01-02,State of Gujarat & Anr. v. Honble Mr. Justice R. A. Mehta (Retd) & Ors.,139609,,,
2013_1_236_242_EN,2013-01-09,Ashok Kumar Sharma v. State of Rajasthan,12030,,,
2013_1_327_335_EN,2013-01-16,State of Rajasthan v. Shobha Ram,16565,,,
2013_1_385_397_EN,2013-01-18,Gopal & Anr. v. State of Rajasthan,24186,,,
2013_1_398_401_EN,2013-01-21,Shyam Lal Verma v. Central Bureau of Investigation,5762,,,
2013_1_504_525_EN,2013-01-23,Prashant Bharti v. State of NCT of Delhi,44265,,,
2013_1_545_556_EN,2013-01-23,C.P. Subhash v. Inspector of Police Chennai & Ors.,22993,,,
2013_1_665_678_EN,2013-01-30,Babubhai Bhimabhai Bokhiria & Anr. v. State of Gujarat & Ors.,25783,,,
2013_1_698_704_EN,2013-02-01,Gita Ram & Anr. v. State of H.P.,11731,,,
2013_1_72_102_EN,2013-03-14,State of Gujarat & Anr. v. Honble Mr. Justice (Retd) Ramesh Amritlal Mehta & Ors.,59989,,,
2013_1_783_793_EN,2013-02-07,Gurvail Singh @ Gala & Another v. State of Punjab,20790,,,
2013_1_80_102_EN,2013-01-03,Vajresh Venkatray Anvekar v. State of Karnataka,45357,,,
2013_1_867_880_EN,2013-02-08,Atmaram S/O Raysingh Rathod v. State of Maharashtra,26898,,,
2013_2_1003_1018_EN,2013-04-18,Rattiram & Ors. etc. v. State of M.P. through Inspector of Police,30292,,,
2013_2_1019_1044_EN,2013-04-18,Sahib Hussain @ Sahib Jan v. State of Rajasthan,47644,,,
2013_2_1070_1094_EN,2013-04-25,State of J & K v. Lakhwinder Kumar & Ors.,47112,,,
2013_2_1095_1106_EN,2013-04-25,Prem Kaur v. State of Punjab and Ors.,21186,,,
2013_2_1107_1117_EN,2013-04-26,Guiram Mondal v. State of West Bengal,19224,,,
2013_2_1118_1133_EN,2013-04-26,Litta Singh & Anr. v. State of Rajasthan,31293,,,
2013_2_20_55_EN,2013-02-19,The Government of Andhra Pradesh and Others v. Ch. Gandhi,67475,,,
2013_2_272_279_EN,2013-03-11,Budh Singh v. State of Haryana and Anr.,14685,,,
2013_2_357_367_EN,2013-03-11,Modinsab Kasimsab Kanchagar v. State of Karnataka & Anr.,21074,,,
2013_2_411_437_EN,2013-03-15,Rajesh Patel v. State of Jharkhand,52373,,,
2013_2_438_452_EN,2013-03-19,"Babu and Anr. v. State Rep. by Inspector of Police, Chennai",28950,,,
2013_2_458_469_EN,2013-03-22,Prakash v. State of Rajasthan,22020,,,
2013_2_514_527_EN,2013-04-04,Sooguru Subrahmanyam v. State of A.P.,26461,,,
2013_2_528_538_EN,2013-04-05,Syed Yousuf Hussain v. State of Andhra Pradesh,20470,,,
2013_2_555_561_EN,2013-04-08,Mohinder v. State of Haryana,12467,,,
2013_2_56_73_EN,2013-02-20,Sunil Mehta & Anr. v. State of Gujarat & Anr.,33315,,,
2013_2_613_630_EN,2013-01-08,Venkatesha v. State of Karnataka,33536,,,
2013_2_631_647_EN,2013-01-10,Chinnam Kameswara Rao and Ors. v. State of AP. Rep. by Home Secretary,33869,,,
2013_2_765_773_EN,2013-04-10,Swaroop Singh v. State of M.P.,17325,,,
2013_2_774_782_EN,2013-04-11,Lillu @ Rajesh & Anr. v. State of Haryana,15150,,,
2013_2_783_796_EN,2013-02-11,Rajendra Singh v. State of Uttaranchal,25794,,,
2013_2_797_801_EN,2013-04-11,Ram Pal @ Bunda v. State of Haryana,9366,,,
2013_2_802_827_EN,2013-04-11,Tejinder Singh @ Kaka v. State of Punjab,48466,,,
2013_2_870_872_EN,2013-04-17,Annapurna v. State of U.P.,5092,,,
2013_2_881_898_EN,2013-01-04,"Mookkiah v. State, Rep. by the Inspector of Police, Tamil Nadu",32648,,,
2013_2_899_920_EN,2013-01-23,Thana Singh v. Central Bureau of Narcotics,36223,,,
2013_2_931_938_EN,2013-03-18,Indrajit Sureshprasad Bind & Ors. v. State of Gujarat,15623,,,
2013_2_957_969_EN,2013-04-16,Dilip v. State of Madhya Pradesh,22506,,,
2013_3_1172_1206_EN,2013-02-04,R. Shaji v. State of Kerala.,69320,,,
2013_3_119_139_EN,2013-01-31,Hiraman v. State of Maharashtra,40878,,,
2013_3_175_210_EN,2013-05-03,Manga @ Man Singh v. State of Uttarakhand,69631,,,
2013_3_1_26_EN,2013-01-07,"Hema v. State, Thr. Inspector of Police, Madras",49980,,,
2013_3_254_268_EN,2013-05-07,Krishnan & Ors. v. State of Haryana & Ors.,26099,,,
2013_3_376_391_EN,2013-02-11,Balbir Singh Bedi v. State of Punjab and Ors.,28568,,,
2013_3_449_460_EN,2013-03-13,Vipin Jaiswal(A-1) v. State of A.P. Rep.By Pub.Prosecutor,22285,,,
2013_3_478_492_EN,2013-05-07,Khairuddin & Ors. v. State of West Bengal,29735,,,
2013_3_493_507_EN,2013-05-09,Nimmagadda Prasad v. Central Bureau of Investigation,28492,,,
2013_3_547_562_EN,2013-05-09,Y.S. Jagan Mohan Reddy v. Central Bureau of Investigation,29145,,,
2013_3_563_588_EN,2013-05-10,Gurnaib Singh v. State of Punjab,48875,,,
2013_3_648_658_EN,2013-02-01,Multani Hanifbhai Kalubhai v. State of Gujarat & Anr.,19715,,,
2013_3_770_780_EN,2013-05-16,Kashmiri Lal v. State of Haryana,20077,,,
2013_3_791_800_EN,2013-05-21,Ram Swaroop v. State (Govt. Nct) of Delhi,17312,,,
2013_3_801_814_EN,2013-05-24,Rumi Bora Dutta v. State of Assam,24591,,,
2013_3_815_829_EN,2013-05-28,Kusti Mallaiah v. The State of Andhra Pradesh,26906,,,
2013_3_830_849_EN,2013-05-28,Sujit Biswas v. State of Assam,34352,,,
2013_3_850_867_EN,2013-05-28,State of Maharashtra through C.B.I. v. Mahesh G. Jain,31220,,,
2013_3_884_916_EN,2013-05-29,Rohtash Kumar v. State of Haryana,60501,,,
2013_3_90_118_EN,2013-01-28,Mohinder Singh v. State of Punjab,56125,,,
2013_3_917_934_EN,2013-01-08,Rishipal v. State of Uttarakhand,34641,,,
2013_3_935_960_EN,2013-01-09,Udai Shankar Awasthi v. State of U.P. Anr.,47528,,,
2013_3_961_986_EN,2013-01-10,Arun Bhandari v. State of U.P. and Others,51426,,,
2013_4_104_120_EN,2013-02-08,Gopal Singh v. State of Uttarakhand,31691,,,
2013_4_136_150_EN,2013-02-19,"R. Kuppusamy v. State Rep. by Inspector of Police, Ambeiligai",29611,,,
2013_4_155_186_EN,2013-03-01,K.S. Panduranga v. State of Karnataka,59699,,,
2013_4_192_197_EN,2013-03-06,Joydeb Patra & Ors. v. State of West Bengal,9577,,,
2013_4_198_206_EN,2013-03-12,Ramswaroop and Another v. State of Madhya Pradesh,16813,,,
2013_4_230_235_EN,2013-03-12,Bharat Bhushan & Anr. v. State of Madhya Pradesh,10162,,,
2013_4_236_238_EN,2013-03-15,Kamlendra Singh @ Pappu Singh v. State of M.P.,5032,,,
2013_4_248_259_EN,2013-04-11,Shabir Ahmed Teli v. State of Jammu & Kashmir,23054,,,
2013_4_25_65_EN,2013-02-05,Sunder @ Sundararajan v. State by Inspector of Police,74598,,,
2013_4_273_286_EN,2013-04-18,Mariappan v. State of Tamil Nadu,26660,,,
2013_4_287_292_EN,2013-06-18,Roop Singh v. State of Madhya Pradesh,10827,,,
2013_4_293_302_EN,2013-06-20,Vijay Jain v. State of Madhya Pradesh,18618,,,
2013_4_394_408_EN,2013-02-21,The State of A.P. & Ors. v. M/s. Star Bone Mill & Fertiliser Co.,28543,,,
2013_4_433_459_EN,2013-02-22,Som Raj @ Soma v. State of H.P.,51489,,,
2013_4_547_561_EN,2013-03-11,Goudappa & Ors. v. State of Karnataka,28720,,,
2013_4_581_594_EN,2013-03-19,Subodh Nath and Anr. v. State of Tripura,25621,,,
2013_4_732_744_EN,2013-03-12,Bakshish Ram & Another v. State of Punjab,22531,,,
2013_4_745_752_EN,2013-03-13,Satya Pal v. State of Haryana & Anr.,14148,,,
2013_4_767_787_EN,2013-03-15,Niranjan Hemchandra Sashittal and Another v. State of Maharashtra,41148,,,
2013_4_797_820_EN,2013-03-22,Umesh Singh v. State of Bihar,47309,,,
2013_4_850_861_EN,2013-04-02,State of Haryana v. Basti Ram,21106,,,
2013_4_875_882_EN,2013-04-10,Kailash @ Tanti Banjara v. State of Madhya Pradesh,12324,,,
2013_5_1013_1028_EN,2013-04-26,Bharat Bhushan v. State of Himachal Pradesh,29725,,,
2013_5_1076_1088_EN,2013-05-01,State of Rajasthan v. Shravan Ram & Anr.,23737,,,
2013_5_1104_1119_EN,2013-05-07,Shivasharanappa and Others v. State of Karnataka,30309,,,
2013_5_1120_1130_EN,2013-05-08,Palwinder Singh v. State of Punjab,19897,,,
2013_5_1144_1153_EN,2013-05-10,State of Haryana v. Janak Singh & etc.,18362,,,
2013_5_1154_1165_EN,2013-05-22,Jose S/O Edassery Thomas v. State of Kerala,22294,,,
2013_5_1166_1182_EN,2013-05-28,Karan Singh v. State of Haryana and Anr.,30691,,,
2013_5_128_199_EN,2013-03-14,State of Maharashtra v. Kamal Ahmed Mohammed Vakil Ansari & Ors.,155210,,,
2013_5_1_17_EN,2012-07-20,Satyajit Ballulbhai Desai & Ors. v. State of Gujarat,33865,,,
2013_5_200_232_EN,2013-03-18,Nirmala J. Jhala v. State of Gujarat & Anr.,69448,,,
2013_5_233_242_EN,2013-03-18,State of Uttarakhand v. Yogendra Nath Arora,17360,,,
2013_5_295_306_EN,2013-03-22,Rakesh and Another v. State of Haryana,21779,,,
2013_5_341_358_EN,2013-04-04,Khachar Dipu @ Dilipbhai Nakubhai v. State of Gujarat,33579,,,
2013_5_455_465_EN,2013-04-26,Thammu Panduranga Rao & Anr. v. State of Andhra Pradesh,21469,,,
2013_5_476_483_EN,2013-05-01,Habib v. State of Uttar Pradesh,13897,,,
2013_5_484_496_EN,2013-05-03,Madhao and Anr. v. State of Maharashtra and Anr.,22068,,,
2013_5_497_509_EN,2013-05-03,Bhaikon @ Bakul Borah v. State of Assam,22154,,,
2013_5_518_528_EN,2013-05-03,Md. Ishaque and Others v. State of West Bengal and Others,21440,,,
2013_5_529_538_EN,2013-05-08,Manoj Giri v. State of Chhatisgarh,18114,,,
2013_5_539_556_EN,2013-05-08,Natasha Singh v. CBI (State),35260,,,
2013_5_604_619_EN,2013-04-02,Kulwant Singh & Ors. v. State of Punjab,29048,,,
2013_5_744_769_EN,2013-04-08,Lal Bahadur & Ors. v. State (NCT of Delhi),49796,,,
2013_5_831_844_EN,2013-04-11,Mohan Lal & Anr. v. State of Punjab,25101,,,
2013_5_924_944_EN,2013-04-09,Sunil Kundu and Anr. v. State of Jharkhand,42806,,,
2013_6_108_126_EN,2013-04-11,Ram Deo Prasad v. State of Bihar,35197,,,
2013_6_252_262_EN,2013-05-28,State of Rajasthan v. Bheru Lal,19488,,,
2013_6_263_270_EN,2013-05-29,Arun Kumar Yadav v. State of U.P. Thru Dist. Judge,14414,,,
2013_6_339_360_EN,2013-04-17,Safi Mohd. v. State of Rajasthan,42946,,,
2013_6_361_390_EN,2013-04-22,Kanhaiya Lal & Ors. v. State of Rajasthan,58130,,,
2013_6_434_452_EN,2013-05-09,Kumar v. State of Tamil Nadu,37620,,,
2013_6_511_528_EN,2013-05-28,Ravirala Laxmaiah v. State of A.P.,32466,,,
2013_6_544_559_EN,2013-05-20,Deepak Gulati v. State of Haryana,31017,,,
2013_6_560_572_EN,2013-06-20,Sucha Singh v. State of Haryana,22473,,,
2013_6_623_675_EN,2013-04-08,Amitbhai Anilchandra Shah v. The Central Bureau of Investigation & Anr.,102088,,,
2013_6_676_756_EN,2013-04-12,Devender Pal Singh Bhullar v. State of N.C.T. of Delhi,155485,,,
2013_6_86_107_EN,2013-04-02,Abdul Nasar Adam Ismail through Abdul Basheer Adam Ismail v. The State of Maharashtra & Ors.,41871,,,
2013_6_949_1053_EN,2013-04-25,Shankar Kisanrao Khade v. State of Maharashtra,194853,,,
2013_7_1057_1060_EN,2013-08-05,Shridhar Namdeo Lawand v. State of Maharashtra,5431,,,
2013_7_1061_1084_EN,2013-08-05,Abu Salem Abdul Qayyum Ansari v. Central Bureau of Investigation & Anr.,46669,,,
2013_7_1085_1092_EN,2013-08-07,Nasiruddin v. State (Nct) Delhi and Ors.,13569,,,
2013_7_1130_1138_EN,2013-08-12,State of Punjab v. Madan Mohan Lal Verma,17811,,,
2013_7_132_164_EN,2013-07-01,B. Raghuvir Acharya v. Central Bureau of Investigation,64258,,,
2013_7_179_191_EN,2013-07-01,Birendra Das & Anr. v. State of Assam,23709,,,
2013_7_293_319_EN,2013-07-02,Rafique @ Rauf & Others v. State of U.P.,54044,,,
2013_7_340_351_EN,2013-07-02,Jasvinder Saini & Ors. v. State (Govt. of NCT of Delhi),22334,,,
2013_7_370_381_EN,2013-07-03,Rajinder Singh v. State of Haryana,21951,,,
2013_7_394_407_EN,2013-07-03,Ranjit Singh v. State of Punjab,26190,,,
2013_7_408_419_EN,2013-07-03,S. Anil Kumar @ Anil Kumar Ganna v. State of Karnataka,21828,,,
2013_7_420_445_EN,2013-07-04,Rajaram Prasad Yadav v. State of Bihar & Anr.,48352,,,
2013_7_505_518_EN,2013-07-09,Manoj & Ors. v. State of Haryana,27740,,,
2013_7_519_546_EN,2013-07-09,Lokesh Kumar Jain v. State of Rajasthan,50221,,,
2013_7_570_575_EN,2013-07-17,Rajendra Sharma v. State of West Bengal,10758,,,
2013_7_576_580_EN,2013-07-18,Ketankumar Gopalbhai Tandel v. State of Gujarat,8780,,,
2013_7_617_630_EN,2013-07-05,V. K. .Bansal v. State of Haryana and Ors. etc. etc.,25061,,,
2013_7_646_653_EN,2013-07-16,Dilip Sudhakar Pendse & Anr. v. Central Bureau of Investigation,13236,,,
2013_7_654_759_EN,2013-07-16,State of Maharashtra & Anr. v. Indian Hotel & Restaurants Assn. & Ors.,203150,,,
2013_7_760_770_EN,2013-07-23,Kaliya v. State of Madhya Pradesh,20008,,,
2013_7_780_786_EN,2013-07-24,Kailash v. State of M.P.,13582,,,
2013_7_802_812_EN,2013-07-30,State of M.P. v. Mohan & Others,18924,,,
2013_7_823_853_EN,2013-08-02,Dharmendra Kirthal v. State of U.P. and Another,55007,,,
2013_7_854_862_EN,2013-08-05,Sadananda Mondal v. State of West Bengal,16962,,,
2013_7_86_116_EN,2013-07-01,Mohit Alias Sonu and Another v. State of U.P. and Another,60865,,,
2013_8_1012_1027_EN,2013-07-01,"Karthi @ Karthick v. State Rep. by Inspector of Police, Tamil Nadu",31872,,,
2013_8_1044_1070_EN,2013-07-01,Jarnail Singh v. State of Haryana,53065,,,
2013_8_1071_1089_EN,2013-07-01,Sharanjit Kaur & Anr. v. State of Punjab,32091,,,
2013_8_1100_1118_EN,2013-07-02,Sheo Shankar Singh v. State of U.P.,37800,,,
2013_8_137_151_EN,2013-07-25,Kantilal Martaji Pandor v. State of Gujarat & Anr.,28944,,,
2013_8_163_176_EN,2013-08-13,Lalu Prasad @ Lalu Prasad Yadav v. State of Jharkhand,26378,,,
2013_8_177_193_EN,2013-08-14,State of Jharkhand & Ors. v. Jitendra Kumar Srivastava & Anr.,29816,,,
2013_8_1_14_EN,2013-07-01,Sarabjit Singh v. State of Punjab & Ors.,26793,,,
2013_8_208_214_EN,2013-08-16,Vikas v. State of Rajasthan,12553,,,
2013_8_277_289_EN,2013-09-03,Gurdip Singh v. State of Punjab,23328,,,
2013_8_28_39_EN,2013-07-01,Doliben Kantilal Patel v. State of Gujarat & Anr.,22920,,,
2013_8_301_311_EN,2013-07-01,State of M.P. v. Najab Khan and Ors.,19682,,,
2013_8_323_335_EN,2013-07-01,Pramod Kumar v. State (Gnct) of Delhi,24208,,,
2013_8_336_350_EN,2013-07-01,State of Rajasthan v. Shiv Charan & Ors.,25790,,,
2013_8_400_412_EN,2013-07-04,Ganga Singh v. State of Madhya Pradesh,25102,,,
2013_8_435_448_EN,2013-07-24,Anuj Kumar Gupta @ Sethi Gupta v. State of Bihar,25986,,,
2013_8_449_460_EN,2013-07-25,Barku Bhavrao Bhaskar v. State of Maharashtra,22209,,,
2013_8_471_485_EN,2013-07-29,Devendra Kumar v. State of Uttaranchal & Ors.,26125,,,
2013_8_511_519_EN,2013-08-21,Manjeet Singh Khera v. State of Maharashtra,16438,,,
2013_8_599_630_EN,2013-05-06,Raj Kumar Singh @ Raju @ Batya v. State of Rajasthan,58268,,,
2013_8_66_73_EN,2013-07-09,P. Nagesh and Another v. State of Karnataka,11716,,,
2013_8_830_848_EN,2013-05-09,Central Bureau of Investigation v. V. Vijay Sai Reddy,36136,,,
2013_8_863_913_EN,2013-05-03,Ankush Shivaji Gaikwad v. State of Maharashtra,84650,,,
2013_8_951_967_EN,2013-05-15,Shyam Narain v. The State of NCT of Delhi,32013,,,
2013_8_968_987_EN,2013-05-21,State of Madhya Pradesh v. Dal Singh & Ors.,39201,,,
2013_8_99_110_EN,2013-07-17,"Nagappan v. State by Inspector of Police, Tamil Nadu",21127,,,
2013_9_1000_1022_EN,2013-10-08,Sunil Dutt Sharma v. State (Govt. of NCT of Delhi),42346,,,
2013_9_1069_1082_EN,2013-10-17,A.K. Singhania v. Gujarat State Fertilizer Co. Ltd. & Anr.,26188,,,
2013_9_117_198_EN,2013-08-19,Dr. Ram Tawakya Singh v. State of Bihar and Others,143007,,,
2013_9_199_211_EN,2013-08-21,"Prof. K.V. Rajendran v. Superintendent of Police, Cbcid South Zone, Chennai & Ors.",24557,,,
2013_9_230_239_EN,2013-08-22,Raja@ Sasikumar & Anr. v. State through Inspector of Police,19201,,,
2013_9_240_248_EN,2013-08-22,Fiona Shrikhande v. State of Maharashtra and Another,16070,,,
2013_9_249_256_EN,2013-08-23,State of Orissa v. Khaga @ Khageswar Naik & Ors.,14607,,,
2013_9_257_265_EN,2013-08-26,Kamlesh Prabhudas Tanna & Another v. State of Gujarat,17622,,,
2013_9_295_319_EN,2013-09-10,Sunil Damodar Gaikwad v. State of Maharashtra,44411,,,
2013_9_457_496_EN,2013-09-17,Ajoy Acharya v. State Bureau of Inv. Against Eco. Offence,77265,,,
2013_9_497_502_EN,2013-09-18,Ranjeet Goswami v. State of Jharkhand & Anr.,10211,,,
2013_9_547_572_EN,2013-09-20,Baldev Singh v. State of Punjab,51596,,,
2013_9_911_922_EN,2013-10-04,Ajahar Ali v. State of West Bengal,20120,,,
2013_9_962_999_EN,2013-10-08,Tofan Singh v. State of Tamil Nadu,69635,Tofan Singh v. State of Tamil Nadu,NDPS section 67,overruling
2014_10_1021_1035_EN,2014-10-14,Ak Devaiah v. State of Karnataka,27450,,,
2014_10_1061_1099_EN,2014-10-16,J.V. Baharuni & Anr. v. State of Gujarat & Anr.,73198,,,
2014_10_1100_1107_EN,2014-10-17,Kuldeep Kaur v. State of Utiarakhand,14904,,,
2014_10_458_478_EN,2014-09-16,Edmunds Lyngdoh v. State of Meghalaya,39456,,,
2014_10_506_526_EN,2014-09-19,State of Maharashtra through CBI v. Vikram Anantrai Doshi and Others,40271,,,
2014_10_608_616_EN,2014-09-11,Sukhjit Singh v. State of Punjab,14897,,,
2014_10_668_677_EN,2014-09-24,Somabhai Gopalbhai Patel v. State of Gujarat,18387,,,
2014_10_678_688_EN,2014-09-26,Patel Maheshbhai Ranchodbhai and Others v. State of Gujarat,21739,,,
2014_10_689_703_EN,2014-09-26,Anup Lal Yadav & Anr. v. State of Bihar,27584,,,
2014_10_742_761_EN,2014-09-26,Sultan Singh v. State of Haryana,35215,,,
2014_10_778_811_EN,2014-10-14,State of Karnataka v. Smt. Suvarnamma & Anr.,60959,,,
2014_10_812_842_EN,2014-10-09,Mofil Khan & Anr. v. State of Jharkhand,58068,,,
2014_10_902_909_EN,2014-10-13,State of Rajasthan v. Mohammad Muslim Tagala,13039,,,
2014_10_929_952_EN,2014-10-14,Ananda Poojary v. State of Karnataka,44948,,,
2014_11_140_154_EN,2014-11-11,O.M. Cherian @ Thankachan v. State of Kerala & Ors.,27190,,,
2014_11_155_168_EN,2014-11-11,Joginder Singh v. Union Territory of Chandigarh & Ors.,25102,,,
2014_11_191_202_EN,2014-11-25,Jagdish & Ors. v. State of Uttaranchal,23697,,,
2014_11_1_8_EN,2014-09-19,Sri Chand and Another v. State of Punjab,15658,,,
2014_11_220_228_EN,2014-12-05,Kanchanben Purshottambhai Bhanderi v. State of Gujarat,17193,,,
2014_11_229_238_EN,2014-12-09,Selvaraj @ Chinnapaiyan v. State Represented by Inspector of Police,17501,,,
2014_11_245_254_EN,2014-12-09,Kunwarpal @ Surajpal & Ors. v. State of Uttarakhand and Anr.,17105,,,
2014_11_268_277_EN,2014-12-09,State of M.P. v. Ram Manohar Pandey,16935,,,
2014_11_312_318_EN,2014-12-17,State of Punjab v. Labh Singh,12340,,,
2014_11_319_330_EN,2014-12-17,State Tr. Insp. of Police v. A. Arun Kumar & Anr.,18934,,,
2014_11_341_360_EN,2014-12-18,Banarsi Dass and Others v. State of Haryana,35711,,,
2014_11_391_398_EN,2014-11-14,Naresh Kumar v. State of Haryana & Ors.,14367,,,
2014_11_399_427_EN,2014-09-18,Anvar P.V. v. P.K. Basheer and Ors.,52265,Anvar P.V. v. P.K. Basheer,electronic evidence,overruling
2014_11_436_446_EN,2014-10-31,Hari Om v. State of Haryana & Another,18580,,,
2014_11_483_506_EN,2014-04-11,"Periyasami S/O. Duraisami Novanagar v. State Represented through the Inspector of Police, Q B.Ranch CID, Tiruchirappalli, Tamil Nadu",46991,,,
2014_11_544_552_EN,2014-10-14,Om Prakash v. State of Haryana,15349,,,
2014_11_573_586_EN,2014-10-27,B. Kumar@ Jayakumar@ Left. Kr.@ S. Kumar v. Insp. of Police Th. C.B.C.L.D.,26512,,,
2014_11_587_596_EN,2014-10-29,"Munni @ Syed Akbar v. State of Inspector of Police, All Women Police Station, Gobichettipalayam, Erode",19935,,,
2014_11_597_604_EN,2014-10-29,Mallella Shyamsunder v. State of Andhra Pradesh,13691,,,
2014_11_650_676_EN,2014-04-11,Dharam Deo Yadav v. State of U.P.,51144,,,
2014_11_85_97_EN,2014-10-30,Binod Kumar & Ors. v. State of Bihar & Anr.,22488,,,
2014_11_921_980_EN,2014-08-01,Dashrath Rupsingh Rathod v. State of Maharashtra & Anr.,119337,,,
2014_12_1146_1164_EN,2014-10-31,Nand Kumar v. State of Chhatiisgarh,32434,,,
2014_12_134_150_EN,2014-09-25,Murlidhar Shivram Patekar & Anr. v. State of Maharashtra,30919,,,
2014_12_151_170_EN,2014-09-26,Liyakat and Another v. State of Rajasthan,37061,,,
2014_12_218_241_EN,2014-11-11,Nar Singh v. State of Haryana,44595,,,
2014_12_297_307_EN,2014-12-01,Union of India etc. Rep. through Superintendent of Police v. T. Nathamuni,21595,,,
2014_12_308_336_EN,2014-12-02,Vinayak Narayan Deosthali v. C.B.I.,54661,,,
2014_12_397_404_EN,2014-12-09,Uma Shankar Gautam v. State of Madhya Pradesh,13906,,,
2014_12_453_464_EN,2014-12-16,Neeru Yadav v. State of U.P and Another,21908,,,
2014_12_505_516_EN,2014-12-17,State of Punjab v. Jagga Singh Etc,22119,,,
2014_12_517_542_EN,2014-12-16,Vijay Pal Singh and Others v. State of Utiarakhand,50065,,,
2014_12_543_552_EN,2014-12-18,.Jagmohan Bahl & Anr. v. State (NCT of Delhi) & Anr.,18900,,,
2014_12_54_86_EN,2014-09-23,People'S Union for Civil Liberties & Anr. v. State of Maharashtra & Ors.,59717,,,
2014_12_564_572_EN,2014-12-17,Rajinder Singh v. State of Haryana,18231,,,
2014_12_875_1036_EN,2014-05-07,State of Tamil Nadu v. State of Kerala & Anr.,314425,,,
2014_13_1072_1078_EN,2014-08-13,Rakesh &Anr v. State of U.P. &Anr.,11516,,,
2014_13_1079_1086_EN,2014-08-04,Amarendu Jyoti & Ors. v. State of Chhatisgarh & Ors.,14003,,,
2014_13_1121_1140_EN,2014-09-09,State of Rajasthan v. Chandgi Ram & Ors.,39101,,,
2014_13_1266_1272_EN,2014-09-23,S. Mahaboob Basha v. The State of Karnataka,13238,,,
2014_13_1298_1311_EN,2014-12-16,Harish Kumar v. State of Haryana,25768,,,
2014_13_1362_1382_EN,2014-12-11,Mithilesh Kumar Singh v. State of Rajasthan,40127,,,
2014_13_1433_1457_EN,2014-11-17,Balkar Singh v. State of Haryana,49326,,,
2014_13_554_564_EN,2014-11-13,State of Madhya Pradesh v. Surendra Singh,17831,,,
2014_13_565_573_EN,2014-11-25,Motilal Yadav v. State of Bihar,14763,,,
2014_13_609_616_EN,2014-07-25,Narinder Singh v. State of Himachal Pradesh,14826,,,
2014_13_717_734_EN,2014-09-23,Prem Kumar Gulati v. State of Haryana and Another,32855,,,
2014_13_760_795_EN,2014-11-28,Suresh &Anr. v. State of Haryana,61225,,,
2014_13_985_997_EN,2014-11-19,Baljinder Kaur v. State of Punjab,24623,,,
2014_14_1188_1199_EN,2014-07-22,Atul Tripathi v. State of UP. & Anr.,21383,,,
2014_14_1211_1226_EN,2014-07-02,Pundappa Yankappa Pujari v. State of Karnataka,30723,,,
2014_14_1354_1358_EN,2014-09-22,State of U.P. v. Naren.Dra & Ors.,7718,,,
2014_14_1359_1360_EN,2014-09-22,Tejpal v. State of U.P.,1591,,,
2014_14_1468_1488_EN,2014-12-17,Pooja Ravinder Devidasani v. State of Maharashtra&Anr.,39883,,,
2014_14_180_184_EN,2014-10-10,Md. Jamiludin Nasir v. State of West Bengal,5928,,,
2014_14_185_186_EN,2015-04-10,Md. Jamiludin Nasir v. State of West Bengal,1923,,,
2014_14_1_179_EN,2014-05-21,Md. Jamiludin Nasir v. State of West Bengal,359539,,,
2014_14_317_333_EN,2014-04-15,Licil Antony v. State of Kerala&Anr.,32154,,,
2014_14_393_408_EN,2014-07-08,State of Maharashtra v. Rajendra & Ors.,30490,,,
2014_14_499_519_EN,2014-12-03,Noushad@ Noushad Pashaand Others v. State of Karnataka,42651,,,
2014_14_520_534_EN,2014-12-01,State of M.P. & Ors. v. Parvez Khan,27151,,,
2014_14_588_602_EN,2014-11-28,K. Ravi Kumar v. State of Karnataka,27749,,,
2014_14_737_743_EN,2014-08-12,Kuratikar Sudhakar v. State of an Dh Ra Pradesh,12973,,,
2014_14_961_1006_EN,2014-11-26,Vasant Sampat Dupare v. State of Maharashtra,88816,,,
2014_1_1012_1020_EN,2014-02-11,Vijayander Kumar & Ors. v. State of Rajasthan & Anr.,16255,,,
2014_1_1047_1062_EN,2014-02-14,Birju v. State of M.P.,29865,,,
2014_1_1063_1068_EN,2014-02-14,V.K. Verma v. CBI,10421,,,
2014_1_1078_1092_EN,2014-02-18,Vijay Kumar v. State of Rajasthan,26790,,,
2014_1_109_119_EN,2014-01-06,State (NCT of Delhi) v. Narender,19176,,,
2014_1_1112_1126_EN,2014-02-18,Rameshchandra Ambalal Joshi v. The State of Gujarat and Anr.,25689,,,
2014_1_1139_1150_EN,2014-02-20,Pasupuleti Siva Ramakrishna Rao v. State of A. P. & Ors.,26825,,,
2014_1_135_156_EN,2014-01-06,State of Tamil Nadu by Ins.Of Police Vigilance and Anti Corruption v. N. Suresh Rajan & Ors.,43812,,,
2014_1_197_248_EN,2014-01-07,State of Gujarat v. Kishanbhai etc.,104767,,,
2014_1_397_417_EN,2014-01-10,State of Gujarat v. Ratansingh @ Chinubhal Anopsinh Chauhan,41017,,,
2014_1_418_433_EN,2014-01-15,State of Rajasthan v. Roshan Khan & Ors.,29746,,,
2014_1_451_464_EN,2014-01-16,Parminder Alias Ladka Pola v. State of Delhi,26749,,,
2014_1_465_495_EN,2014-01-16,Km. Hema Mishra v. State of U.P. and Others,58353,,,
2014_1_496_506_EN,2014-01-16,Varinder Singh v. State of Punjab & Anr.,17476,,,
2014_1_567_590_EN,2014-01-20,Joshinder Yadav v. State of Bihar,46899,,,
2014_1_848_852_EN,2014-01-28,Sanjay Kumar v. The State of Bihar & Anr.,8998,,,
2014_1_857_884_EN,2014-01-29,Vishal Agrawal & Anr. v. Chhattisgarh State Electricity Board & Anr.,49110,,,
2014_1_99_108_EN,2014-01-06,M.B. Suresh v. State of Karnataka,18401,,,
2014_1_9_17_EN,2014-01-03,Hem Raj S/O. Moti Ram v. State of Haryana,17487,,,
2014_2_1116_1128_EN,2014-02-19,P.L. Tatwal v. State of Madhya Pradesh,22795,,,
2014_2_155_166_EN,2014-01-29,Sheesh Ram and Ors. v. The State of Rajasthan,23338,,,
2014_2_1_70_EN,2014-01-10,Hardeep Singh v. State of Punjab & Ors.,133255,,,
2014_2_263_286_EN,2014-02-03,Aveek Sarkar & Anr. v. State of West Bengal & Ors.,46250,,,
2014_2_287_290_EN,2014-02-03,Bachu Das v. State of Bihar and Others,7653,,,
2014_2_323_335_EN,2014-02-05,Badal Murmu and Ors. v. State of West Bengal,25802,,,
2014_2_459_469_EN,2014-02-07,Lingaram Kodopi v. State of Chhattisgarh,20733,,,
2014_2_567_588_EN,2014-02-13,Bastiram v. State of Rajasthan,39230,,,
2014_2_621_655_EN,2014-02-05,State through CBI New Delhi v. Jitender Kumar Singh,68231,,,
2014_3_212_230_EN,2014-02-25,Raj Kumar v. State of M.P.,35555,,,
2014_3_231_241_EN,2014-02-25,Pal Singh & Anr. v. State of Punjab,20560,,,
2014_3_242_288_EN,2014-02-25,Justice Ripusudan Dayal (Retd ) & Ors. v. State of M.P. & Ors.,87427,,,
2014_3_326_340_EN,2014-02-26,Nanak Ram v. State of Rajasthan,27763,,,
2014_3_34_63_EN,2014-02-20,Anil @ Anthony Arikswamy Joseph v. State of Maharashtra,56911,,,
2014_3_391_405_EN,2014-02-27,Basappa v. State of Karnataka,25252,,,
2014_3_406_443_EN,2014-02-27,Mahesh Dhanaji Shinde v. State of Maharashtra,72556,,,
2014_3_444_452_EN,2014-02-28,"CBI, Acb, Mumbai v. Narendra Lal Jain & Ors.",17129,,,
2014_3_522_534_EN,2014-02-28,State of Rajasthan v. Parmanand & Anr.,24003,,,
2014_3_551_557_EN,2014-03-03,Phula Singh v. State of Himachal Pradesh,12101,,,
2014_3_568_576_EN,2014-03-04,Rupak Kumar v. State of Bihar & Anr.,14284,,,
2014_3_588_603_EN,2014-03-04,C.B.I. v. Karimullah Osan Khan,26999,,,
2014_3_613_622_EN,2014-03-05,State of H.P. v. Sunil Kumar,16901,,,
2014_3_623_636_EN,2014-03-06,G.N. Verma v. State of Jharkhand & Anr.,27130,,,
2014_3_673_692_EN,2014-03-12,Jumni and Others v. State of Haryana,36864,,,
2014_3_693_709_EN,2014-03-12,Sudipta Lenka v. State of Odisha and Ors.,31997,,,
2014_3_744_752_EN,2014-03-13,Kanhaiya Lal v. State of Rajasthan,16429,,,
2014_3_753_764_EN,2014-03-13,Bhagwan Tukaram Dange v. State of Maharashtra,21179,,,
2014_3_830_837_EN,2014-03-25,Vijay Singh & Anr. v. State of Madhya Pradesh,13540,,,
2014_3_855_860_EN,2014-04-25,Pooja Abhishek Goyal v. State of Gujarat & Ors.,11826,,,
2014_3_90_109_EN,2014-02-24,Shyamal Saha & Anr. v. State of West Bengal,37539,,,
2014_3_932_983_EN,2014-02-25,Dinubhai Boghabhai Solanki v. State of Gujarat & Ors.,101436,,,
2014_4_1012_1046_EN,2014-03-27,Narinder Singh & Ors. v. State of Punjab & Anr.,69651,,,
2014_4_1138_1146_EN,2014-03-31,Navneet Kaur v. State of NCT of Delhi & Anr.,15606,,,
2014_4_183_196_EN,2014-03-27,P.C. Mishra v. State (C.B.I.) & Anr.,25864,,,
2014_4_234_246_EN,2014-03-28,Sanghian Pandian Rajkumar v. Central Bureau of Investigation & Anr.,23877,,,
2014_4_287_326_EN,2014-03-04,Ashok Debbarma @ Achak Debbarma v. State of Tripura,79366,,,
2014_4_475_485_EN,2014-03-27,Homi Rajvansh v. State of Maharashtra & Ors.,20098,,,
2014_4_486_528_EN,2014-03-27,Sundeep Kumar Bafna v. State of Maharashtra & Anr.,84842,,,
2014_4_49_54_EN,2014-02-26,Baldev Singh v. State of Punjab,11827,,,
2014_4_529_540_EN,2014-03-27,Mahipal Singh v. C.B.I. & Anr.,22677,,,
2014_4_554_561_EN,2014-03-28,B. Jayaraj v. State of A.P.,15101,,,
2014_4_55_58_EN,2014-02-26,Jhaptu Ram v. State of Himachal Pradesh,5750,,,
2014_4_602_612_EN,2014-03-31,State of Bihar & Ors. v. Rajmangal Ram,19788,,,
2014_4_646_651_EN,2014-04-03,Saroj @ Suraj Panchal & Anr. v. State of West Bengal,10682,,,
2014_4_652_666_EN,2014-04-03,Babubhai Bhimabhai Bokhiria & Anr. v. State of Gujarat & Ors.,28341,,,
2014_4_70_76_EN,2014-03-04,Chetram v. State of Uttarakhand,12865,,,
2014_4_752_770_EN,2014-04-04,Vinod Kumar v. State of Kerala,39237,,,
2014_4_792_803_EN,2014-04-07,Gopakumar B. Nair v. C.B.I. & Anr.,23476,,,
2014_4_817_831_EN,2014-04-09,Muralidhar @ Gidda & Anr. v. State of Karnataka,26530,,,
2014_4_97_104_EN,2014-03-10,Phool Chandra & Anr. v. State of U.P.,14791,,,
2014_4_988_1011_EN,2014-03-27,Mangat Ram v. State of Haryana,46237,,,
2014_5_242_280_EN,2014-04-15,Prakash v. State of Karnataka,78962,,,
2014_5_530_542_EN,2014-04-23,Puran Chand v. State of H.P.,26119,,,
2014_5_562_572_EN,2014-04-23,Anjani Kumar Chaudhary v. State of Bihar and Another,20748,,,
2014_5_755_773_EN,2014-04-25,Vijay Ranglal Chorasiya v. State of Gujarat,36569,,,
2014_5_77_84_EN,2014-04-07,M/s. Haryana State Coop. Supply and Marketing a Federation Ltd . v. M/s. Jayam Textiles & Anr.,13084,,,
2014_5_796_811_EN,2014-04-25,Manjeet Singh v. State of Himachal Pradesh,27876,,,
2014_5_812_817_EN,2014-04-25,State of Karnataka by Nonavinakere Police v. Shivanna @ Tarkari Shivanna,11699,,,
2014_5_818_823_EN,2014-04-25,Ravindra Trimbak Patil v. State of Maharashtra.,10603,,,
2014_5_824_834_EN,2014-04-25,Baskaran & Anr. v. State of Tamil Nadu,21823,,,
2014_6_1012_1025_EN,2014-07-02,Rishipal Singh v. State of U.P. & Anr.,27271,,,
2014_6_1026_1043_EN,2014-07-02,Seena@ Srinivasa v. State of Karnataka,33059,,,
2014_6_1044_1066_EN,2014-07-01,Amar Singh Yadav v. State of U.P.,40900,,,
2014_6_1067_1077_EN,2014-07-02,Arjun Jadav v. State of West Bengal & Ors.,20046,,,
2014_6_1078_1100_EN,2014-07-04,"State through C.B.I., Anti Corruption Branch, Chandigarh v. Sanjiv Bhalla & Anr.",45141,,,
2014_6_138_147_EN,2014-06-30,Santosh Bakshi v. State of Punjab & Ors.,17393,,,
2014_6_148_190_EN,2014-06-30,Union of India through CBI v. Nirala Yadav @ Raja Ram Yadav @ Deepak Yadav,83415,,,
2014_6_1_22_EN,2014-05-06,Satya Pal Anand v. State of M.P. & Anr.,42211,,,
2014_6_23_49_EN,2014-05-06,Satish Chandra & Anr. v. State of M.P.,52185,,,
2014_6_263_277_EN,2014-07-01,Manohar Lal v. State of Haryana,26104,,,
2014_6_370_382_EN,2014-05-23,Mahavir Singh v. State of Haryana,21842,,,
2014_6_383_419_EN,2014-05-23,Joginder Pal & Ors. etc. v. State of Punjab & Ors.,69657,,,
2014_6_420_436_EN,2014-05-23,Paulmeli and Anr. v. State of Tamil Nadu Tr. Insp. of Police,30886,,,
2014_6_437_455_EN,2014-05-23,Sudarshan and Anr. v. State of Maharashtra,35121,,,
2014_6_637_645_EN,2014-05-05,Nagesar v. State of Chhatisgarh,15729,,,
2014_6_750_761_EN,2014-05-08,"Cherukuri Mani W/O Narendra Chowdari v. The Chief Secretary, Government of Andhra Pradesh & Ors.",22784,,,
2014_6_819_872_EN,2014-05-09,Chandra Prakash v. State of Rajasthan,101247,,,
2014_6_99_115_EN,2014-06-11,Ganesh Datt v. State of Uttarakhand,30365,,,
2014_7_1111_1122_EN,2014-08-27,Deny Bora v. State of Assam,22361,,,
2014_7_1149_1163_EN,2014-09-16,K. Saravanan Karuppasamy & Anr. v. State of Tamil Nadu & Ors.,30257,,,
2014_7_305_320_EN,2014-04-16,Om Prakash v. State of Haryana,29647,,,
2014_7_321_335_EN,2014-04-25,Dinesh v. State of Haryana,27880,,,
2014_7_437_445_EN,2014-05-09,Swapnil and Others v. State of Madhya Pradesh,16099,,,
2014_7_476_496_EN,2014-05-09,Dhan Raj @ Dhand v. State of Haryana,39113,,,
2014_7_48_257_EN,2014-05-16,Adambhai Sulemanbhai Ajmeri & Ors. v. State of Gujarat,389305,,,
2014_7_523_531_EN,2014-05-12,Govt. of A.P. & Anr. v. B. Jagjeevan Rao,15713,,,
2014_7_552_560_EN,2014-05-16,Krishan v. State of Haryana,15266,,,
2014_7_651_667_EN,2014-09-05,Pargan Singh v. State of Punjab & Anr.,34297,,,
2014_7_677_687_EN,2014-09-08,Gold Quest International Private Limited v. The State of Tamil Nadu & Ors.,19647,,,
2014_7_743_764_EN,2014-09-10,Madhya Pradesh State Legal Services Authority v. Prateek Jain & Anr.,41142,,,
2014_7_777_787_EN,2014-09-10,Mahamadkhan Nathekhan v. State of Gujarat,21356,,,
2014_7_788_798_EN,2014-09-10,Sangili @ Sanganathan v. State of Tamil Nadu,18627,,,
2014_7_822_833_EN,2014-09-16,Munna v. State of M.P.,22224,,,
2014_7_834_843_EN,2014-09-16,Government of NCT (Delhi) and Another v. K. Srivatsan,17788,,,
2014_7_844_863_EN,2014-09-16,Dilawar Singh & Ors. v. State of Haryana,38675,,,
2014_7_919_927_EN,2014-07-01,Ram Kumar & Ors. v. State of M.P.,16153,,,
2014_7_928_955_EN,2014-07-03,Santosh Kumar Singh v. State of Madhya Pradesh,49931,,,
2014_7_956_977_EN,2014-08-01,Ramesh v. State through Inspector of Police,42143,,,
2014_7_978_994_EN,2014-08-06,Hakkim v. State Represented by Deputy Superintendent of Police,32155,,,
2014_7_995_1026_EN,2014-08-07,Ramaiah @ Rama v. State of Karnataka,63324,,,
2014_8_1075_1083_EN,2014-08-07,Shaileshbhai @ Pappu Balubhai Chunara & Anr. v. State of Gujrat,16552,,,
2014_8_1084_1099_EN,2014-08-21,Raju @ Devendra Choubey v. State of Chhatisgarh,30000,,,
2014_8_1142_1148_EN,2014-09-04,Tanua Rabidas v. State of Assam,12570,,,
2014_8_128_143_EN,2014-07-02,Arnesh Kumar v. State of Bihar & Anr.,29231,Arnesh Kumar v. State of Bihar,section 498A,related
2014_8_155_168_EN,2014-07-03,Mannan Sk & Ors. v. State of West Bengal & Anr.,26617,,,
2014_8_169_182_EN,2014-07-07,Sobaran Singh & Ors. v. State of M.P.,27581,,,
2014_8_18_31_EN,2014-06-30,State of Rajasthan v. Thakur Singh,24294,,,
2014_8_207_216_EN,2014-07-07,Dinesh Tiwari v. State of Uttar Pradesh & Anr.,17284,,,
2014_8_239_254_EN,2014-07-08,Khim Singh v. State of Uttarakhand,32213,,,
2014_8_255_272_EN,2014-07-09,State of Bihar & Ors. v. Ashok Kumar Singh & Ors.,33589,,,
2014_8_295_304_EN,2014-07-15,C.K. Dasegowda & Ors. v. State of Karnataka,18116,,,
2014_8_311_327_EN,2014-07-31,Durga Burman (Roy) v. State of Sikkim,30442,,,
2014_8_328_351_EN,2014-07-31,Bairam Muralidhar v. State of Andhra Pradesh,46138,,,
2014_8_589_603_EN,2014-04-11,State of Rajasthan v. Manoj Kumar,29748,,,
2014_8_636_657_EN,2014-04-24,Rajat Prasad v. C.B.I,41298,,,
2014_8_658_667_EN,2014-04-25,Chaitu & Ors. v. State of Utiar Pradesh,18688,,,
2014_8_668_700_EN,2014-04-25,Laut Kumar Yadav @ Kuri v. State of Utiar Pradesh,64199,,,
2014_8_69_87_EN,2014-07-01,Umakant & Anr. v. State of Chhatisgarh,34554,,,
2014_8_718_728_EN,2014-05-02,"Central Bureau of Investigation, Lucknow, U.P. v. Indra Bhushan Singh & Ors.",20698,,,
2014_8_743_750_EN,2014-05-06,Kushalbhai Ratanbhai Rohit & Ors. v. The State of Gujarat,12847,,,
2014_8_813_831_EN,2014-07-01,Paramsivam & Ors. v. State through Inspector of Police,35283,,,
2014_8_923_929_EN,2014-07-22,Shyam Narain Pandey v. State of U.P.,11575,,,
2014_8_992_1020_EN,2014-07-31,Sanjay Gupta & Ors. v. State of Uttar Pradesh & Ors.,53331,,,
2014_9_1063_1121_EN,2014-09-04,State of NCT of Delhi v. Sanjay,111549,,,
2014_9_139_161_EN,2014-07-01,Duryodhan Rout v. State of Orlssa,41081,,,
2014_9_14_37_EN,2014-04-21,Thimmareddy & Ors. v. State of Karnataka,45868,,,
2014_9_182_190_EN,2014-07-02,State of Punjab v. Gurmit Singh,15531,,,
2014_9_191_207_EN,2014-07-02,Pradeep Kumar v. State of Haryana,29887,,,
2014_9_208_220_EN,2014-07-02,Davinder Singh v. State of Punjab,22308,,,
2014_9_247_278_EN,2014-08-20,Satvir Singh v. State of Delhi through CBI,61175,,,
2014_9_330_339_EN,2014-04-23,Alber Oraon v. State of Jharkhand,19029,,,
2014_9_340_355_EN,2014-07-01,Krishnan @ Ramasamy & Ors. v. State of Tamil Nadu,30882,,,
2014_9_364_390_EN,2014-07-18,Hussein Ghadially @M.H.G.A. Shaikh & Ors. v. State of Gujarat,47479,,,
2014_9_454_466_EN,2014-08-26,Balwan Singh and Ors. v. State of Haryana,24201,,,
2014_9_467_478_EN,2014-08-26,State of Madhya Pradesh v. Bablu,21788,,,
2014_9_505_509_EN,2014-09-02,Kusha Laxman Waghmare v. State of Maharashtra,7739,,,
2014_9_571_779_EN,2014-03-05,Sushil Ansal v. State through CBI,405005,,,
2015_10_1112_1120_EN,2015-12-16,State of Maharashtra v. Hemant Kawadu Chauriwal etc.,16089,,,
2015_10_1121_1129_EN,2015-12-16,State of Punjab v. Bittu &Anr. etc. etc.,16170,,,
2015_10_1158_1175_EN,2015-12-15,State of Maharashtra & Ors. v. Brijlal Sadasukh Modani,30388,,,
2015_10_163_175_EN,2015-11-20,State of Rajasthan v. Ramesh,22691,,,
2015_10_192_219_EN,2015-11-19,Prof. N. K. Ganguly v. CBI New Delhi,49413,,,
2015_10_277_287_EN,2015-08-28,Central Bureau of Investigation v. Maninder Singh,19621,,,
2015_10_288_294_EN,2015-08-31,Indra Vijay Alok v. State of Madhya Pradesh,12284,,,
2015_10_295_304_EN,2015-08-21,Central Bureau of Investigation v. Rathin Dandapat and Others,16276,,,
2015_10_316_324_EN,2015-09-08,Baljinder Pal Kaur v. State of Punjab and Others,13024,,,
2015_10_398_422_EN,2015-09-01,Bhadresh Bipinbhai Sheth v. State of Gujarat &Another,47302,,,
2015_10_48_60_EN,2015-09-16,State (Government of NCT of Delhi) v. Nitin Gunwant Shah,22255,,,
2015_10_542_552_EN,2015-08-25,State of Rajasthan v. Jainudeen Shekhandanr.,19169,,,
2015_10_553_568_EN,2015-10-27,Mehboobali &Anr. v. State of Rajasthan,27864,,,
2015_10_70_84_EN,2015-08-12,M/s. K.C.P. Ltd. v. Government of A.P. & Ors.,24987,,,
2015_10_786_801_EN,2015-09-04,Nizam & Anr. v. State of Rajasthan,28594,,,
2015_10_802_815_EN,2015-09-29,Neeru Yadav v. State of U.P. and Anr.,23461,,,
2015_10_880_937_EN,2015-11-05,All Kerala Online Lottery Dealers Association v. State of Kerala & Ors.,106033,,,
2015_11_1004_1015_EN,2015-01-28,Jage Ram & Ors. v. State of Haryana,21044,,,
2015_11_1016_1033_EN,2015-01-28,A.C. Narayanan v. State of Maharashtra & Anr.,32164,,,
2015_11_1077_1109_EN,2015-12-10,Bipinchandra Gamanlal Chokshi and Another v. State of Gujarat and Others,60736,,,
2015_11_340_356_EN,2015-09-29,Essar Teleholdings Ltd. v. Central Bureau of Investigation,28774,,,
2015_11_357_389_EN,2015-09-29,State of Maharashtra v. Ramlal Devappa Rathod and Others,58337,,,
2015_11_439_453_EN,2015-10-06,Satyapal Singh v. State of M.P. and Ors.,25757,,,
2015_11_695_707_EN,2015-10-09,Yallawa & Ors. v. State of Karnataka,24238,,,
2015_11_708_722_EN,2015-10-16,Balu @ Bala Subramaniam & Anr. v. State (U.T. of Pondicherry),27074,,,
2015_11_903_934_EN,2015-12-07,Maya Devi & Anr. v. State of Haryana,55850,,,
2015_12_1106_1178_EN,2015-12-10,Rajbala & Others v. State of Haryana & Others,143661,,,
2015_12_1_54_EN,2015-12-16,Rajiv Singh v. State of Bihar & Another,102731,,,
2015_12_234_242_EN,2015-11-24,Shamsher Singh Verma v. State of Haryana,15910,,,
2015_12_263_275_EN,2015-11-17,Dr. Ram Lakhan Singh v. State Government of Uttar Pradesh through Chief Secretary,23863,,,
2015_12_387_394_EN,2015-10-01,Sudhir v. The State of Maharashtra and Another,13745,,,
2015_12_424_434_EN,2015-01-16,Nagaraja Rao v. Central Bureau of Investigation,18841,,,
2015_12_627_652_EN,2015-11-26,State of U.P. & Ors. v. Ajay Kumar Sharma & Anr.,47846,,,
2015_12_653_654_EN,2015-11-26,Ram Charan Singh Prajapati v. State of U.P. & Others,2097,,,
2015_12_661_688_EN,2015-07-29,"Yakub Abdul Razak Memon v. State of Maharashtra, Thr. the Secretary, Home Department and Others",51402,,,
2015_12_769_770_EN,2015-08-19,Sushil Ansal v. State through CBI,2590,,,
2015_12_792_797_EN,2015-09-23,Ranjit Sarkar v. State of Tripura,9606,,,
2015_12_867_881_EN,2015-09-29,Narender Singh & Ors. v. State of Madhya Pradesh,27314,,,
2015_12_882_887_EN,2015-10-14,N. Sunkanna v. State of Andhra Pradesh,10341,,,
2015_12_888_897_EN,2015-10-15,Khumbaram v. State of Rajasthan & Ors.,17786,,,
2015_12_969_981_EN,2015-11-04,Baldev Singh v. State of Haryana,23836,,,
2015_13_1131_1157_EN,2015-11-04,State of Rajasthan v. Daud Khan,49183,,,
2015_13_1254_1260_EN,2015-12-09,Sat Parkash v. State of Haryana and Another,11866,,,
2015_14_1037_1189_EN,2015-12-10,Yogendra Kumar Jaiswal etc. v. State of Bihar & Ors.,290393,,,
2015_14_211_216_EN,2015-12-01,Madan Razak v. State of Bihar and Others,10239,,,
2015_14_269_275_EN,2015-08-19,Sakharam v. State of Madhya Pradesh &Anr.,12396,,,
2015_14_920_926_EN,2015-12-02,Sujoymitra v. State of West Bengal,12015,,,
2015_14_985_986_EN,2015-12-10,Ramendra@ Raman Dhuldhue v. State of Madhya Pradesh,2516,,,
2015_14_987_992_EN,2015-12-10,Balbhadra Parashar v. State of Madhya Pradesh,9814,,,
2015_15_147_155_EN,2015-12-16,Mohd. Feroz Khan@ Feroz v. State of Andhra Pradesh,15355,,,
2015_15_179_193_EN,2015-12-16,Narender Kumar v. State of NCT of Delhi,29103,,,
2015_15_452_479_EN,2015-10-06,State through Intelligence Officer Narcotics Control Bureau v. Mushtaq Ahmad etc.,46948,,,
2015_15_499_521_EN,2015-12-16,"Gautam Kundu v. Manoj Kumar Assistant Director, Eastern Region, Directorate of Enforcement(Prevention of Money Laundering Act) Govt. of India",43608,,,
2015_15_522_542_EN,2015-11-06,Gurudassing Nawoosing Panjwani v. The State of Maharashtraand Others,37844,,,
2015_1_1022_1031_EN,2015-02-05,"L. Laxmikanta v. State by Superintendent of Police, Lokayukta",17692,,,
2015_1_1043_1059_EN,2015-02-11,Bhim Singh and Anr. v. State of Utiarakhand,33124,,,
2015_1_1060_1068_EN,2015-02-11,Dasin Bai@ Shanti Bai v. State of Chhattisgarh,15784,,,
2015_1_1116_1122_EN,2015-02-13,State of M.P. v. Mehtaab,12216,,,
2015_1_156_164_EN,2015-01-20,Manik Taneja & Anr. v. State of Karnataka & Anr.,15950,,,
2015_1_29_54_EN,2015-01-09,Sher Singh @ Partapa v. State of Haryana,52750,,,
2015_1_328_349_EN,2015-01-08,Vinod Kumar v. State of Haryana,41215,,,
2015_1_350_362_EN,2015-01-08,Darga Ram @ Gunga v. State of Rajasthan,23024,,,
2015_1_363_376_EN,2015-01-09,Ahmed Shah & Anr. v. State of Rajasthan,25785,,,
2015_1_377_429_EN,2015-01-09,Sunil Bharti Mittal v. Central Bureau of Investigation,99246,,,
2015_1_469_476_EN,2015-01-15,Ratnesh Kumar Pandey v. State of Uttar Pradesh,15162,,,
2015_1_491_503_EN,2015-01-21,Pathubha Govindji Rathod & Anr. v. State of Gujarat,24525,,,
2015_1_504_542_EN,2015-01-21,Vinod Kumar v. State of Punjab,74604,,,
2015_1_563_579_EN,2015-01-06,Inder Singh & Ors. v. State of Rajasthan,32949,,,
2015_1_667_688_EN,2015-01-13,State of U.P. v. Om Prakash,43888,,,
2015_1_689_699_EN,2015-01-14,Rajinder Kumar v. State of Haryana,19571,,,
2015_1_709_720_EN,2015-01-15,State of Punjab v. Bawa Singh,21746,,,
2015_1_721_747_EN,2015-01-20,Tomaso Bruno & Anr. v. State of U.P.,52094,Tomaso Bruno v. State of U.P.,electronic evidence,overruled
2015_1_789_793_EN,2015-01-28,R.P.S. Yadav v. Central Bureau of Investigation,9823,,,
2015_1_84_99_EN,2015-01-12,Vinayak Narayan Deosthali v. Central Bureau of Investigation,31447,,,
2015_1_907_920_EN,2015-01-14,Dilip Kumar Mondal & Anr. v. State of West Bengal,27734,,,
2015_1_970_980_EN,2015-02-02,Balu S/O Onkar Pund & Others v. The State of Maharashtra,20873,,,
2015_2_1001_1011_EN,2015-03-17,Daulat Ram @ Daulti v. State of Haryana,17348,,,
2015_2_1012_1022_EN,2015-03-17,Naval Kishore v. State of Maharashtra,17540,,,
2015_2_16_25_EN,2015-01-14,State of Rajasthan v. Salman Salim Khan,17825,,,
2015_2_171_182_EN,2015-02-13,Nayankumar Shivappa Waghmare v. State of Maharashtra,22595,,,
2015_2_210_219_EN,2015-02-19,Sanjeev v. State of Haryana,18338,,,
2015_2_241_248_EN,2015-02-20,Ravi Prakash Singh @Arvind Singh v. State of Bihar,13381,,,
2015_2_354_371_EN,2015-02-04,Dr. Vinod Bhandari v. State of M.P.,28514,,,
2015_2_372_387_EN,2015-02-10,M/s Bennet Coleman & Co. Ltd v. State of Bihar & Ors.,23797,,,
2015_2_448_459_EN,2015-02-17,Rashmi Behl v. State of U.P. & Ors.,20138,,,
2015_2_559_571_EN,2015-02-04,Kanaklata v. State of (Nct) of Delhi & Ors.,22533,,,
2015_2_594_605_EN,2015-02-18,Ghusabhai Raisangbhai Chorasiya & Ors. v. State of Gujarat,20245,,,
2015_2_678_686_EN,2015-02-26,Badru Ram & Ors. v. State of Rajasthan,15053,,,
2015_2_751_771_EN,2015-03-10,Satish Kumar Jayanti Lal Dabgar v. State of Gujarat,34985,,,
2015_2_835_859_EN,2015-02-26,Rajinder Singh v. State of Punjab,40193,,,
2015_2_860_870_EN,2015-02-26,Ravindra v. State of Madhya Pradesh,18032,,,
2015_2_871_881_EN,2015-02-26,Amrutlal Liladharbhai Kotak & Ors. v. State of Gujarat,17492,,,
2015_2_903_911_EN,2015-02-26,Dhirendra Kumar @ Dhiroo v. State of Utiarakhand,14009,,,
2015_2_912_929_EN,2015-02-26,Tejram Patil v. State of Maharashtra,28826,,,
2015_2_955_960_EN,2015-02-27,State of Himachal Pradesh v. Ram Pal,9356,,,
2015_2_961_975_EN,2015-02-27,Ramakant Mishra @ Lalu etc. v. State of U.P. & Ors.,27231,,,
2015_2_976_989_EN,2015-03-10,Gurjit Singh Alias Gora and Anr. v. State of Haryana,23282,,,
2015_2_995_1000_EN,2015-03-11,"Edward v. Inspector of Police, Aandimadam Police Station",9177,,,
2015_3_1039_1061_EN,2015-04-16,Ashwani Kumar @ Ashu & Anr. v. State of Punjab,38484,,,
2015_3_394_415_EN,2015-03-10,Vijaypal v. State (Gnct) of Delhi,37803,,,
2015_3_416_449_EN,2015-03-10,Md.All @ Guddu v. State of U.P.,57665,,,
2015_3_450_525_EN,2015-03-10,"Nagaraj v. State Rep. by Inspector of Police, Salem Town, Tamil Nadu",122629,,,
2015_3_526_541_EN,2015-03-13,Tukaram Dnyaneshwar Patil v. State of Maharashtra & Ors.,26913,,,
2015_3_579_589_EN,2015-04-07,"Shanti Lal Meena v. State of NCT of Delhi, CBI",19301,,,
2015_3_590_611_EN,2015-03-30,State of Punjab v. Saurabh Bakshi,36216,,,
2015_3_652_658_EN,2015-03-10,V.C. Chinnappa Goudar v. Karnataka State Pollution Control Board & Anr.,10670,,,
2015_3_672_685_EN,2015-03-16,Taramani Parakh v. State of M.P. & Ors.,20232,,,
2015_3_711_718_EN,2015-03-19,Sanjiv Kumar @ Gora v. State of Punjab,13143,,,
2015_3_765_772_EN,2015-03-23,State of Madhya Pradesh v. Rakesh Mishra,13386,,,
2015_3_773_792_EN,2015-03-24,Manmeet Singh Alias Goldie v. State of Punjab,35334,,,
2015_3_876_905_EN,2015-03-11,Pawan Kumar @ Monu Mittal v. State of Utiar Pradesh & Anr.,54292,,,
2015_3_906_920_EN,2015-04-16,Bivash Chandra Debnath @ Bivash D & Others v. State of West Bengal,23696,,,
2015_3_947_962_EN,2015-04-10,Raja @ Rajinder v. State of Haryana,26978,,,
2015_4_108_136_EN,2015-03-19,Mrs. Priyankasrivastavaandanother v. State of U.P.And Others,49109,,,
2015_4_226_245_EN,2015-04-17,M.Narayan v. State of Karnataka,36524,,,
2015_4_27_36_EN,2015-03-17,Vesa Holdings P. Ltd. & Anr. v. State of Kerala & Ors.,14958,,,
2015_4_373_380_EN,2015-04-13,Ganga Dhar Kalita v. The State of Assam and Others,13263,,,
2015_4_37_44_EN,2015-03-27,Ranbeer Singh (Dead) by L.R. v. State of U. P. & Ors.,12465,,,
2015_4_542_550_EN,2015-04-06,Jasbir Singh @ Javri @ Jabbar Singh v. State of Haryana,14183,,,
2015_4_563_575_EN,2015-04-24,Nanda Gopalan v. State of Kerala,19895,,,
2015_4_609_615_EN,2015-04-13,Inspector of Police and Another v. Batienapatla Ven Kata Ratnam and Another,10494,,,
2015_4_633_639_EN,2015-05-01,Savitri Pandey and Another v. State of U.P.And Others,9834,,,
2015_4_726_749_EN,2015-04-16,Kiriti Pal v. State of West Bengal,43397,,,
2015_4_750_769_EN,2015-04-24,Vutukuru Lakshmaiah v. State of Andhra Pradesh,35036,,,
2015_4_789_817_EN,2015-04-08,Jodhan v. State of M.P.,47346,,,
2015_4_962_973_EN,2015-04-21,Santosh S/O Shankar Pawar v. State of Maharashtra,20763,,,
2015_5_1112_1140_EN,2015-05-08,Purushotiam Dashrath Borate &Anr. v. State of Maharashtra,60075,,,
2015_5_122_140_EN,2015-05-08,Sanjeev Kumar Gupta v. State of U.P. (Now State of Utiarakhand),34504,,,
2015_5_214_227_EN,2015-04-28,Upendra Pradhan v. State of Orissa,24627,,,
2015_5_228_240_EN,2015-04-28,Hari Shankers v. State of Uttar Pradesh,20948,,,
2015_5_283_319_EN,2015-03-16,Ramdev Food Products Private Limited v. State of Gujarat,63154,,,
2015_5_424_434_EN,2015-04-16,Vinay&Ors. v. State of Karnataka&Anr.,18054,,,
2015_5_435_473_EN,2015-04-17,Mohan Lal v. State of Rajasthan,68113,,,
2015_5_525_533_EN,2015-04-28,Golbar Hussain and Ors. v. State Ofassamandanr.,15204,,,
2015_5_605_642_EN,2015-03-16,R. Dineshkumar @ Deena v. State Rep. by Inspector of Police & Others,68691,,,
2015_5_73_121_EN,2015-03-26,"Ved Mitier Gill v. Union Territory Administration, Chandigarh and Others",85003,,,
2015_5_777_788_EN,2015-04-08,Major Singh & Anr. v. State of Punjab,19617,,,
2015_5_789_799_EN,2015-04-21,Makhan Singh v. State of Haryana,19395,,,
2015_6_1002_1020_EN,2015-07-07,Chandra Babu @ Moses v. State through Inspector of Police & Ors.,33096,,,
2015_6_1021_1032_EN,2015-07-06,Sirajul & Ors. v. The State of U.P. &Anr.,20224,,,
2015_6_175_191_EN,2015-05-05,Kulwinder Singh &Anr. v. State of Punjab,28555,,,
2015_6_239_251_EN,2015-05-06,Iqbal and Another v. State of Utiar Pradesh,22167,,,
2015_6_262_274_EN,2015-05-06,State of Andhra Pradesh v. P. Venkateshwarlu,21909,,,
2015_6_275_283_EN,2015-04-17,Monju Roy & Ors. v. State of West Bengal,14412,,,
2015_6_321_330_EN,2015-05-11,State of Rajasthan v. Sri Chand,17249,,,
2015_6_348_360_EN,2015-05-12,State of Haryana v. Asha Devi and Anr.,23767,,,
2015_6_361_374_EN,2015-03-10,"D. Velayutham v. State Rep. by Inspector of Police, Salem Town, Chennai",25491,,,
2015_6_375_388_EN,2015-03-11,Ashok v. State of Maharashtra,23199,,,
2015_6_496_503_EN,2015-07-03,State of Madhya Pradesh v. Keshar Singh,13328,,,
2015_6_960_969_EN,2015-07-03,State of Madhya Pradesh v. Anoop Singh,16430,,,
2015_7_1013_1024_EN,2015-06-19,Jagtar Singh v. State of Haryana,20535,,,
2015_7_1073_1082_EN,2015-07-01,State of M.P. v. Ashok & Others etc.,17655,,,
2015_7_1083_1103_EN,2015-05-29,Indra Dalal v. State of Haryana,37762,,,
2015_7_10_35_EN,2015-05-14,Rajdeep Sardesai v. State of Andhra Pradesh & Ors.,48968,,,
2015_7_147_165_EN,2015-05-15,Ramanlal and Anr. v. State of Haryana,33069,,,
2015_7_166_182_EN,2015-05-14,"State of Uttar Pradesh and Others v. Anil Kumar Sharma and Another ,",29484,,,
2015_7_1_9_EN,2015-05-15,"Abdul Razak & Ors. v. The State of Karnataka Rep. by Sho, Hutti Ps",17463,,,
2015_7_201_206_EN,2015-05-15,"K.L. Bakolia v. State through Director, C.B.L~""V",10773,,,
2015_7_268_290_EN,2015-04-23,Raj Singh v. State of Haryana etc.,43070,,,
2015_7_355_468_EN,2015-04-15,K. Anbazhagan v. State of Karnataka& Ors.,209088,,,
2015_7_36_55_EN,2015-05-15,Ranjeet Kumar Ram@ Ranjeet Kumar Das v. State of Bihar,36846,,,
2015_7_469_511_EN,2015-04-27,K. Anbazhagan v. State of Karnatakaand Others,75548,,,
2015_7_814_852_EN,2015-07-24,Dilip K. Basu v. State of West Bengal & Ors.,72616,,,
2015_7_853_977_EN,2015-05-14,Devi Das Ramachandra Tuljapurkar v. State of Maharashtra& Ors.,230759,,,
2015_7_998_1012_EN,2015-07-01,State of M.P. v. Madan Lal,26785,,,
2015_8_1_31_EN,2015-07-28,V. K. Mishra&Anr. v. State of Utiarakhand &Anr.,60138,,,
2015_8_306_319_EN,2015-07-01,State of U.P. v. Satveer & Ors.,24676,,,
2015_8_352_365_EN,2015-07-09,State of Madhya Pradesh & Ors. v. Anand Mohan &Anr.,21583,,,
2015_8_512_529_EN,2015-07-20,Bablu Kumarand Ors. v. State of Bihair and Anr.,30979,,,
2015_8_575_661_EN,2015-04-15,Prasad Shrikant Purohit v. State of Maharashtra & Anr.,164408,,,
2015_8_673_684_EN,2015-08-03,Parhlad and Anr. v. State of Haryana,20494,,,
2015_8_685_708_EN,2015-07-24,Nanjappa v. State of Karnataka,45203,,,
2015_8_709_722_EN,2015-07-13,"Vijay Mallya v. Enforcement Directorate, Min. of Finance",22602,,,
2015_8_723_727_EN,2015-07-06,State of M.P. v. Manish & Ors.,8604,,,
2015_8_979_993_EN,2015-07-24,Eshwarappa v. State of Karnataka,27320,,,
2015_9_1084_1104_EN,2015-07-01,State of J & K v. Wasimahmed Malik@ Hamid and Another,36018,,,
2015_9_1124_1140_EN,2015-09-14,Bhanuben and Anr. v. State of Gujarat,31004,,,
2015_9_113_125_EN,2015-08-18,Raj Bala v. State of Haryana & Ors. etc. etc.,23788,,,
2015_9_1141_1154_EN,2015-07-02,Daya Ram & Ors. v. State of Haryana,26817,,,
2015_9_200_204_EN,2015-08-07,Ram Narain v. State of U.P.,8135,,,
2015_9_205_210_EN,2015-08-18,Ramvilas v. State of M.P.,9776,,,
2015_9_211_219_EN,2015-07-24,State of Maharashtra v. Shiva@ Shivaji Ramaji Sonawane & Ors. etc.,15762,,,
2015_9_343_351_EN,2015-09-30,Ganga Bai v. State of Rajasthan,14894,,,
2015_9_381_394_EN,2015-08-18,Selvaraj v. State of Karnataka,24984,,,
2015_9_483_497_EN,2015-09-28,K.P. Singh v. State of NCT of Delhi,26661,,,
2015_9_552_565_EN,2015-09-22,Sushil Ansal v. State through CBI,23775,,,
2015_9_56_68_EN,2015-08-13,State of Kerala and Others v. S. Unnikrishnan Nair and Others,22171,,,
2015_9_69_80_EN,2015-07-15,Jogendra Yadav & Ors. v. State of Bihar &Anr.,20137,,,
2015_9_741_751_EN,2015-09-01,Abdul Waheed v. State of Uttar Pradesh,20744,,,
2015_9_772_788_EN,2015-09-15,"State, Rep. by Inspector of Police Central Crime Branch v. R. Vasanthi Stanley &Anr.",29227,,,
2015_9_943_969_EN,2015-05-15,Shabnam v. State of U. P.,46474,,,
2015_9_977_991_EN,2015-08-04,Vijay Shankar v. State of Haryana,28103,,,
2016_10_1_856_EN,2016-11-11,Jindal Stainless Ltd. & Anr. v. State of Haryana & Ors.,1825856,,,
2016_11_509_520_EN,2016-11-22,K.V. Prakash Babu v. State of Karnataka,25562,,,
2016_11_764_779_EN,2016-11-18,Baijnath & Others v. State of Madhya Pradesh,35119,,,
2016_11_805_811_EN,2016-11-22,"State through Lokayukta Police, Raichur v. C. N. Manjunath",13454,,,
2016_11_857_869_EN,2016-12-14,Shama v. State of Haryana,27198,,,
2016_11_870_871_EN,2016-05-02,C.B.I. Bank Securities & Fraud Cell v. Ramesh Gelli & Ors.,1755,,,
2016_12_131_144_EN,2016-11-29,State of- Uttar Pradesh and Others v. Subhash Chandra Jaiswal and Others,30807,,,
2016_12_90_105_EN,2016-11-25,Anjan Dasgupta v. The State of West Bengal & Ors.,35888,,,
2016_1_103_111_EN,2016-01-19,"Bobbili Ramakrishna Raju Yadav & Ors. v. State of Andhra Pradesh Rep. by Its Public Prosecutor High Court of A.P. Hyderabad, A.P. & Anr.",21233,,,
2016_1_1059_1070_EN,2016-02-11,Tekan Alias Tekram v. State of Madhya Pradesh (Now Chhattisgarh),21479,,,
2016_1_1080_1083_EN,2016-03-01,State of M.P. v. Udaibhan,8126,,,
2016_1_137_150_EN,2016-01-06,Susanta Das & Ors. v. State of Orissa,33706,,,
2016_1_174_178_EN,2016-01-19,Surender @ Kala v. State of Haryana,10626,,,
2016_1_179_186_EN,2016-01-11,State of Assam v. Ramen Dowarah,19754,,,
2016_1_194_206_EN,2016-01-29,Dharam Pal v. State of Haryana & Ors.,31450,,,
2016_1_316_342_EN,2016-02-08,Richa Mishra v. State of Chhattisgarh and Ors.,63872,,,
2016_1_34_48_EN,2016-01-06,Prem Sagar Manocha v. State (NCT of Delhi),34457,,,
2016_1_468_483_EN,2016-02-05,Ram Saran Varshney and Others v. State of Uttar Pradesh and Another,36912,,,
2016_1_49_55_EN,2016-01-28,State of Rajasthan v. Ram Kailash Alias Ram Vilas,15711,,,
2016_1_555_563_EN,2016-01-06,Darshan Singh v. State of Punjab,18851,,,
2016_1_56_65_EN,2016-01-08,Usmanganjadambhaivahora v. State of Gujarat & Anr.,22195,,,
2016_1_616_622_EN,2016-01-07,Sudip Kr. Sen @ Biltu v. State of West Bengal & Ors.,16010,,,
2016_1_66_73_EN,2016-01-06,State of A.P. v. Patchimala Vigneswarudu@ Vigganna @ Ganapathi,17416,,,
2016_1_762_786_EN,2016-02-23,"Central Bureau of Investigation, Bank Securities & Fraud Cell v. Ramesh Gelli and Others",57712,,,
2016_1_913_930_EN,2016-02-26,Sadhu Saran Singh v. State of U.P. and Ors.,41098,,,
2016_2_1027_1046_EN,2016-04-12,Amanullah and Anr. v. State of Bihar and Ors.,47238,,,
2016_2_1047_1051_EN,2016-04-25,State of M.P. & Anr. v. Rajveer Singh & Ors.,11464,,,
2016_2_1060_1073_EN,2016-04-26,Amal Kumar J Ha v. State of Chhatisgarh & Anr.,32147,,,
2016_2_1089_1108_EN,2016-05-12,Parag Bhati (Juvenile) Thr. Legal Guardian- Mother-Smt. Rajni Bhat! v. State of Uttar Pradesh and Anr.,45279,,,
2016_2_123_127_EN,2016-03-03,Ram Laxman v. State of Rajasthan,10640,,,
2016_2_128_143_EN,2016-03-04,Anant Prakash Sinha @ Anant Sinha v. State of Haryana & Anr.,38667,,,
2016_2_150_156_EN,2016-03-10,Employees State Insurance Corporation v. A. K. Abdul Samad & Anr.,15389,,,
2016_2_203_213_EN,2016-04-27,Harijan Bhala Teja v. State of Gujarat,24159,,,
2016_2_277_283_EN,2016-03-02,State of Madhya Pradesh v. Goloo Raikwar and Anr.,14075,,,
2016_2_284_291_EN,2016-03-02,Shahid Khan v. State of Rajasthan,18342,,,
2016_2_401_405_EN,2016-04-12,Hindustan Unilever Ltd. v. State of Rajasthan & Anr.,9789,,,
2016_2_419_425_EN,2016-03-29,Gyaneshwar Shyamal v. State of West Bengal,16372,,,
2016_2_468_485_EN,2016-05-06,State of Hlmachal Pradesh v. Rajiv Jassi,45011,,,
2016_2_486_503_EN,2016-05-13,"State through CBI, Chennai v. V. Arul Kumar",41064,,,
2016_2_504_524_EN,2016-05-10,Balveer Singh & Anr. v. State of Rajasthan & Anr.,49584,,,
2016_2_525_540_EN,2016-04-12,"V. Sejappa v. The State by Police Inspector Lokayukta, Chitradurga",38732,,,
2016_2_561_569_EN,2016-02-15,Air Customs Officer Igi New Delhi v. Pramod Kumar Dhamija,19483,,,
2016_2_570_582_EN,2016-02-15,State of Karnataka v. Dattaraj & Others,29894,,,
2016_2_583_590_EN,2016-02-12,State of Maharashtra v. Syed Umar Sayed Abbas & Ors.,19255,,,
2016_2_591_594_EN,2016-04-26,"State through Cbl/Acb, Hyderabad A.P. v. Dharmana Prased Rao",8365,,,
2016_2_595_598_EN,2016-05-06,Prabhakar Vithal Gholve v. State of Maharashtra,9721,,,
2016_2_599_607_EN,2016-05-12,Rambraksh @ Jalim v. State of Chhattisgarh,20424,,,
2016_2_649_654_EN,2016-05-04,State of Rajasthan v. Mohinuddin Jamal Alvi & Anr.,13158,,,
2016_2_675_681_EN,2016-02-12,B. Virupakshaiah v. State of Karnataka and Ors.,15317,,,
2016_2_694_698_EN,2016-05-17,State of Rajasthan v. Firoz Khan @ Arif Khan,9985,,,
2016_2_741_752_EN,2016-04-19,Videocon Industries Ltd. & Anr. v. State of Maharashtra & Ors.,26895,,,
2016_2_852_860_EN,2016-02-26,Gajanan Dashrath Kharate v. State of Maharashtra,20889,,,
2016_2_867_871_EN,2016-04-22,Ramesh Kumar @Babla v. State of Punjab,10993,,,
2016_2_881_885_EN,2016-03-30,Hardei v. State of U.P.,10054,,,
2016_2_936_947_EN,2016-04-13,Shelkh Sintha Madhar @ Jaffer @ Sintha Etc v. State Rep. by Inspector of Police,27035,,,
2016_2_997_1001_EN,2016-02-10,Hamant Yashwant Dhage v. State of Maharashtra and Others,10175,,,
2016_3_145_158_EN,2016-06-03,Satish Shetty v. State of Karnataka,33256,,,
2016_3_166_172_EN,2016-06-29,Jagdish v. State of Haryana,16266,,,
2016_3_173_180_EN,2016-06-29,Mahiman Singh v. State of Uttarakhand,16466,,,
2016_3_181_186_EN,2016-06-29,State of Haryana v. Hussain,13857,,,
2016_3_254_264_EN,2016-07-25,Sukhram v. State of Himachal Pradesh,25427,,,
2016_3_265_277_EN,2016-07-11,State of Gujarat v. Jayrajbhai Punjabhai Varu,30406,,,
2016_3_323_336_EN,2016-07-25,Dev Raj v. State of Chhattisgarh,31462,,,
2016_3_434_448_EN,2016-07-01,Mumtaz @ Muntyaz v. State of U.P. (Now Uttarakhand),33002,,,
2016_3_469_477_EN,2016-07-04,U. Subhadramma & Ors. v. State of A.P. Rep. by Pub. Prosecutor & Anr.,20628,,,
2016_3_492_499_EN,2016-05-12,Sujatha Ravi Kiran @ Sujatasahu v. State of Kerala & Ors.,17923,,,
2016_3_508_512_EN,2016-02-25,Anil@ Bawa v. State of Haryana,10791,,,
2016_3_513_515_EN,2016-06-03,Bijender @Papu and Anr. v. State of Haryana,6524,,,
2016_3_533_537_EN,2016-06-03,Bhagwan Sahai and Anr. v. State of Rajasthan,9744,,,
2016_3_561_567_EN,2016-09-16,Tattu Lodhi@ Pancham Lodhi v. State of Madhya Pradesh,17320,,,
2016_3_568_574_EN,2016-06-03,Indira Devi and Ors. v. State of Himachal Pradesh,16145,,,
2016_3_797_805_EN,2016-08-12,Kala @ Chandrakala v. State through Inspector of Police,19898,,,
2016_3_818_833_EN,2016-06-29,Raju Devade v. State of Maharashtra,36308,,,
2016_4_184_224_EN,2016-07-05,"Mahipal Singh Rana, Advocate v. State of Uttar Pradesh",92794,,,
2016_4_281_287_EN,2016-09-05,Prabhu Chawla v. State of Rajasthan & Anr.,14689,,,
2016_4_288_306_EN,2016-04-06,Standard Chartered Bank v. State of Maharashtra and Others etc.,41862,,,
2016_4_429_438_EN,2016-05-10,A. Slvaprakash v. State of Kerala,24025,,,
2016_4_451_472_EN,2016-06-29,State of Rajasthan v. Jag Raj Singh @ Hansa,50034,,,
2016_4_50_61_EN,2016-08-12,Anita Thakur & Ors. v. Govt. of J & K & Ors.,31104,,,
2016_4_513_526_EN,2016-08-31,Kadamanian @ Manikandan v. State Represented by Inspector of Police,34635,,,
2016_4_537_554_EN,2016-06-29,Punjab State Warehousing Corp. v. Bhushan Chander & Anr.,40380,,,
2016_4_627_634_EN,2016-01-19,Nankaunoo v. State of U.P.,17373,,,
2016_4_685_723_EN,2016-03-30,State of Punjab & Anr. v. Brijeshwar Singh Chahal & Anr.,90539,,,
2016_4_816_838_EN,2016-06-29,State of Gujarat & Anr. v. Lal Singh @ Manjit Singh & Ors.,52069,,,
2016_4_95_110_EN,2016-06-29,Praful Sudhakar Parab v. State of Maharashtra,38424,,,
2016_4_995_1009_EN,2016-07-05,Mukhtiar Singh v. State of Punjab,32872,,,
2016_5_172_203_EN,2016-08-24,State of Haryana v. Ram Mehar & Others etc. etc.,71878,,,
2016_5_204_211_EN,2016-09-07,Girish Raghunath Mehta v. Inspector of Customs and Another,17363,,,
2016_5_278_297_EN,2016-09-16,State Bank of India & Ors. v. Neelam Nag,44071,,,
2016_5_30_50_EN,2016-07-19,Muthuramalingam & Ors. v. State Rep. by Insp. of Police,47585,,,
2016_5_335_359_EN,2016-09-23,S.P.S. Rathore v. C.B.I. & Anr.,63335,,,
2016_5_360_373_EN,2016-09-26,Jagdish Narain Shukla v. State of U. P. and Others,30961,,,
2016_5_421_437_EN,2016-10-03,Saddik @ Lalo Gulam Hussein Shaikh & Ors. v. State of Gujarat,38087,,,
2016_5_452_472_EN,2016-10-04,Bhagwan Jagannath Markad & Ors. v. State of Maharashtra,48058,,,
2016_5_579_598_EN,2016-06-03,Dr. Rini Johar & Anr. v. State of M.P. & Ors.,44502,,,
2016_5_599_621_EN,2016-06-29,Jamnadas v. State of M.P.,44712,,,
2016_5_653_682_EN,2016-07-05,Surinderjit Singh Mand & Anr. v. State of Punjab & Anr.,66329,,,
2016_5_683_703_EN,2016-09-06,L. Narayana Swamy v. State of Karnataka & Ors.,46664,,,
2016_5_816_826_EN,2016-09-09,Pankaj v. State of Rajasthan,24565,,,
2016_5_827_834_EN,2016-10-06,Randhir @ Randhir Pal & Ors. v. State of Haryana,18728,,,
2016_6_295_332_EN,2016-04-25,Devinder Singh & Ors. v. State of Punjab through CBI,83235,,,
2016_7_154_175_EN,2016-08-23,Manoj Kumar Sharma & Ors. v. State of Chhattisgarh & Anr.,55562,,,
2016_7_176_200_EN,2016-08-17,Brij Lal v. State of Rajasthan,60389,,,
2016_7_263_349_EN,2016-09-28,Somasundaram @ Somu v. State Rep. by Dy. Comm. of Police,197089,,,
2016_7_781_789_EN,2016-11-28,Dilbagh Singh v. State of Punjab,20131,,,
2016_7_790_797_EN,2016-11-28,Ram Autar & Ors. v. State of U.P.,17736,,,
2016_7_822_898_EN,2016-05-12,Nidhi Kaim v. State of Madhya Pradesh & Others etc.,195481,,,
2016_7_927_933_EN,2016-07-29,Sudhir Chaudhary etc. etc. v. State (NCT of Delhi),16619,,,
2016_8_1015_1038_EN,2016-12-14,Sharat Babu Digumarti v. Govt. of NCT of Delhi,51578,,,
2016_8_115_138_EN,2016-10-03,"Jose @ Pappachan v. The Sub-Lnspector of Police, Koyilandy & Another",59544,,,
2016_8_139_144_EN,2016-12-02,Gurpal Singh v. State of Punjab,12364,,,
2016_8_166_176_EN,2016-10-03,Benson v. State of Kerala,16832,,,
2016_8_247_333_EN,2016-05-11,Mohd. Jalees Ansari and Others v. Central Bureau of Investigation,191183,,,
2016_8_334_362_EN,2016-11-21,Harpal Singh @ Chhota v. State of Punjab,70670,,,
2016_8_36_72_EN,2016-09-23,Dhal Singh Dewangan v. State of Chhattisgarh,82213,,,
2016_8_394_409_EN,2016-11-09,Mahavir Singh v. State of Madhya Pradesh,37079,,,
2016_8_557_576_EN,2016-11-30,Mukarrab etc. v. State of U.P.,45692,,,
2016_8_594_605_EN,2016-12-09,Muthuramalingam & Ors. v. State Represented by Inspector of Police,26779,,,
2016_8_741_754_EN,2016-12-02,Gurcharan Singh v. State of Punjab,33851,,,
2016_8_755_772_EN,2016-08-09,M/s. Hcl Lnfosystem Ltd. v. Central Bureau of Investigation,35200,,,
2016_8_835_847_EN,2016-11-08,"Nathiya v. State Rep. by Inspector of Police, Bagayam Police Station, Vellore",29390,,,
2016_8_872_935_EN,2016-10-03,Vikas Yadav v. State of U.P. and Ors. etc. etc.,138234,,,
2016_8_936_967_EN,2016-11-22,Ramesh and Others v. State of Haryana,72023,,,
2016_8_968_983_EN,2016-12-09,Hdfc Securities Ltd. & Ors. v. State of Maharashtra & Anr.,36611,,,
2016_9_205_219_EN,2016-12-15,H.D. Sikand (D) through LRs. v. Central Bureau of Investigation and Anr.,34809,,,
2016_9_237_256_EN,2016-12-15,State of Himachal Pradesh v. Sanjay Kumar @ Sunny,51420,,,
2016_9_342_352_EN,2016-09-15,Govindaswamy v. State of Kerala,25911,,,
2016_9_495_509_EN,2016-12-14,"Harsh Kumar Sharma, Ifs v. State of Punjab & Anr.",33887,,,
2016_9_615_632_EN,2016-10-04,Raja and Others v. State of Karnataka,42307,,,
2016_9_652_672_EN,2016-11-24,State of Bihar v. Rajballav Prasad@ Rajballav Pp. Yadav@ Rajballabh Yadav,47910,,,
2016_9_759_770_EN,2016-12-01,Khokan Giri @ Madhab v. State of West Bengal,24849,,,
2016_9_953_967_EN,2016-11-28,Mohd. Hashim v. State of UP & Ors.,32309,,,
2016_9_985_1034_EN,2016-12-16,State Bank of India v. Santosh Gupta and Anr. etc.,113868,,,
2017_10_129_132_EN,2017-10-10,Santosh S/O Dwarkadas Fafat v. The State of Maharashtra,7610,,,
2017_10_12_28_EN,2017-10-04,Parbatbhai Aahir @ Parbatbhai Bhimsinhbhai Karmur and Ors. v. State of Gujarat and Anr.,37428,,,
2017_10_221_228_EN,2017-10-25,Pooranlal & Anr. v. The State of Madhya Pradesh,16464,,,
2017_10_552_556_EN,2017-10-09,Rajesh Kumar C. K. Jain v. The State of Karnataka,10415,,,
2017_10_562_568_EN,2017-10-09,Manohar Lal Sharma v. Central Bureau of Investigation & Ors.,12905,,,
2017_10_569_999_EN,2017-08-24,"Justice K S Puttaswamy (Retd.), and Anr. v. Union of India and Ors.",1026057,K.S. Puttaswamy v. Union of India,privacy,overruling
2017_11_122_129_EN,2017-11-13,State of Uttarakhand v. Jairnail Singh,17958,,,
2017_11_145_153_EN,2017-11-28,Ishwar Pratap Singh & Ors. v. The State of Uttar Pradesh & Anr.,17597,,,
2017_11_179_194_EN,2017-11-17,Kuna@ Sanjaya Behera v. The State of Odisha,35608,,,
2017_11_195_213_EN,2017-11-14,Anil Kumar Yadav v. State (Nct) of Delhi & Anr.,42480,,,
2017_11_1_12_EN,2017-11-06,The State of Uttar Pradesh v. Tribhuwan & Ors.,21425,,,
2017_11_214_221_EN,2017-11-03,"Senior Manager (P&D), Riico Ltd. v. The State of Rajasthan & Anr.",18794,,,
2017_11_222_228_EN,2017-11-28,Doongar Singh & Ors. v. The State of Rajasthan,13744,,,
2017_11_899_922_EN,2017-10-09,State (NCT of Delhi) v. Brijesh Singh @ Arun Kumar and Anr.,57775,,,
2017_11_956_978_EN,2017-11-10,Khekh Ram v. State of H.P.,56374,,,
2017_11_979_1018_EN,2017-10-30,Dinubhai Boghabhai Solanki v. State of Gujarat & Ors.,93929,,,
2017_12_123_127_EN,2017-12-07,Prabhu Dutt Tiwari v. The State of Uttar Pradesh & Ors.,8331,,,
2017_12_128_133_EN,2017-12-08,Asharfi v. State of Uttar Pradesh,11959,,,
2017_12_142_152_EN,2017-12-11,Barun Chandra Thakur v. Central Bureau of Investigation and Others,25155,,,
2017_12_222_230_EN,2017-12-14,Madan Mohan v. State of Rajasthan & Ors.,18653,,,
2017_12_452_466_EN,2017-12-14,"Joseph v. State, Rep. by Inspector of Police .",33009,,,
2017_12_487_491_EN,2017-12-14,Prem Giri v. State of Rajasthan,8424,,,
2017_12_774_804_EN,2017-12-15,Teesta Atul Setalvad v. The State of Gujarat,70291,,,
2017_12_913_932_EN,2017-10-05,Ravi Sinha & Ors. v. The State of Jharkhand,47416,,,
2017_13_156_188_EN,2017-11-10,Rohit Tandon v. The Enforcement Directorate,72522,,,
2017_13_1_24_EN,2017-08-11,Suresh Chandra Jana v. The State of West Bengal & Ors.,57189,,,
2017_13_293_300_EN,2017-12-13,State of U.P. v. Raghuvir and Anr. etc. etc.,18036,,,
2017_13_330_360_EN,2017-08-03,Rustom Kerawalla Foundation v. State of Maharashtra and Ors.,68588,,,
2017_13_48_84_EN,2017-10-06,Birbal Choudhary@ Mukhiya Jee v. State of Bihar,87936,,,
2017_13_663_750_EN,2017-10-09,State of Kerala and Others v. Fr. William Fernandez etc. etc.,200877,,,
2017_14_163_201_EN,2017-08-18,State of Goa v. Jose Maria Albert Vales @ Robert Vales,97167,,,
2017_1_108_131_EN,2017-01-04,Vijendra Singh v. State of Uttar Pradesh,57736,,,
2017_1_10_24_EN,2017-01-02,Ram Chander & Ors. v. State of Haryana,34768,,,
2017_1_141_157_EN,2017-01-06,The State of Telangana v. Habib Abdullah Jeelani & Ors.,37998,,,
2017_1_265_277_EN,2017-01-06,Md. Sajjad @ Raju @ Salim v. State of West Bengal,29360,,,
2017_1_278_285_EN,2017-01-06,Sri Ganesh v. State of Tamil Nadu and Anr.,16874,,,
2017_1_286_304_EN,2017-01-06,Ajay Singh and Anr. and etc. v. State of Chhattisgarh and Anr.,37271,,,
2017_1_305_329_EN,2017-01-02,Imtiyaz Ahmad v. State of U.P. & Ors.,55037,,,
2017_1_330_365_EN,2017-01-03,Kishore Bhadke v. State of Maharashtra,86642,,,
2017_1_397_400_EN,2017-01-10,Saloni Arora v. State of NCT of Delhi,7123,,,
2017_1_418_421_EN,2017-01-17,Anil Kumar v. State of Punjab,10853,,,
2017_1_462_468_EN,2017-01-20,Raj Kumar@ Raju v. State (NCT of Delhi),15715,,,
2017_1_469_480_EN,2017-01-31,Ajay Kumar Ghoshal etc. v. State of Blhar & Anr.,26266,,,
2017_1_566_571_EN,2017-01-11,Debapriya Pal v. State of West Bengal,14308,,,
2017_1_670_679_EN,2017-02-08,Tarun Tyagi v. Central Bureau of Investigation,23822,,,
2017_1_757_766_EN,2017-02-07,Iqbal & Anr. v. State of U.P.,23515,,,
2017_1_779_788_EN,2017-02-23,Sheikh Juman & Anr. etc. v. State of Blhar,22146,,,
2017_1_907_914_EN,2017-02-23,Central Bureau of Investigation v. Sadhu Ram Singla & Ors.,16249,,,
2017_1_930_937_EN,2017-04-11,Roopendra Singh v. State of Tripura & Anr.,16779,,,
2017_1_945_1005_EN,2017-02-15,Asha Ranjan v. State of Bihar & Ors.,138333,,,
2017_1_95_107_EN,2017-01-04,M/s. Patel Brothers v. State of Assam and Ors.,32245,,,
2017_2_112_151_EN,2017-04-10,State of Himachal Pradesh v. Nirmala Devi,90211,,,
2017_2_27_32_EN,2017-02-28,Chhanga @ Manoj v. State of M. P.,11382,,,
2017_2_298_311_EN,2017-02-14,Arjun and Anr. etc. etc. v. State of Chhattisgarh,30302,,,
2017_2_379_393_EN,2017-02-27,Ravada Sasikala v. State of Andhra Pradesh & Anr.,32813,,,
2017_2_491_507_EN,2017-02-03,State of Rajasthan v. Fatehkaran Mehdu,36579,,,
2017_2_527_609_EN,2017-02-13,Nidhi Kaim and Another v. State of Madhya Pradesh and Others,205056,,,
2017_2_62_83_EN,2017-02-28,Gandi Doddabasappa @ Gandhi Basavaraj v. State of Karnataka,54065,,,
2017_2_645_661_EN,2017-02-02,Suresh Singhal v. State (Delhi Administration),38980,,,
2017_2_662_677_EN,2017-02-21,Transparency International India & Anr. v. State of Jammu & Kashmir,34376,,,
2017_2_678_690_EN,2017-03-07,Himanshu Mohan Raj v. State of U.P. and Anr.,28358,,,
2017_2_716_726_EN,2017-03-23,Soyebbhai Yusufbhai Bharania & Ors. v. State of Gujarat,24994,,,
2017_2_735_742_EN,2017-03-22,Hakeem Khan & Ors. v. State of M.P.,18508,,,
2017_2_824_839_EN,2017-04-10,Surain Singh v. The State of Punjab,36425,,,
2017_2_865_873_EN,2017-04-06,Dr. Sou Jayshree Ujwal Ingole v. State of Maharashtra & Anr.,18583,,,
2017_2_882_888_EN,2017-03-08,Pawan @ Rajinder Singh and Another v. State of Haryana,14880,,,
2017_3_1007_1012_EN,2017-04-13,Vaneet Mahajan v. State of Punjab & Ors.,12786,,,
2017_3_251_258_EN,2017-04-25,Baliraj Singh v. State of Madhya Pradesh,18672,,,
2017_3_259_264_EN,2017-04-24,Heera Lal and Anr. v. State of Rajasthan,12205,,,
2017_3_312_334_EN,2017-04-27,Seeni Nainar Mohammed v. State Rep. by Deputy Superintendent of Police,52158,,,
2017_3_339_344_EN,2017-04-05,Hari Shankar Shukla v. State of U.P.,13555,,,
2017_3_374_386_EN,2017-04-27,Brijendra Singh & Ors. v. State of Rajasthan,30980,,,
2017_3_401_416_EN,2017-04-28,Gohil Vishvaraj Hanubhai & Others v. State of Gujarat & Others,35973,,,
2017_3_417_457_EN,2017-04-28,Maharishi Markandeshwar Medical College and Hospital & Others v. State of Himachal Pradesh & Others,91840,,,
2017_3_458_486_EN,2017-04-28,Pawan Kumar v. State of H.P.,64200,,,
2017_3_574_586_EN,2017-03-02,M. G. Eshwarappa and Others v. State of Karnataka,30397,,,
2017_3_630_680_EN,2017-05-08,"State of Jharkhand through Sp, CBI v. Lalu Prasad @ Lalu Prasad Y Aday",123048,,,
2017_3_714_722_EN,2017-04-06,Devendra Nath Srivastava v. State of U.P.,20160,,,
2017_3_772_782_EN,2017-05-22,Chandrasekar and Another v. State,24142,,,
2017_3_808_814_EN,2017-05-01,Arun Kumar v. The State of Bihar & Ors.,14096,,,
2017_3_815_825_EN,2017-05-02,State of U.P. v. Sunil,22772,,,
2017_3_850_877_EN,2017-05-03,Vasanta Sampat Dupare v. State of Maharashtra,61231,,,
2017_3_909_920_EN,2017-04-07,State of Maharashtra v. Nisar Ramzan Sayyed,26040,,,
2017_3_927_932_EN,2017-05-04,Bibi Parwana Khatoon @ Parwana Khatoon and Another v. State of Bihar,11981,,,
2017_3_962_980_EN,2017-05-05,Kumaran v. State of Kerala & Anr.,41962,,,
2017_3_96_152_EN,2017-04-10,Charandas Swami v. State of Gujarat & Anr.,134665,,,
2017_3_981_990_EN,2017-04-11,State of Rajasthan v. Ramanand,22302,,,
2017_3_991_1006_EN,2017-05-23,Anjan Kumar Sarma & Ors. v. State of Assam,34915,,,
2017_4_218_250_EN,2017-05-08,The State of Madhya Pradesh & Ors. v. Smt. Kallo Bai,71970,,,
2017_4_298_323_EN,2017-06-09,Satish Nirankari v. State of Rajasthan,61443,,,
2017_4_34_42_EN,2017-05-09,"State Represented by the Prjncipal Secretary to Government, Home (Police Xix) Department and Others v. K. S. Palanichamy and Ors.",18954,,,
2017_4_358_364_EN,2017-05-24,V. Shantha v. State of Telangana and Ors.,13599,,,
2017_4_373_384_EN,2017-03-28,Virupakshappa Gouda and Another v. The State of Karnataka and Another,27684,,,
2017_4_454_476_EN,2017-04-13,Sudha Renukaiah & Ors. v. State of A. P.,51825,,,
2017_4_503_510_EN,2017-04-20,The State of Bihar & Anr. v. Amit Kumar @ Bachcha Ral,17969,,,
2017_4_52_68_EN,2017-05-03,Sama Aruna v. State of Telangana and Anr.,34945,,,
2017_4_553_590_EN,2017-03-21,Ram Kishan Fauji v. State of Haryana and Ors.,87077,,,
2017_4_625_657_EN,2017-05-05,Re: Exploitation of Children Ln Orphanages Ln the State of Tamil Nadu v. Union of Lndia & Ors.,75888,,,
2017_4_673_679_EN,2017-03-30,In Re: to Issue Certain Guidelines Regarding Inadequacies and Deficiencies in Criminal Trials v. .,12278,,,
2017_4_881_900_EN,2017-03-21,Neeraj Kumar Sainy and Ors. v. State of U.P. and Ors.,46191,,,
2017_4_934_951_EN,2017-03-28,Krishnegowda & Ors. v. State of Karnataka by Arkalgud Police,39730,,,
2017_4_952_965_EN,2017-04-18,Surajsinh Alias Sonu Surajsinh Collectorsinh Alias Sevaram Rajput v. State of Gujarat,30785,,,
2017_5_147_159_EN,2017-04-12,Anant Singh @ Anant Kumar Singh v. The State of Bihar and Ors.,30319,,,
2017_5_277_293_EN,2017-03-30,Ganesh Shamrao Andekar & Anr. v. State of Maharashtra,41002,,,
2017_5_367_378_EN,2017-04-19,Balakram v. State of Uttarakhand & Ors.,26336,,,
2017_5_525_900_EN,2017-02-14,State of Karnataka v. Selvi J. Jayalalitha & Ors.,827696,,,
2017_5_76_86_EN,2017-04-21,Kanakarajan @ Kanakan v. State of Kerala,25436,,,
2017_6_1_324_EN,2017-05-05,Mukesh & Anr. v. State for NCT of Delhi & Ors.,747983,,,
2017_6_325_330_EN,2017-07-03,Muttaicose @ Subramani v. State of Tamil Nadu Rep. by Inspector of Police,12954,,,
2017_6_424_429_EN,2017-07-27,Naresh Kumar Alias Nitu v. State of Hlmachal Pradesh,13456,,,
2017_6_472_478_EN,2017-07-21,State Represented by Deputy Superintendent of Police v. K. N. Nehru etc.,16038,,,
2017_6_646_656_EN,2017-04-21,Fazar Ali & Ors. v. State of Assam,23480,,,
2017_6_711_732_EN,2017-03-23,State of Bihar and Others etc. v. Anil Kumar and Others etc.,52107,,,
2017_6_733_763_EN,2017-04-17,Vipulbhai Mansingbhai Chaudhary v. State of Gujarat & Another,74204,,,
2017_6_813_880_EN,2017-04-03,Orissa Olympic Association Th. General Secretary v. State of Orissa & Anr.,144482,,,
2017_6_922_945_EN,2017-03-31,Vineet Kumar & Ors. v. State of U.P. & Anr.,54121,,,
2017_6_946_973_EN,2017-04-19,State (Through) Central Bureau of Investigation v. Shri Kalyan Singh (Former Cm of Up) & Ors.,67710,,,
2017_7_140_156_EN,2017-07-03,Indofil Industries Ltd. and Ors. v. State of Punjab,42408,,,
2017_7_251_270_EN,2017-07-09,State of Haryana v. Krlshan & Anr.,48258,,,
2017_7_501_508_EN,2017-08-01,Rajkishore Purohit v. State of Madhya Pradesh and Others,15948,,,
2017_7_509_517_EN,2017-08-01,Central Bureau of Investigation v. M. Sivamani,17828,,,
2017_7_582_586_EN,2017-08-23,Girish Sharma & Ors. v. The State of Chhattisgarh & Ors.,10778,,,
2017_7_658_665_EN,2017-08-29,Ahsan v. State of U.P.,16461,,,
2017_7_672_675_EN,2017-08-08,Mahendra Subhashbhai Vankhede v. The State of Gujarat etc.,8350,,,
2017_7_825_849_EN,2017-07-17,Padmini Mahendrabhai Gadda v. State of Gujarat,60153,,,
2017_7_850_871_EN,2017-07-20,State of U.P. v. Ram Kumar & Ors.,49243,,,
2017_7_924_1024_EN,2017-07-21,Ms. Eera through Dr. Manjula Krippendorf v. State (Govt. of NCT of Delhi) & Anr.,237181,,,
2017_8_109_120_EN,2017-07-14,Mukhtiar Singh (Since Deceased) through His L.R. v. State of Punjab,29651,,,
2017_8_151_176_EN,2017-07-18,Sonu@Amar v. State of Haryana,60769,,,
2017_8_177_197_EN,2017-07-07,Vikram Singh @ Vicky Walia and Anr. v. State of Punjab and Anr.,47453,,,
2017_8_212_252_EN,2017-08-17,Ms. Z v. The State of Bihar and Others,96609,,,
2017_8_253_268_EN,2017-08-21,Lt. Col. Prasad Shrikant Purohit v. State of Maharashtra,36302,,,
2017_8_498_536_EN,2017-08-02,Neera Yadav v. Central Bureau of Investigaton,93377,,,
2017_8_537_549_EN,2017-08-03,Sanjay Khanderao Wadane v. State of Maharashtra,28369,,,
2017_8_550_569_EN,2017-08-08,Monica Kumar & Anr. v. State of U.P. & Ors.,45556,,,
2017_8_570_581_EN,2017-08-09,Vasant Rao Guhe v. State of Madhya Pradesh,27872,,,
2017_8_649_652_EN,2017-09-07,State of U P Thr. Its Secretary & Ors. v. Meraj Ahmad,7748,,,
2017_8_785_851_EN,2017-08-16,Rakesh Kumar Paul v. State of Assam,156388,,,
2017_8_896_903_EN,2017-09-07,State of Maharashtra v. Avinash,15784,,,
2017_8_913_924_EN,2017-09-07,"State through Central Bureau of Investigation, Special Crime Branch, Mumbai, Maharashtra v. Sanvlo Naik & Anr.",26449,,,
2017_8_944_950_EN,2017-09-22,Shantanu Sitaram @ Anil Divekar v. The State of Maharashtra,15024,,,
2017_9_529_543_EN,2017-07-27,Rajesh Sharma & Ors. v. State of U.P. & Anr.,30840,Rajesh Sharma v. State of U.P.,section 498A,overruled
2017_9_594_624_EN,2017-08-02,Rajiv Kumar v. State of U.P. and Anr.,72938,,,
2017_9_706_714_EN,2017-09-19,Ganpat Singh v. The State of Madhya Pradesh,19835,,,
2017_9_731_742_EN,2017-08-25,Samir Sa.Hay @ Sameer Sahay v. State of U.P. and Another,26017,,,
2018_10_615_621_EN,2018-08-31,Priya Prakash Varrier and Others v. State of Telangana and Another,14248,,,
2018_10_622_626_EN,2018-09-04,Haribhau v. The State of Maharashtra,8787,,,
2018_10_627_633_EN,2018-08-29,State of Madhya Pradesh v. Preetam,14087,,,
2018_10_707_725_EN,2018-08-28,Menoka Malik and Others v. The State of West Bengal and Others,44859,,,
2018_10_726_730_EN,2018-08-29,State of Uttar Pradesh v. Anil Kumar @ Badka & Ors.,10107,,,
2018_10_731_748_EN,2018-09-05,S. K. Raju @ Abdul Haque @ Jagga v. State of West Bengal,41053,,,
2018_10_771_772_EN,2018-07-05,Lalit Yadav v. The State of Chhattisgarh,2808,,,
2018_10_844_847_EN,2018-08-16,State of Karnataka v. P. Ravikumar @ Ravi etc.,7526,,,
2018_10_906_909_EN,2018-08-09,"Siddaling v. The State, through Kalagi Police Station",7462,,,
2018_10_910_918_EN,2018-08-14,Mohinder Singh v. The State of Punjab,19580,,,
2018_10_919_921_EN,2018-08-14,State of Karnataka v. Srinivasa,5451,,,
2018_10_922_924_EN,2018-08-14,State of Karnataka v. A. B. Mahesha etc.,5484,,,
2018_10_925_928_EN,2018-08-20,State of Haryana v. Rajesh Aggarwal & Anr.,7271,,,
2018_10_953_955_EN,2018-08-14,Imtiyaz Ramzan Khan v. State of Maharashtra,5094,,,
2018_11_150_154_EN,2018-09-05,C. R. Kariyappa v. State of Karnataka,10044,,,
2018_11_154_165_EN,2018-09-13,Abdul Wahab K. v. State of Kerala and Others,23963,,,
2018_11_155_165_EN,2018-09-13,Abdul Wahab K. v. State of Kerala and Others,23963,,,
2018_11_166_174_EN,2018-09-13,Mohmed Rafiq Abdul Rahim Shaikh v. The State of Gujarat,18728,,,
2018_11_23_27_EN,2018-08-30,The State of Uttar Pradesh v. Raja etc.,10256,,,
2018_11_374_383_EN,2018-09-05,The State of Maharashtra & Ors. v. Tasneem Rizwan Siddiquee,22737,,,
2018_11_650_653_EN,2018-09-12,Kannan v. State Rep. by Inspector of Police,7724,,,
2018_11_677_686_EN,2018-09-19,Smt. Shamim v. State (Gnct of Delhi),21636,,,
2018_11_720_737_EN,2018-09-20,Sharad Hiru Kolambe v. State of Maharashtra and Others,40275,,,
2018_11_765_950_EN,2018-09-27,Joseph Shine v. Union of India,431345,Joseph Shine v. Union of India,adultery,overruling
2018_12_184_203_EN,2018-09-26,State of Madhya Pradesh v. Chhaakki Lal and Another,45449,,,
2018_12_19_50_EN,2018-09-14,Social Action Forum for Manav Adhikar and Another v. Union of India Ministry of Law and Justice and Others,70249,Social Action Forum for Manav Adhikar v. Union of India,section 498A,overruling
2018_12_204_207_EN,2018-09-26,Tehseen Poonawalla v. Union of India & Anr.,8163,Tehseen S. Poonawalla v. Union of India,mob lynching,related
2018_12_327_342_EN,2018-09-24,Achpal @ Ramswaroop & Another v. State of Rajasthan,35280,,,
2018_12_600_603_EN,2018-10-11,Uppala Bixam @ Bixmaiah v. The State of Andhra Pradesh,9349,,,
2018_12_604_607_EN,2018-10-23,Bhagirath v. The State of Madhya Pradesh,8615,,,
2018_12_622_641_EN,2018-10-25,Jitendra @ Kalla v. State of Govt. of NCT of Delhi,47385,,,
2018_12_654_671_EN,2018-09-04,Yashwant etc. v. The State of Maharashtra,40959,,,
2018_12_672_681_EN,2018-09-28,Hemudan Nanbha Gadhvi v. State of Gujarat,21329,,,
2018_12_781_793_EN,2018-10-10,Bilal Hajar @ Abdul Hameed v. State Rep. by the Inspector of Police,30689,,,
2018_12_857_867_EN,2018-10-03,Ram Lal v. State of Himachal Pradesh,23876,,,
2018_12_885_894_EN,2018-09-07,Maqbool v. The State of Uttar Pradesh and Another,20662,,,
2018_12_914_922_EN,2018-10-09,Dashrath Singh Chauhan v. Central Bureau of Investigation,19751,,,
2018_12_947_962_EN,2018-10-10,Pradeep Bisoi @ Ranjit Bisoi v. The State of Odisha,35318,,,
2018_13_1028_1042_EN,2018-11-15,Anand Kumar Mohatta and Anr. v. State (Govt. of NCT of Delhi) Department of Home and Anr.,32489,,,
2018_13_1093_1107_EN,2018-10-31,Kamil v. State of Uttar Pradesh,33149,,,
2018_13_1108_1119_EN,2018-10-31,Reena Hazarika v. State of Assam,27825,,,
2018_13_1133_1146_EN,2018-11-26,State of Madhya Pradesh and Others v. Abhijit Singh Pawar,29520,,,
2018_13_1154_1165_EN,2018-11-01,Babasaheb Maruti Kamble v. State of Maharashtra,25998,,,
2018_13_1188_1192_EN,2018-10-31,Ambadas Laxman Shinde and Ors. v. The State of Maharashtra,9992,,,
2018_13_1_46_EN,2018-10-12,Mallikarjun Kodagali (Dead) Represented through Legal Representatives v. The State of Karnataka & Ors.,107265,,,
2018_13_248_274_EN,2018-10-24,Asar Mohammad and Ors. v. The State of U.P.,59987,,,
2018_13_296_312_EN,2018-12-12,M. A. Antony @ Antappan v. State of Kerala,39165,,,
2018_13_405_427_EN,2018-09-26,Jagjit Singh v. State of Punjab,50962,,,
2018_13_547_553_EN,2018-10-26,Ramvir v. State of Uttar Pradesh,14142,,,
2018_13_587_602_EN,2018-10-30,State of Kerala v. Rasheed,32637,,,
2018_13_621_634_EN,2018-12-13,State of Rajasthan v. Leela Ram @ Leela Dhar,32470,,,
2018_13_658_669_EN,2018-11-27,Palani v. State of Tamil Nadu,27762,,,
2018_13_731_739_EN,2018-10-31,Jangir Singh v. The State of Punjab,18935,,,
2018_13_822_829_EN,2018-11-13,Labhuji Amratji Thakor & Ors. v. The State of Gujarat & Anr.,18666,,,
2018_13_868_908_EN,2018-11-02,Himachal Pradesh Cricket Association & Anr. v. State of Himachal Pradesh & Ors.,85211,,,
2018_13_920_935_EN,2018-11-22,Dr. Dhruvaram Murlidhar Sonar v. The State of Maharashtra & Ors.,37612,,,
2018_14_1056_1067_EN,2018-12-04,Surendra Singh & Anr. v. State of Uttarakhand,26883,,,
2018_14_1107_1110_EN,2018-12-06,Lajpat & Ors. v. State of Uttar Pradesh & Anr.,7553,,,
2018_14_1138_1140_EN,2018-12-03,Dilbag Rai v. The State of Haryana & Ors.,6561,,,
2018_14_1141_1142_EN,2018-12-07,State of Gujarat v. Navinbhai Chandrakant Joshi (Miscellaneous Application No. 2597 of 2018),2648,,,
2018_14_1152_1160_EN,2018-12-10,Shanthamalleshappa v. State of Karnataka,20941,,,
2018_14_1161_1171_EN,2018-12-10,State of Uttar Pradesh v. Wasif Haider etc.,25259,,,
2018_14_1209_1213_EN,2018-12-14,Gupteswar Behera v. State of Odisha and Another,10369,,,
2018_14_294_298_EN,2018-10-24,The State of Madhya Pradesh v. Rajaram @ Raja,10635,,,
2018_14_355_379_EN,2018-11-28,Chhannu Lal Verma v. The State of Chhattisgarh,55564,,,
2018_14_415_426_EN,2018-12-03,State of Punjab v. Rakesh Kumar,19526,,,
2018_14_452_455_EN,2018-12-03,Kanubhai Bhagvanbhai Nayak v. State of Gujarat,8414,,,
2018_14_456_458_EN,2018-12-03,Omveer Singh v. State of Uttar Pradesh & Anr.,5475,,,
2018_14_459_461_EN,2018-12-03,Dr. Jagdish Prasad & Ors. v. State of Uttar Pradesh & Anr.,5442,,,
2018_14_462_465_EN,2018-12-03,Sangeeta Agrawal & Ors. v. State of Uttar Pradesh & Anr.,6612,,,
2018_14_466_469_EN,2018-12-03,Geeta & Ors. v. State of Uttar Pradesh & Anr.,7685,,,
2018_14_585_626_EN,2018-12-12,Rajendra Pralhadrao Wasnik v. State of Maharashtra,94486,,,
2018_14_68_77_EN,2018-10-30,State of Mizoram v. Dr. C. Sangnghina,23548,,,
2018_14_78_102_EN,2018-10-30,State (Govt. of NCT of Delhi) v. Pankaj Chaudhary and Ors.,58759,,,
2018_14_828_839_EN,2018-12-14,"V. Ravi Kumar v. State, Rep. by Inspector of Police, District Crime Branch, Salem, Tamil Nadu & Ors.",25859,,,
2018_14_904_913_EN,2018-11-28,The State of Himachal Pradesh v. Manga Singh,23489,,,
2018_14_924_925_EN,2018-12-11,C.B.I. v. Pratap Chandra Reddy,4031,,,
2018_1_102_111_EN,2018-01-08,State of Himachal Pradesh v. Raj Kumar,23170,,,
2018_1_112_125_EN,2018-01-08,"Union Territory, Chandigarh Administration and Ors. v. Pradeep Kumar and Another",27444,,,
2018_1_245_254_EN,2018-01-19,Atul Thakur v. State of Himachal Pradesh etc. etc.,25393,,,
2018_1_255_261_EN,2018-01-17,State of Himachal Pradesh v. Trilok Chand & Anr.,14626,,,
2018_1_368_372_EN,2018-01-23,Dashrath @ Jolo & Anr. etc. v. State of Chhattisgarh,9620,,,
2018_1_373_402_EN,2018-01-31,Rambeer Shokeen v. State of NCT of Delhi,66290,,,
2018_1_497_501_EN,2018-01-23,The State of Madhya Pradesh v. Nande @ Nandkishore Singh,11015,,,
2018_1_62_73_EN,2018-01-05,Dineshbhai Chandubhai Patel v. State of Gujarat & Ors.,25241,,,
2018_1_641_652_EN,2018-02-12,Dinesh Kumar Kalidas Patel v. The State of Gujarat,24957,,,
2018_1_674_678_EN,2018-01-10,Lavghanbhai Devjibhai Vasava v. The State of Gujarat,11407,,,
2018_1_709_732_EN,2018-01-30,Latesh @ Dadu Baburao Karlekar v. The State of Maharashtra,54011,,,
2018_1_790_796_EN,2018-01-30,Shafhi Mohammad v. The State of Himachal Pradesh,15104,Shafhi Mohammad v. State of Himachal Pradesh,electronic evidence,overruled
2018_1_821_827_EN,2018-01-17,Mauvin Godinho v. State of Goa,16630,,,
2018_1_882_889_EN,2018-02-06,Dataram Singh v. State of Uttar Pradesh & Anr.,18068,,,
2018_2_1045_1098_EN,2018-03-28,Asian Resurfacing of Road Agency Pvt. Ltd. & Anr.V. Central Bureau of Investigation v. Central Bureau of Investigation,120321,Asian Resurfacing of Road Agency v. CBI,stay after six months,overruled
2018_2_1106_1107_EN,2018-04-25,Asian Resurfacing of Road Agency P. Ltd. and Anr. v. Central Bureau of Investigation,3548,Asian Resurfacing of Road Agency v. CBI,stay after six months,overruled
2018_2_1108_1110_EN,2018-04-26,Naveen Kaushik v. Central Bureau of Investigation,6170,,,
2018_2_515_520_EN,2018-02-07,State of Maharashtra v. Dinesh,14159,,,
2018_2_656_660_EN,2018-02-16,The State of Himachal Pradesh v. Pardeep Kumar etc.,10893,,,
2018_2_661_666_EN,2018-02-16,Shajahan v. State Rep. by Inspector of Police,13292,,,
2018_3_1033_1051_EN,2018-04-18,Sisters of ST. Joseph of Cluny v. The State of West Bengal & Ors.,40969,,,
2018_3_1096_1108_EN,2018-04-03,Shafhi Mohammad v. The State of Himachal Pradesh,26878,Shafhi Mohammad v. State of Himachal Pradesh,electronic evidence,overruled
2018_3_1_11_EN,2018-03-06,The State of Karnataka & Ors. v. M/s. Vedanta Limited (Formerly Known As Sesa Sterlite Limited) & Ors.,22881,,,
2018_3_355_373_EN,2018-04-18,Seema Singh v. Central Bureau of Investigation & Anr.,41461,,,
2018_3_51_59_EN,2018-03-27,Ganapathi & Anr. v. The State of Tamil Nadu,21031,,,
2018_3_60_64_EN,2018-03-23,Gorusu Nagaraju S/O Apparao v. State of Andhra Pradesh,10807,,,
2018_3_665_674_EN,2018-03-19,P. Sreekumar v. State of Kerala & Ors.,19907,,,
2018_3_689_695_EN,2018-03-26,Bharatkumar Rameshchandra Barot v. State of Gujarat,14613,,,
2018_3_732_738_EN,2018-03-28,Harita Sunil Parab v. State of NCT of Delhi and Others,14528,,,
2018_3_739_749_EN,2018-03-27,Satpal Singh v. The State of Punjab,23435,,,
2018_3_847_853_EN,2018-04-09,Munshiram v. State of Rajasthan and Anr. etc.,14391,,,
2018_3_940_946_EN,2018-04-25,Naresh & Ors. v. The State of Uttarakhand & Ors.,13194,,,
2018_3_96_102_EN,2018-03-21,State of Uttar Pradesh v. Om Pal & Ors.,14550,,,
2018_3_994_1003_EN,2018-04-24,Kavita Chandrakant Lakhani v. State of Maharashtra & Anr.,21753,,,
2018_4_1003_1011_EN,2018-02-06,Madan @ Madhu Patekar v. The State of Maharashtra,19727,,,
2018_4_1033_1054_EN,2018-03-23,Satyendra Kumar Mehra @ Satendera Kumar Mehra v. The State of Jharkhand,48923,,,
2018_4_1055_1062_EN,2018-03-16,Sri Rameshwar Yadav & Ors. v. The State of Bihar & Anr.,18846,,,
2018_4_1098_1130_EN,2018-03-28,Krishanakant Tamrakar v. The State of Madhya Pradesh,79166,,,
2018_4_281_290_EN,2018-03-12,Dev Kanya Tiwari v. The State of U.P.,23837,,,
2018_4_362_372_EN,2018-05-08,Gurwinder Singh @ Sonu etc. v. State of Punjab and Anr.,25642,,,
2018_4_466_476_EN,2018-05-17,Ms. X v. The State of Telangana and Anr.,24602,,,
2018_4_503_520_EN,2018-05-18,State of Uttar Pradesh through Prinicipal Secretary & Ors. v. All U.P. Consumer Protection Bar Association,41500,,,
2018_4_547_559_EN,2018-05-18,State by Lokayuktha Police v. H. Srinivas,25700,,,
2018_4_612_622_EN,2018-03-12,"Sudhakar @ Sudharasan v. State Rep. by the Inspector of Police, Srirangam Police Station, Trichy, Tamil Nadu",25892,,,
2018_4_623_633_EN,2018-03-12,Bannareddy & Ors. v. State of Karnataka & Ors.,25637,,,
2018_4_751_778_EN,2018-04-26,Bhaskarrao & Ors. v. State of Maharashtra,65258,,,
2018_4_877_954_EN,2018-03-20,Dr. Subhash Kashinath Mahajan v. The State of Maharashtra and Anr.,173703,,,
2018_5_112_137_EN,2018-07-03,"State Election Commissioner, Bihar Patna & Others v. Janakdhari Prasad and Others",59491,,,
2018_5_315_325_EN,2018-04-13,K. K. Mishra v. The State of Madhya Pradesh & Anr.,24549,,,
2018_5_343_360_EN,2018-05-11,Kumar v. State Represented by Inspector of Police,41258,,,
2018_5_361_376_EN,2018-05-15,Manoj Kumar V. State of Himachal Pradesh v. State of Himachal Pradesh,34345,,,
2018_5_646_654_EN,2018-05-01,Chandra Bhawan Singh v. The State of Uttar Pradesh,19516,,,
2018_5_655_661_EN,2018-05-01,Dilawar v. The State of Haryana & Anr.,13537,,,
2018_5_671_676_EN,2018-05-02,Tularam v. The State of Madhya Pradesh,13250,,,
2018_5_677_685_EN,2018-05-02,Murugan v. State of Tamil Nadu,20159,,,
2018_6_1121_1138_EN,2018-05-15,Khurshid Ahmed v. State of Jammu and Kashmir,42574,,,
2018_6_1139_1146_EN,2018-05-17,The Kerala Assistant Public Prosecutors Association v. The State of Kerala and Ors.,18802,,,
2018_6_479_509_EN,2018-05-15,Rupinder Singh Sandhu v. State of Punjab & Others,72550,,,
2018_6_597_606_EN,2018-07-20,Hetchin Haokip v. State of Manipur and Ors.,21181,,,
2018_6_749_762_EN,2018-04-16,Navaneethakrishnan v. The State by Inspector of Police,32160,,,
2018_6_787_794_EN,2018-04-27,Arif Khan @ Agha Khan v. State of Uttarakhand,15690,,,
2018_6_814_824_EN,2018-04-18,Shanker v. State of Madhya Pradesh,26029,,,
2018_6_825_852_EN,2018-05-15,Sushila Aggarwal & Ors. v. State (NCT of Delhi) & Anr.,61164,Sushila Aggarwal v. State (NCT of Delhi),anticipatory bail,overruling
2018_7_1147_1168_EN,2018-07-30,The State of Bihar & Ors. v. Bihar Rajya Bhumi Vikas Bank Samiti,50198,,,
2018_7_1_378_EN,2018-07-04,Government of NCT of Delhi v. Union of India & Another,883816,,,
2018_7_379_746_EN,2018-09-06,Navtej Singh Johar & Ors. v. Union of India Thr. Secretary Ministry of Law and Justice,861841,Navtej Singh Johar v. Union of India,section 377,overruling
2018_7_767_780_EN,2018-07-02,Devidas Loka Rathod v. State of Maharashtra,32247,,,
2018_7_830_865_EN,2018-07-02,Sonvir @ Somvir v. The State of NCT of Delhi,79567,,,
2018_7_898_918_EN,2018-07-09,Mukesh v. State of NCT of Delhi,46394,,,
2018_7_919_938_EN,2018-07-09,Vinay Sharma & Anr. v. State of NCT of Delhi,46486,,,
2018_9_1006_1023_EN,2018-08-16,Mohanlal v. The State of Punjab,40959,,,
2018_9_1060_1063_EN,2018-08-09,Babji v. State of Andhra Pradesh,6911,,,
2018_9_106_163_EN,2018-04-12,State of Gujarat & Ors. v. Utility Users’ Welfare Association & Ors.,133702,,,
2018_9_1_105_EN,2018-04-19,Tehseen Poonawalla v. Union of India and Anr.,237579,Tehseen S. Poonawalla v. Union of India,mob lynching,related
2018_9_267_280_EN,2018-07-10,Motiram Padu Joshi and Others v. The State of Maharashtra,33025,,,
2018_9_291_328_EN,2018-07-17,Tehseen S. Poonawalla v. Union of India and Others,88421,Tehseen S. Poonawalla v. Union of India,mob lynching,related
2018_9_329_337_EN,2018-07-17,The State of Gujarat v. Navinbhai Chandrakant Joshi etc.,19046,,,
2018_9_338_348_EN,2018-07-31,Surinder Kumar Khanna v. Intelligence Officer Directorate of Revenue Intelligence,23244,,,
2018_9_349_354_EN,2018-07-27,State of Madhya Pradesh v. Gangabishan @ Vishnu & Ors.,13367,,,
2018_9_479_485_EN,2018-08-01,Dr. Sr. Tessy Jose and Others v. State of Kerala,14978,,,
2018_9_959_985_EN,2018-08-21,Suresh and Anr. v. State of Haryana,59646,,,
2019_10_1006_1022_EN,2019-08-02,Ritesh Sinha v. State of Uttar Pradesh & Anr.,37297,,,
2019_10_1041_1045_EN,2019-06-13,State of Haryana v. Angoori Devi & Anr.,9473,,,
2019_10_1046_1050_EN,2019-08-05,Kathi David Raju v. The State of Andhra Pradesh & Anr.,9668,,,
2019_10_1111_1120_EN,2019-08-01,Baiju Kumar Soni & Anr. v. State of Jharkhand,19557,,,
2019_10_143_174_EN,2019-08-09,State of Andhra Pradesh & Ors. v. B. Ranga Reddy (D) by LRs. & Ors.,71329,,,
2019_10_1_23_EN,2019-08-09,R. Jayapal v. State of Tamil Nadu & Anr.,51992,,,
2019_10_321_326_EN,2019-07-29,Mauji Ram v. State of Uttar Pradesh & Anr.,10983,,,
2019_10_541_550_EN,2019-07-23,Shiv Prakash Mishra v. State of Uttar Pradesh and Another,22773,,,
2019_10_570_580_EN,2019-07-30,Suryakant Baburao @ Ramrao Phad v. State of Maharashtra and Others,24144,,,
2019_10_669_674_EN,2019-08-19,Saleem Ahmed v. State & Anr.,12148,,,
2019_10_675_695_EN,2019-08-19,Tarun Jit Tejpal v. The State of Goa & Anr.,46551,,,
2019_10_746_753_EN,2019-08-20,Guruviah v. The State Represented by the Inspector of Police,17939,,,
2019_10_754_773_EN,2019-08-20,Mustafa v. State of Uttar Pradesh & Ors.,44845,,,
2019_10_774_778_EN,2019-07-30,Vijay Pandey v. State of Uttar Pradesh,10360,,,
2019_10_779_789_EN,2019-07-30,Sunita v. State of Haryana,24815,,,
2019_10_801_810_EN,2019-07-31,Chilakamarthi Venkateswarlu & Anr.V. State of Andhra Pradesh & Anr. v. State of Andhra Pradesh & Anr.,21166,,,
2019_10_875_893_EN,2019-07-09,P Ramesh v. State Rep by Inspector of Police,40480,,,
2019_10_949_954_EN,2019-07-30,Bharatbhai Bhimabhai Bharwad v. State of Gujarat and Others,13013,,,
2019_11_1137_1179_EN,2019-09-04,Jagbir Singh v. State,100526,,,
2019_11_1180_1204_EN,2019-09-04,The State of Uttar Pradesh v. Aman Mittal & Anr.,56349,,,
2019_11_135_156_EN,2019-08-07,"Bhagwan v. State of Maharasahtra through Secretary Home, Mumbai, Maharashtra",49717,,,
2019_11_1_13_EN,2019-08-06,Balwan Singh v. The State of Chhattisgarh and Anr.,30999,,,
2019_11_210_228_EN,2019-08-23,G H Shiv Kumar Jatia v. State of NCT of Delhi,44450,,,
2019_11_229_242_EN,2019-08-26,Samsul Haque v. The State of Assam,32228,,,
2019_11_22_29_EN,2019-08-06,Jagdish and Another v. The State of Haryana,16976,,,
2019_11_270_277_EN,2019-08-27,Khuman Singh v. State of Madhya Pradesh,18451,,,
2019_11_295_340_EN,2019-02-21,Dattatraya @ Datta Ambo Rokade v. The State of Maharashtra,106256,,,
2019_11_363_369_EN,2019-08-16,Rameshwar and Another v. State of Madhya Pradesh,16291,,,
2019_11_385_404_EN,2019-08-21,West Bengal State Electricity Distribution Company Ltd. & Ors. v. M/s. Orion Metal Pvt. Ltd. & Anr.,44598,,,
2019_11_40_56_EN,2019-08-06,Dev Karan @ Lambu v. State of Haryana,39398,,,
2019_11_423_443_EN,2019-08-21,Pramod Suryabhan Pawar v. The State of Maharashtra & Anr.,43905,,,
2019_11_508_553_EN,2019-08-20,M/s Natesan Agencies (Plantations) v. State Rep. by the Secretary to Government Environment and Forests Department,111712,,,
2019_11_554_586_EN,2019-09-03,G H Manjit Singh v. The State of Punjab,73256,,,
2019_11_587_596_EN,2019-08-07,Mahesh Kumar v. State of Haryana,21967,,,
2019_11_597_608_EN,2019-08-07,Amir Hamza Shaikh & Ors. v. State of Maharashtra & Anr.,24407,,,
2019_11_609_626_EN,2019-08-08,Mallikarjun and Others v. State of Karnataka,42459,,,
2019_12_1005_1010_EN,2019-08-20,CBI Gujarat v. Dilip Mulani & Anr.,13213,,,
2019_12_1064_1070_EN,2019-09-27,Guru @ Gurubaran & Ors. v. State Rep. by Insp. of Police,15888,,,
2019_12_1125_1178_EN,2019-10-01,Union of India v. State of Maharashtra and Ors.,123523,,,
2019_12_172_219_EN,2019-09-05,P. Chidambaram v. Directorate of Enforcement,115087,,,
2019_12_229_254_EN,2019-09-18,M/s Tecnimont Pvt. Ltd. v. State of Punjab & Others,58816,,,
2019_12_465_471_EN,2019-09-04,Mohammed Fasrin v. State Rep. by the Intelligence Officer,14890,,,
2019_12_669_677_EN,2019-09-25,Andhra Kesari College of Education & Anr. v. State of Andhra Pradesh & Ors.,17541,,,
2019_12_861_872_EN,2019-09-26,Krishna Prasad Verma (D) Thr. LRs. v. State of Bihar & Ors.,25965,,,
2019_12_924_945_EN,2019-08-22,State of Maharashtra and Others v. Maharashtra Hybrid Seeds Co. Pvt. Ltd.,52778,,,
2019_12_946_956_EN,2019-08-22,Smt. Chintambaramma & Anr. v. State of Karnataka,23858,,,
2019_13_1098_1105_EN,2019-10-25,Miss Xyz v. State of Gujarat & Anr.,19059,,,
2019_13_1_48_EN,2019-09-19,Smt. Gargi v. State of Haryana,112234,,,
2019_13_406_424_EN,2019-10-17,Hooghly Mills Company Ltd. v. The State of West Bengal and Anr.,42113,,,
2019_13_470_479_EN,2019-10-17,Central Bureau of Investigation v. Arvind Khanna,23136,,,
2019_13_480_488_EN,2019-10-17,Dr. Lakshman v. The State of Karnataka & Ors.,20716,,,
2019_13_489_496_EN,2019-10-18,State of West Bengal v. Indrajit Kundu & Ors.,18228,,,
2019_13_520_533_EN,2019-10-15,G H State of Punjab v. Baljinder Singh & Anr.,29363,,,
2019_13_570_576_EN,2019-11-04,State of Madhya Pradesh v. Man Singh,14891,,,
2019_13_741_753_EN,2019-10-16,Ebha Arjun Jadeja & Ors. v. The State of Gujarat,27439,,,
2019_13_770_796_EN,2019-10-16,John D’ Souza v. Karnataka State Road Transport Corporation,62579,,,
2019_13_819_828_EN,2019-10-17,Mani Pushpak Joshi v. State of Uttarakhand & Anr.,22696,,,
2019_13_893_911_EN,2019-10-03,Ishwari Lal Yadav v. State of Chhattisgarh,46432,,,
2019_13_912_923_EN,2019-10-03,Ishwari Lal Yadav & Anr. v. State of Chhattisgarh,27493,,,
2019_13_924_937_EN,2019-10-04,Fainul Khan v. State of Jharkhand and Another,30212,,,
2019_13_949_960_EN,2019-10-04,Raj Kumar v. The State of Uttar Pradesh,25178,,,
2019_13_961_975_EN,2019-10-21,M. Srikanth v. State of Telangana and Anr.,33520,,,
2019_13_976_984_EN,2019-10-22,State of Madhya Pradesh v. Udham and Others,20852,,,
2019_13_985_1005_EN,2019-10-22,Shri P. Chidambaram v. Central Bureau of Investigation,50523,,,
2019_14_1047_1055_EN,2019-10-24,Imrat Singh & Ors. v. State of Madhya Pradesh,21092,,,
2019_14_1056_1071_EN,2019-11-28,Jai Prakash v. State of Uttar Pradesh and Others,37036,,,
2019_14_106_119_EN,2019-11-20,Rekha Murarka v. The State of West Bengal and Anr.,31248,,,
2019_14_1081_1096_EN,2019-11-29,M/s Alkem Laboratories Ltd. v. State of Madhya Pradesh and Anr.,37437,,,
2019_14_1117_1130_EN,2019-09-27,State of Rajasthan v. Sahi Ram,28557,,,
2019_14_232_252_EN,2019-11-26,Gurjit Singh v. State of Punjab,47342,,,
2019_14_253_269_EN,2019-12-11,Ramji Singh & Ors. v. The State of Uttar Pradesh,39568,,,
2019_14_270_284_EN,2019-12-13,Shailendra Rajdev Pasvan and Others v. State of Gujarat etc.,31990,,,
2019_14_285_311_EN,2019-10-03,Ravishankar @ Baba Vishwakarma v. The State of Madhya Pradesh,62623,,,
2019_14_30_57_EN,2019-11-06,Javed Abdul Rajjaq Shaikh v. State of Maharashtra,64598,,,
2019_14_327_337_EN,2019-11-07,Kalu Alias Laxminarayan v. State of Madhya Pradesh,25235,,,
2019_14_338_367_EN,2019-11-07,State of Uttarakhand v. Darshan Singh,67701,,,
2019_14_450_472_EN,2019-12-04,P. Chidambaram v. Directorate of Enforcement,58530,,,
2019_14_513_528_EN,2019-12-05,"Station House Officer, Cbi/Acb/Bangalore v. B.A. Srinivasan and Anr.",34818,,,
2019_14_716_741_EN,2019-12-06,The State of Telangana v. Sri Managipet @ Mangipet Sarveshwar Reddy,57514,,,
2019_14_742_754_EN,2019-12-06,Darshan Singh v. State of Punjab,30020,,,
2019_14_818_828_EN,2019-12-10,Ram Murti Yadav v. State of Uttar Pradesh and Another,25432,,,
2019_14_829_848_EN,2019-12-10,Saeeda Khatoon Arshi v. State of UP & Anr.,42323,,,
2019_14_943_963_EN,2019-10-01,Sudam @ Rahul Kaniram Jadhav v. The State of Maharashtra,49504,,,
2019_14_95_105_EN,2019-11-19,State of Madhya Pradesh v. Killu @ Kailash and Ors.,23904,,,
2019_14_977_998_EN,2019-11-26,V. Rajaram v. State Represented by the Inspector of Police Cbi/Scb,52730,,,
2019_15_134_143_EN,2019-12-16,"Puneet Dalmia v. Central Bureau of Investigation, Hyderabad",23906,,,
2019_15_151_156_EN,2019-12-17,Manju v. State of Delhi,12335,,,
2019_15_223_257_EN,2019-09-24,Nevada Properties Private Limited through Its Director v. State of Maharashtra and Anr.,78252,,,
2019_15_342_357_EN,2019-12-18,Akshay Kumar Singh v. State (NCT of Delhi),36202,,,
2019_15_358_367_EN,2019-12-18,Mayank N Shah v. State of Gujarat & Anr.,22082,,,
2019_15_712_770_EN,2019-10-03,Ravi S/O Ashok Ghumare v. The State of Maharashtra,137390,,,
2019_15_771_794_EN,2019-10-04,The State of Arunachal Pradesh v. Ramchandra Rabidas @ Ratan Rabidas & Anr.,50166,,,
2019_15_84_92_EN,2019-12-13,Suraj Jagannath Jadhav v. The State of Maharashtra,20069,,,
2019_15_936_989_EN,2019-10-16,Haribhai Malaviya and Ors. v. The State of Gujarat and Anr.,125201,,,
2019_16_861_885_EN,2019-11-05,Rohtas & Anr. v. The State of Haryana,55071,,,
2019_17_1134_1154_EN,2019-11-27,Vinod Kumar Garg v. State (Government of National Capital Territory of Delhi),48817,,,
2019_17_1155_1186_EN,2019-12-05,State of NCT of Delhi v. Shiv Charan Bansal & Ors.,70551,,,
2019_17_1187_1214_EN,2019-12-10,Raja v. State by the Inspector of Police,59908,,,
2019_17_185_192_EN,2019-11-08,Awadhesh Kumar v. State of U.P. & Anr.,17109,,,
2019_17_305_330_EN,2019-11-26,Karnataka State Pollution Control v. B. Heera Naik & Ors. etc.,58660,,,
2019_17_422_473_EN,2019-11-29,G H P. Gopalkrishnan @ Dileep v. State of Kerala and Anr.,117794,,,
2019_17_917_985_EN,2019-11-14,Yashwant Sinha & Ors. v. Central Bureau of Investigation through Its Director & Anr.,157881,,,
2019_18_1007_1077_EN,2019-08-01,"Manoharan v. State by Inspector of Police, Variety Hall Police Station, Coimbatore",161488,,,
2019_18_1078_1115_EN,2019-11-07,"H Manoharan v. State by Inspector of Police, Variety Hall Police Station, Coimbatore (Review Petition (Crl.) Nos.446-447 of 2019) in",84258,,,
2019_18_1158_1173_EN,2019-12-18,G H Kanwar Pal Singh v. The State of Uttar Pradesh and Another,36223,,,
2019_18_1174_1195_EN,2019-12-18,G H Khaja Bilal Ahmed v. State of Telangana & Ors.,47526,,,
2019_18_1196_1235_EN,2019-12-18,Anokhilal v. State of Madhya Pradesh,83986,,,
2019_1_1029_1034_EN,2019-01-31,State of Maharashtra v. Shankar Ganapati Rahatol & Ors.,10701,,,
2019_1_1074_1082_EN,2019-02-04,The State of Madhya Pradesh v. Kanha @ Omprakash,19640,,,
2019_1_1083_1095_EN,2019-02-05,Pappi @ Mehboob v. State of Rajasthan,25849,,,
2019_1_1096_1103_EN,2019-02-05,Bikash Bora and Ors. v. The State of Assam,17202,,,
2019_1_1104_1136_EN,2019-02-05,State of Gujarat v. Afroz Mohammed Hasanfatta,79122,,,
2019_1_168_178_EN,2019-01-08,Devi Lal v. State of Rajasthan,22593,,,
2019_1_236_247_EN,2019-01-11,Sri Suresh Kumar Goyal and Others v. State of Uttar Pradesh and Another,27085,,,
2019_1_248_255_EN,2019-01-17,Yogendra @ Jogendra Singh v. The State of Madhya Pradesh,16191,,,
2019_1_256_259_EN,2019-01-08,Chander Bhan Singh v. Central Bureau of Investigation and Others,8336,,,
2019_1_260_269_EN,2019-01-18,Nand Kishore v. State of Madhya Pradesh,23597,,,
2019_1_371_462_EN,2019-01-17,Indian Hotel and Restaurant Association (Ahar) & Anr. v. The State of Maharashtra & Ors.,213486,,,
2019_1_39_50_EN,2019-01-07,Mahadevappa v. State of Karnataka Rep. by Public Prosecutor,27331,,,
2019_1_51_53_EN,2019-01-07,Monu v. State of U.P. & Anr.,5437,,,
2019_1_540_547_EN,2019-01-28,Satya Raj Singh v. State of Madhya Pradesh,17209,,,
2019_1_707_716_EN,2019-01-29,The State of Madhya Pradesh & Ors. v. Dharmendra Rathore,20349,,,
2019_2_1014_1016_EN,2019-03-15,Harveer Singh & Anr. v. State of U.P.,5803,,,
2019_2_1040_1041_EN,2019-03-12,State Trading Corporation of India Ltd v. M/s Global Steel Holding Limited & Ors.,3705,,,
2019_2_1055_1064_EN,2019-03-13,The State of Madhya Pradesh v. Deepak,21523,,,
2019_2_105_120_EN,2019-02-12,Chandru @ Chandrasekaran v. State Rep. by Deputy Superintendent of Police Cb CID and Anr.,37075,,,
2019_2_386_408_EN,2019-01-24,Munishamappa & Ors. v. State of Karnataka,49204,,,
2019_2_458_476_EN,2019-01-25,Brig. Sukhjeet Singh (Retd.) Mvc v. The State of Uttar Pradesh & Ors.,44184,,,
2019_2_643_655_EN,2019-02-04,Sh. Narendra Kumar Srivastava v. The State of Bihar & Ors.,28093,,,
2019_2_656_663_EN,2019-02-05,Ambi Ram v. State of Uttarakhand,16204,,,
2019_2_707_716_EN,2019-02-11,Varinder Kumar v. State of Himachal Pradesh,23122,,,
2019_2_749_778_EN,2019-02-27,The State of Gujarat v. Anwar Osman Sumbhaniya and Ors.,67650,,,
2019_2_844_863_EN,2019-03-05,"Digamber Vaishnav & Anr. v. State of Chhattisgarh Criminal Appeal Nos. 428-430 of 2019 March 05, 2019",45829,,,
2019_2_864_886_EN,2019-03-05,The State of Madhya Pradesh v. Laxmi Narayan and Others,54989,,,
2019_2_887_904_EN,2019-03-05,Asif Khan v. State of Maharashtra & Anr.,40788,,,
2019_2_921_925_EN,2019-03-07,"State Represented by the Deputy Superintendent of Police Vigilance and Anti Corruption, Tamil Nadu v. J. Doraiswamy etc.",10621,,,
2019_3_1078_1087_EN,2019-02-28,Shiv Shankar Prasad Singh v. The State of Bihar,24964,,,
2019_3_1_12_EN,2019-01-24,Raju Ambadas Gangekar v. The State of Maharashtra,26343,,,
2019_3_273_280_EN,2019-01-03,Satishchandra Ratanlal Shah v. State of Gujarat and Another,18273,,,
2019_3_28_199_EN,2019-02-14,Govt. of NCT of Delhi v. Union of India,401528,,,
2019_3_310_328_EN,2019-02-13,The State of Maharashtra v. Surendra Pundlik Gadling & Ors.,44276,,,
2019_3_329_356_EN,2019-02-14,Sunita & Ors. v. Rajasthan State Road Transport Corporation & Anr.,63381,,,
2019_3_367_371_EN,2019-02-14,Gagan Kumar v. The State of Punjab,9782,,,
2019_3_372_381_EN,2019-02-15,Gaurav Kumar @ Monu v. The State of Haryana,20345,,,
2019_3_446_464_EN,2019-03-05,Khushwinder Singh v. State of Punjab,45433,,,
2019_3_691_696_EN,2019-02-08,State of Madhya Pradesh v. Vikram Das,12717,,,
2019_3_713_717_EN,2019-01-04,Swapan Kumar Chatterjee v. Central Bureau of Investigation,11315,,,
2019_3_932_952_EN,2019-02-12,Mala Singh & Ors. v. State of Haryana,45691,,,
2019_3_953_967_EN,2019-02-12,Parkash Chand v. State of Himachal Pradesh,35413,,,
2019_4_18_30_EN,2019-02-22,Raju v. The State of Haryana,29333,,,
2019_4_199_207_EN,2019-03-15,Nandlal v. The State of Maharashtra,19510,,,
2019_4_208_217_EN,2019-03-15,Sugreev Kumar v. State of Punjab & Ors.,22572,,,
2019_4_218_221_EN,2019-03-15,Rafiq Ahmedbhai Paliwala v. The State of Gujarat & Ors.,8303,,,
2019_4_247_253_EN,2019-03-15,Dauwalal @ Ganesh Devangan & Ors. v. State of Madhya Pradesh (Now State of Chhattisgarh),15063,,,
2019_4_273_330_EN,2019-02-27,Department of Customs v. Sharad Gandhi,130424,,,
2019_4_383_408_EN,2019-02-21,Mahendran v. The State of Tamil Nadu,58967,,,
2019_4_433_453_EN,2019-02-22,The State of Madhya Pradesh v. Dhruv Gurjar and Another,50077,,,
2019_4_521_531_EN,2019-02-25,Deep Narayan Chourasia v. State of Bihar,22559,,,
2019_4_545_563_EN,2019-02-19,Balvir Singh v. State of Madhya Pradesh,44979,,,
2019_4_54_63_EN,2019-02-28,Mrs. Neeraj Dutta v. State (Govt. of NCT of Delhi),22035,,,
2019_4_564_576_EN,2019-02-19,State of Madhya Pradesh v. Harjeet Singh & Anr.,25809,,,
2019_4_590_599_EN,2019-02-12,State of Uttar Pradesh & Ors. v. Mohd. Suleman Siddiqui,22940,,,
2019_4_600_609_EN,2019-02-20,Thangasamy v. The State of Tamil Nadu,22177,,,
2019_4_660_676_EN,2019-03-07,Sukumaran v. State Rep. by the Inspector of Police,37678,,,
2019_4_700_703_EN,2019-03-12,Mukesh Chand v. The State(Nct) of Delhi & Anr.,6461,,,
2019_4_709_764_EN,2019-03-05,Ankush Maruti Shinde and Others v. State of Maharashtra,134766,,,
2019_4_863_867_EN,2019-02-20,Dnyaneshwar Suresh Borkar v. State of Maharashtra,10430,,,
2019_4_875_884_EN,2019-02-27,Sunil Kumar Gupta and Others v. State of Uttar Pradesh and Others,21370,,,
2019_5_1060_1130_EN,2019-04-02,National Investigation Agency v. Zahoor Ahmad Shah Watali,158271,,,
2019_5_1131_1140_EN,2019-04-01,Mani v. State of Kerala and Others,21278,,,
2019_5_11_20_EN,2019-03-25,Pavan Vasudeo Sharma v. State of Maharashtra through Secretary,21362,,,
2019_5_21_24_EN,2019-03-26,Ganga Prasad Mahto v. State of Bihar & Anr.,6732,,,
2019_5_417_443_EN,2019-03-15,Rohitbhai Jivanlal Patel v. State of Gujarat & Anr.,63938,,,
2019_5_504_510_EN,2019-03-14,The State of Madhya Pradesh & Ors. v. Bunty,14938,,,
2019_5_511_520_EN,2019-03-28,M/s Achal Industries v. State of Karnataka,21943,,,
2019_5_535_568_EN,2019-03-29,Pattu Rajan v. The State of Tamil Nadu,81946,,,
2019_5_569_578_EN,2019-04-10,The State of Rajasthan v. Kanhaiya Lal,23105,,,
2019_5_638_678_EN,2019-04-10,Yashwant Sinha & Ors. v. Central Bureau of Investigation through Its Director & Anr.,93833,,,
2019_5_714_739_EN,2019-04-11,Atma Ram & Ors. v. State of Rajasthan,56277,,,
2019_5_765_770_EN,2019-04-08,"Tukaram S/O Sadashiv Chaudhari v. The Executive Engineer, Maharashtra State Electricity Distribution Company Ltd. & Anr.",12699,,,
2019_5_771_820_EN,2019-04-12,The State of Tamil Nadu & Ors. v. Elephant G. Rajendran & Ors. etc.,120191,,,
2019_5_836_850_EN,2019-02-20,The State of Madhya Pradesh v. Suresh,34930,,,
2019_5_876_880_EN,2019-04-15,Md. Allauddin Khan v. The State of Bihar & Ors.,10715,,,
2019_5_904_915_EN,2019-04-09,Sampat Babso Kale & Anr. v. The State of Maharashtra,24751,,,
2019_6_1064_1072_EN,2019-04-26,The State Bank of India & Others v. P. Soupramaniane,19634,,,
2019_6_1082_1085_EN,2019-04-29,Govind Singh v. The State of Chhattisgarh,7341,,,
2019_6_1120_1131_EN,2019-04-26,"N. Ramamurthy v. State by Central Bureau of Investigation, A.C.B., Bengaluru",26484,,,
2019_6_1132_1157_EN,2019-04-30,Rashmi Chopra v. The State of Uttar Pradesh & Anr.,57235,,,
2019_6_1158_1171_EN,2019-04-30,S. K. Miglani v. State NCT of Delhi,28870,,,
2019_6_154_187_EN,2019-03-26,The State of Madhya Pradesh v. Uday Singh,77332,,,
2019_6_194_202_EN,2019-04-22,State of Rajasthan and Others v. Mukesh Sharma,18688,,,
2019_6_1_40_EN,2019-04-12,Accused 'X' v. State of Maharashtra,92390,,,
2019_6_203_214_EN,2019-04-22,Kumar Ghimirey v. The State of Sikkim,27233,,,
2019_6_249_256_EN,2019-04-23,Nagji Odhavji Kumbhar & Anr. v. State of Gujarat,15636,,,
2019_6_41_46_EN,2019-04-15,Ashok Kumar Mehra & Anr. v. The State of Punjab etc.,12275,,,
2019_6_467_471_EN,2019-03-29,P. Surendran v. State by Inspector of Police,9813,,,
2019_6_47_50_EN,2019-04-15,Bihari Lal v. The State of Rajasthan & Ors.,7920,,,
2019_6_549_554_EN,2019-04-09,Peer Singh v. The State of Madhya Pradesh,14125,,,
2019_6_577_589_EN,2019-04-09,Rupali Devi v. State of Uttar Pradesh & Ors.,28208,,,
2019_6_68_81_EN,2019-04-16,Manju Devi v. State of Rajasthan & Anr.,29556,,,
2019_6_701_732_EN,2019-04-24,Dipakbhai Jagdishchandra Patel v. State of Gujarat and Another,71422,,,
2019_6_82_96_EN,2019-04-16,"Bikash Ranjan Rout v. State through the Secretary (Home) Government of NCT of Delhi, New Delhi",36156,,,
2019_6_972_993_EN,2019-04-09,Anurag Soni v. State of Chhattisgarh,51180,,,
2019_6_994_1013_EN,2019-04-10,Vijay Mohan Singh v. State of Karnataka,44998,,,
2019_7_143_149_EN,2019-04-30,Thongam Tarun Singh v. The State of Manipur,14124,,,
2019_7_163_170_EN,2019-05-06,"Rambir v. State of NCT, Delhi",16883,,,
2019_7_1_11_EN,2019-05-02,The State of Jammu and Kashmir and Ors. v. Farid Ahmad Tak,24259,,,
2019_7_248_261_EN,2019-05-07,Rafiq Qureshi v. Narcotic Control Bureau Eastern Zonal Unit,31586,,,
2019_7_287_294_EN,2019-05-07,State Represented by Inspector of Police Central Bureau of Investigation v. M. Subrahmanyam,17390,,,
2019_7_309_318_EN,2019-05-07,Ashoksinh Jayendrasinh v. State of Gujarat,23406,,,
2019_7_319_334_EN,2019-05-07,Sasikala Pushpa and Others v. State of Tamil Nadu,36858,,,
2019_7_473_476_EN,2019-05-02,State of Gujarat v. Kalusinh @ Harpalsinh,8451,,,
2019_7_482_489_EN,2019-05-09,Omanakuttan v. The State of Kerala,18633,,,
2019_7_607_618_EN,2019-05-09,Shio Shankar Dubey & Ors. v. State of Bihar,26197,,,
2019_7_868_880_EN,2019-05-09,Nayak Pno No.980510777 Raj Bahadur & Ors. v. State of Uttar Pradesh & Ors.,26647,,,
2019_8_1071_1094_EN,2019-07-02,The State of Jharkhand & Ors. v. M/s Ajanta Bottlers & Blenders Pvt. Ltd.,52722,,,
2019_8_1114_1141_EN,2019-07-09,"Vishnu Kumar Tiwari v. State of Uttar Pradesh through Secretary Home, Civil Secretariat Lucknow and Another",63715,,,
2019_8_1153_1179_EN,2019-07-18,"Union of India 2. Joint Secretary (Cofeposa), Govt. of India, Ministry of Finance v. Dimple Happy Dhakad",64838,,,
2019_8_137_150_EN,2019-05-01,Shree Shree Ram Janki Ji Asthan Tapovan Mandir & Anr. v. The State of Jharkhand & Ors.,30642,,,
2019_8_187_211_EN,2019-05-01,Rajesh & Ors. v. State of Haryana,56685,,,
2019_8_19_25_EN,2019-04-30,Kalabai v. State of Madhya Pradesh,13586,,,
2019_8_1_18_EN,2019-04-26,Vikram Johar v. The State of Uttar Pradesh & Anr.,38323,,,
2019_8_266_296_EN,2019-02-14,Md Mannan @ Abdul Mannan v. State of Bihar,67399,,,
2019_8_297_438_EN,2019-07-03,"State of Meghalaya v. All Dimasa Students Union, Dima-Hasao District Committee & Ors.",324891,,,
2019_8_439_624_EN,2019-07-05,Central Bureau of Investigation & Anr. v. Mohd. Parvez Abdul Kayuum Etc,439181,,,
2019_8_702_708_EN,2019-05-08,Birendra Prasad Sah v. The State of Bihar & Anr.,14223,,,
2019_8_713_727_EN,2019-05-01,"State by Karnataka Lokayukta Police Station, Bengaluru v. M.R. Hiremath",34030,,,
2019_8_799_810_EN,2019-07-01,Asim Shariff v. National Investigation Agency,26456,,,
2019_8_811_823_EN,2019-07-01,Satvinder Singh @ Satvinder Singh Saluja & Ors. v. The State of Bihar,29624,,,
2019_8_824_868_EN,2019-07-01,Pradeep Ram v. The State of Jharkhand & Anr.,100344,,,
2019_9_1115_1121_EN,2019-07-24,Postman Vengaisamy & Ors. v. State Represented by Inspector of Police & Ors.,16381,,,
2019_9_249_251_EN,2019-07-05,Naval Kishore Mishra v. State of U.P. & Ors.,5678,,,
2019_9_654_662_EN,2019-07-22,Sanjay Rajak v. The State of Bihar,19776,,,
2019_9_663_667_EN,2019-07-22,"Ram Gopal v. Central Bureau of Investigation, Dehradun",8957,,,
2019_9_668_694_EN,2019-07-23,G H Girish Singh v. The State of Uttarakhand,59313,,,
2019_9_703_734_EN,2019-07-25,Ude Singh & Ors. v. State of Haryana,72923,,,
2019_9_735_753_EN,2019-07-25,Sanjeev Kumar Gupta v. The State of Uttar Pradesh and Anr.,42263,,,
2019_9_754_768_EN,2019-07-25,G H Ranjit Kumar Haldar v. State of Sikkim,32872,,,
2020_10_238_272_EN,2020-09-09,Rajasthan State Road Transport Corporation and Others v. Goverdhan Lal Soni and Anr.,81250,,,
2020_10_27_134_EN,2020-06-03,Somasundaram @ Somu v. The State Rep. by the Deputy Commissioner of Police,258716,,,
2020_11_117_135_EN,2020-10-01,Parvez Noordin Lokhandwalla v. State of Maharashtra & Anr.,36029,,,
2020_11_397_424_EN,2020-07-31,Sukh Sagar Medical College & Hospital v. State of Madhya Pradesh & Ors.,63731,,,
2020_11_515_524_EN,2020-10-08,Miss ‘a v. State of Uttar Pradesh and Anr.,21906,,,
2020_11_665_705_EN,2020-12-03,Jayant etc. v. The State of Madhya Pradesh,94659,,,
2020_11_786_799_EN,2020-11-26,Skoda Auto Volkswagen India Private Limited v. The State of Uttar Pradesh and Ors.,30984,,,
2020_11_821_844_EN,2020-12-08,The State of Madhya Pradesh & Anr. v. U.P. State Bridge Corporation Ltd.& Anr.,50611,,,
2020_11_896_947_EN,2020-11-27,Arnab Manoranjan Goswami v. The State of Maharashtra & Ors.,121975,,,
2020_11_983_1000_EN,2020-12-10,Rohtas & Anr. v. State of Haryana,38632,,,
2020_12_1000_1018_EN,2020-12-03,Chaman Lal v. The State of Himachal Pradesh,42741,,,
2020_12_1139_1170_EN,2020-08-28,State of Madhya Pradesh v. Centre for Environment Protection Research and Development & Ors.,68693,,,
2020_12_128_150_EN,2020-10-07,Satya Deo @ Bhoorey v. State of Uttar Pradesh,52417,,,
2020_12_151_160_EN,2020-10-07,Amit Sahni v. Commissioner of Police & Ors.,22116,,,
2020_12_411_421_EN,2020-11-19,Jayantilal Verma v. State of M.P. (Now Chhattisgarh),25145,,,
2020_12_583_874_EN,2020-10-29,Tofan Singh v. State of Tamil Nadu,663394,Tofan Singh v. State of Tamil Nadu,NDPS section 67,overruling
2020_12_875_914_EN,2020-10-12,Bikramjit Singh v. The State of Punjab,90696,,,
2020_12_915_955_EN,2020-10-26,"M. Ravindran v. The Intelligence Officer, Directorate of Revenue Intelligence",94004,,,
2020_12_956_973_EN,2020-11-17,M/s. Fertico Marketing and Investment Pvt. Ltd and Ors. etc. v. Central Bureau of Investigation and Another etc.,39309,,,
2020_13_1191_1207_EN,2020-11-25,"Director General of Police, Railway Protection Force and Ors. v. Rajendra Kumar Dubey",36472,,,
2020_13_1230_1234_EN,2020-12-09,Titty Alias George Kurian v. The Deputy Range Forest Officer Review Petition (Criminal) No. 593 of 2018 in,9549,,,
2020_13_1235_1236_EN,2020-12-16,Seelan @ Jeyaseelan v. The Inspector of Police,2840,,,
2020_13_1_128_EN,2020-11-02,Shatrughna Baban Meshram v. State of Maharashtra,258099,,,
2020_13_566_570_EN,2020-12-02,Nimay Sah v. State of Jharkhand,9791,,,
2020_13_621_634_EN,2020-12-17,Rahna Jalal v. State of Kerala and Another,32365,,,
2020_13_812_820_EN,2020-12-03,Sumedh Singh Saini v. State of Punjab and Another,22548,,,
2020_13_848_885_EN,2020-12-02,Sandeep Kumar and Others v. State of Uttarakhand and Another,89829,,,
2020_13_886_924_EN,2020-10-01,Gujarat Mazdoor Sabha & Anr. v. The State of Gujarat,90814,,,
2020_13_951_986_EN,2020-10-29,The State of Rajasthan & Ors. v. Heem Singh,81223,,,
2020_14_1_44_EN,2020-11-03,Rajesh @ Sarkari & Anr. v. State of Haryana,95052,,,
2020_1_1002_1004_EN,2020-01-10,Sankath Prasad v. State of Uttar Pradesh,6388,,,
2020_1_1091_1115_EN,2020-01-21,Paul v. State of Kerala,56910,,,
2020_1_1116_1131_EN,2020-01-21,Dr Nallapareddy Sridhar Reddy v. The State of Andhra Pradesh & Ors.,35289,,,
2020_1_145_151_EN,2020-01-24,Sardar Ali Khan v. The State of Uttar Pradesh through Principal Secretary Home Department & Anr.,14580,,,
2020_1_152_169_EN,2020-01-28,Kashmira Devi v. State of Uttarakhand & Ors.,42713,,,
2020_1_170_184_EN,2020-01-30,Ahmad Ali Quraishi and Anr. v. The State of Uttar Pradesh & Anr.,33173,,,
2020_1_307_314_EN,2020-01-06,Surinder Kumar v. State of Punjab,17153,,,
2020_1_341_394_EN,2020-01-07,Purshottam Chopra & Anr. v. State (Govt. of NCT Delhi),127993,,,
2020_1_453_483_EN,2020-01-21,Indu Bai & Ors. v. State of Telangana & Ors.,67571,,,
2020_1_57_68_EN,2020-01-14,Padum Kumar v. State of Uttar Pradesh,28423,,,
2020_1_582_601_EN,2020-01-31,Sushil Sethi and Another v. The State of Arunachal Pradesh and Others,44907,,,
2020_1_616_626_EN,2020-02-14,The State of Karnataka & Anr. v. N. Gangaraj,23715,,,
2020_1_794_811_EN,2020-01-07,"M.E. Shivalingamurthy v. Central Bureau of Investigation, Bengaluru",40223,,,
2020_1_94_104_EN,2020-01-21,Ramesan (Dead) through Lr. Girija a v. The State of Kerala,23470,,,
2020_2_1020_1035_EN,2020-03-03,K. Virupaksha & Anr. v. The State of Karnataka & Anr.,38173,,,
2020_2_1127_1147_EN,2020-03-02,Samta Naidu & Anr. v. State of Madhya Pradesh & Anr.,45496,,,
2020_2_1_131_EN,2020-01-29,Sushila Aggarwal and Others v. State (NCT of Delhi) and Another,314196,Sushila Aggarwal v. State (NCT of Delhi),anticipatory bail,overruling
2020_2_478_499_EN,2020-01-09,Shilpa Mittal v. State of NCT of Delhi & Anr.,49769,,,
2020_2_553_563_EN,2020-01-15,State Rep. by the Inspector of Police v. M. Murugesan & Anr.,25090,,,
2020_2_687_698_EN,2020-02-10,Rajeshbhai Muljibhai Patel and Others etc. v. State of Gujarat and Another etc.,28540,,,
2020_2_798_810_EN,2020-02-14,Prasad @ Santosh Kumar v. The State of Bihar,29779,,,
2020_2_964_974_EN,2020-03-02,Parvat Singh & Ors. v. State of Madhya Pradesh,26449,,,
2020_3_1015_1033_EN,2020-02-27,Arun Kumar Gupta v. State of Jharkhand & Anr.,41966,,,
2020_3_1090_1105_EN,2020-03-02,Than Kunwar v. State of Haryana,36314,,,
2020_3_1106_1114_EN,2020-03-02,Satishkumar Nyalchand Shah v. State of Gujarat & Ors.,20060,,,
2020_3_1144_1160_EN,2020-03-02,Shri Satish Kumar & Anr. v. The State of Himachal Pradesh & Anr.,38780,,,
2020_3_348_358_EN,2020-01-24,State of Kerala etc. v. Rajesh etc.,24662,,,
2020_3_643_648_EN,2020-01-31,State of Odisha and Ors. v. Gobinda Behera,12185,,,
2020_3_707_722_EN,2020-02-10,Arun Singh & Others v. State of U.P. through Its Secretary & Another,33869,,,
2020_3_776_788_EN,2020-02-06,Chhota Ahirwar v. The State of Madhya Pradesh,29985,,,
2020_3_970_974_EN,2020-02-20,Motamarri Appanna Veerraju @ Mav Raju v. The State of West Bengal,10650,,,
2020_4_1055_1060_EN,2020-03-20,Pawan Kumar Gupta v. State of NCT of Delhi,13154,,,
2020_4_1112_1129_EN,2020-04-01,Raja @ Ayyappan v. State of Tamil Nadu,40972,,,
2020_4_1_43_EN,2020-03-05,Manoj Suryavanshi v. State of Chhattisgarh,102617,,,
2020_4_269_294_EN,2020-05-29,Sonu @ Sunil v. State of Madhya Pradesh,57563,,,
2020_4_501_512_EN,2020-02-11,The State of Meghalaya v. Melvin Sohlangpiaw,27272,,,
2020_4_954_956_EN,2020-03-18,Jeetendra v. State of Madhya Pradesh & Anr.,6018,,,
2020_4_957_965_EN,2020-03-18,Bhagwan Singh v. State of Uttarakhand,19545,,,
2020_5_1001_1037_EN,2020-01-21,Duleshwar & Anr. v. The State of M.P. (Now Chhattisgarh),88021,,,
2020_5_234_254_EN,2020-05-06,State of Rajasthan v. Mehram & Ors.,47020,,,
2020_5_277_298_EN,2020-06-19,S. Kasi v. State through the Inspector of Police Samaynallur Police Station Madurai District,50389,,,
2020_5_307_343_EN,2020-03-04,Managing Director Chhattisgarh State Co-Operative Bank Maryadit v. Zila Sahkari Kendriya Bank Maryadit & Ors.,85616,,,
2020_5_360_382_EN,2020-06-18,Mustak @ Kanio Ahmed Shaikh v. State of Gujarat,51925,,,
2020_5_383_390_EN,2020-06-19,Jinofer Kawasji Bhujwala v. The State of Gujarat,17736,,,
2020_5_70_73_EN,2020-01-31,State of Madhya Pradesh v. Yogendra Singh Jadon & Anr.,8178,,,
2020_5_838_859_EN,2020-04-13,The State of Andhra Pradesh v. M/s Linde India Ltd.,45484,,,
2020_6_1015_1026_EN,2020-09-16,Neetu Kumar Nagaich v. The State of Rajasthan and Others,27056,,,
2020_6_1132_1139_EN,2020-09-02,Ilangovan v. State of Tamil Nadu Rep. by Inspector of Police,16127,,,
2020_6_1140_1144_EN,2020-09-16,Jugut Ram v. The State of Chhattisgarh,10482,,,
2020_6_249_271_EN,2020-07-17,Pyare Lal v. State of Haryana,49304,,,
2020_6_508_520_EN,2020-07-28,Parminder Kaur @ P.P. Kaur @ Soni v. State of Punjab,29134,,,
2020_6_967_982_EN,2020-08-14,Preet Pal Singh v. The State of Uttar Pradesh & Anr.,34381,,,
2020_7_1010_1013_EN,2020-02-13,Padma Mishra v. State of Uttarakhand & Anr.,6995,,,
2020_7_150_157_EN,2020-08-19,Mohd. Anwar v. The State (N.C.T. of Delhi),18169,,,
2020_7_173_179_EN,2020-08-05,Gangadhar Alias Gangaram v. State of Madhya Pradesh,15382,,,
2020_7_180_282_EN,2020-07-14,Arjun Panditrao Khotkar v. Kailash Kushanrao Gorantyal and Ors.,240499,Arjun Panditrao Khotkar v. Kailash Kushanrao Gorantyal,electronic evidence,overruling
2020_7_283_298_EN,2020-09-09,Stalin v. State Represented by the Inspector of Police,35532,,,
2020_7_546_557_EN,2020-09-10,Rizwan Khan v. The State of Chhattisgarh,26551,,,
2020_7_558_571_EN,2020-09-15,"Jeet Ram v. The Narcotics Control Bureau, Chandigarh",32072,,,
2020_7_959_967_EN,2020-10-15,State of U.P. v. Gayatri Prasad Prajapati,18853,,,
2020_8_1007_1034_EN,2020-10-08,Ankita Kailash Khandelwal and Ors. v. State of Maharashtra and Others,61777,,,
2020_8_1035_1043_EN,2020-10-15,Saravanan v. State Rep. by the Inspector of Police,20815,,,
2020_8_1044_1056_EN,2020-10-26,Raveen Kumar v. State of Himachal Pradesh,28256,,,
2020_8_1057_1070_EN,2020-10-26,Rajesh Dhiman v. State of Himachal Pradesh,30716,,,
2020_8_1071_1079_EN,2020-10-29,Chunthuram v. State of Chhattisgarh,20401,,,
2020_8_731_740_EN,2020-09-30,Subed Ali and Others v. The State of Assam,23225,,,
2020_8_742_750_EN,2020-10-01,Gurcharan Singh v. The State of Punjab,22733,,,
2020_8_751_767_EN,2020-10-12,Amar Singh v. The State (NCT of Delhi),39232,,,
2020_8_768_781_EN,2020-10-14,Ganesan v. State Represented by Its Inspector of Police,30976,,,
2020_8_997_1006_EN,2020-09-22,National Alliance for People’S Movements & Ors. v. The State of Maharashtra & Ors.,24922,,,
2020_9_21_31_EN,2020-09-30,Satish @ Sabbe v. The State of Uttar Pradesh,24883,,,
2020_9_245_302_EN,2020-08-31,Mukesh Singh v. State (Narcotic Branch of Delhi),142413,Mukesh Singh v. State (Narcotic Branch of Delhi),informant and investigator,overruling
2020_9_330_360_EN,2020-04-27,State of Gujarat v. Mansukhbhai Kanjibhai Shah,69483,,,
2020_9_455_471_EN,2020-11-05,Hindustan Unilever Limited v. The State of Madhya Pradesh,37255,,,
2020_9_482_493_EN,2020-09-28,Maheshwar Tigga v. The State of Jharkhand,29057,,,
2020_9_494_503_EN,2020-10-09,Karulal & Ors. v. The State of Madhya Pradesh,21210,,,
2020_9_530_592_EN,2020-04-22,West U.P. Sugar Mills Association & Ors. v. The State of Uttar Pradesh & Ors.,145505,,,
2020_9_593_606_EN,2020-11-05,Hitesh Verma v. The State of Uttarakhand & Anr.,30061,,,
2020_9_878_905_EN,2020-09-25,Anwar Ali and Another v. The State of Himachal Pradesh,61625,,,
2020_9_942_965_EN,2020-11-20,"Venkatesan Balasubramaniyan v. The Intelligence Officer, D.R.I. Bangalore",51250,,,
2020_9_966_973_EN,2020-12-16,Sanjai Tiwari v. The State of Uttar Pradesh & Anr.,17515,,,
2020_9_974_1160_EN,2020-07-13,Sri Marthanda Varma (D) Thr. LRs. & Anr. v. State of Kerala & Ors.,422788,,,
2021_10_1022_1060_EN,2021-11-26,Hari & Anr. v. The State of Uttar Pradesh,83770,,,
2021_10_1061_1079_EN,2021-11-26,Surinder Singh v. State (Union Territory of Chandigarh),42806,,,
2021_10_116_132_EN,2021-10-28,Sripati Singh (Since Deceased) through His Son Gaurav Singh v. The State of Jharkhand & Anr.,42545,,,
2021_10_133_146_EN,2021-10-25,State of Madhya Pradesh v. Mahendra Alias Golu,32327,,,
2021_10_161_179_EN,2021-10-08,Prashant Singh Rajput v. The State of Madhya Pradesh and Anr.,42920,,,
2021_10_188_199_EN,2021-10-29,Bhoopendra Singh v. The State of Rajasthan,24605,,,
2021_10_309_329_EN,2021-10-21,Kavitha Lankesh v. State of Karnataka & Ors.,47936,,,
2021_10_330_352_EN,2021-10-20,State of Gujarat & Anr. v. Narayan @ Narayan Sai @ Mota Bhagwan Asaram @ Asumal Harpalani,47756,,,
2021_10_353_392_EN,2021-10-20,Naser Bin Abu Bakr Yafai v. The State of Maharashtra & Anr.,91884,,,
2021_10_393_415_EN,2021-10-05,Geo Varghese v. The State of Rajasthan & Anr.,50811,,,
2021_10_499_513_EN,2021-10-25,Ramawatar v. State of Madhya Pradesh,33306,,,
2021_10_514_544_EN,2021-10-29,Ganesan v. State Rep. by Station House Officer,72180,,,
2021_10_582_606_EN,2021-10-29,Mahendra K C v. The State of Karnataka & Anr.,54409,,,
2021_10_864_898_EN,2021-10-29,The State of Jammu & Kashmir and Others v. Dr. Saleem Ur Rehman,82200,,,
2021_10_91_115_EN,2021-10-29,"A.T. Mydeen and Another v. The Assistant Commissioner, Customs Department",54541,,,
2021_11_237_274_EN,2021-11-22,Arvind Kumar @ Nemichand & Ors. v. State of Rajasthan,85575,,,
2021_11_511_540_EN,2021-10-29,Dayle De’Souza v. Government of India through Deputy Chief Labour Commissioner (C) and Another,67483,,,
2021_11_51_74_EN,2021-11-08,Irappa Siddappa Murgannavar v. State of Karnataka,56524,,,
2021_11_985_1058_EN,2021-11-29,Pradeep S. Wodeyar v. The State of Karnataka,168435,,,
2021_11_9_36_EN,2021-11-12,Jitul Jentilal Kotecha v. State of Gujarat and Ors. Etc,63188,,,
2021_12_1071_1177_EN,2021-06-03,Vinod Dua v. Union of India & Ors.,239173,Vinod Dua v. Union of India,sedition,related
2021_12_502_542_EN,2021-11-18,Rishipal Singh Solanki v. State of Uttar Pradesh & Ors.,93927,,,
2021_12_57_93_EN,2021-12-13,"N. Raghavender v. State of Andhra Pradesh, CBI",88016,,,
2021_13_364_423_EN,2021-10-08,Bureau of Investigation (Cbi) and Anr. v. Thommandru Hannah Vijayalakshmi @ T. H. Vijayalakshmi and Anr.,126855,,,
2021_13_49_88_EN,2021-01-05,Hari Om @ Hero v. State of U.P.,83264,,,
2021_13_566_610_EN,2021-10-08,Nasib Singh v. The State of Punjab & Anr.,97201,,,
2021_14_1_103_EN,2021-05-03,"Indian School, Jodhpur & Anr. v. State of Rajasthan & Ors.",235430,,,
2021_14_767_808_EN,2021-12-15,Jaikam Khan v. The State of Uttar Pradesh,91072,,,
2021_14_809_835_EN,2021-12-14,Lochan Shrivas v. The State of Chhattisgarh,61273,,,
2021_1_156_165_EN,2021-01-20,Ms. X v. The State of Jharkhand & Ors.,21352,,,
2021_1_191_200_EN,2021-01-29,Ajay Kumar @ Bittu & Anr. v. State of Uttarakhand & Anr.,19785,,,
2021_1_201_208_EN,2021-01-05,Murali v. State Rep. by the Inspector of Police,15906,,,
2021_1_249_263_EN,2021-01-12,Anversinh @ Kiransinh Fatesinh Zala v. State of Gujarat,34573,,,
2021_1_264_268_EN,2021-01-21,Ragini Dwivedi @ Gini @ Rags v. The State of Karnataka,9894,,,
2021_1_269_281_EN,2021-01-19,Lakhvir Singh Etc v. The State of Punjab & Anr.,27548,,,
2021_1_453_459_EN,2021-02-02,State of Gujarat v. Bhalchandra Laxmishankar Dave,14315,,,
2021_1_534_543_EN,2021-02-11,G H Khokan @ Khokhan Vishwas v. State of Chhattisgarh,22307,,,
2021_1_566_582_EN,2021-02-25,"Ram Vijay Singh v. State of Uttar Pradesh Criminal Appeal No. 175 of 2021 February 25, 2021",39312,,,
2021_1_592_611_EN,2021-02-25,Devilal and Others v. State of Madhya Pradesh,41666,,,
2021_1_612_624_EN,2021-02-12,The State of Odisha v. Banabihari Mohapatra and Anr.,29841,,,
2021_1_721_724_EN,2021-02-23,"Enforcement Directorate, Government of v. Kapil Wadhawan & Anr. etc.",7471,,,
2021_2_1000_1004_EN,2021-03-15,Fakhrey Alam v. The State of Uttar Pradesh,9809,,,
2021_2_1005_1009_EN,2021-03-10,Hari Shankar Aggarwal v. The State of Rajasthan & Anr.,10148,,,
2021_2_1020_1059_EN,2021-03-12,"Bhima Razu Prasad v. State, Rep. by Deputy Superintendent of Police, Cbi/Spe/Acu-Ii",96823,,,
2021_2_1164_1180_EN,2021-03-05,The State of Tamil Nadu & Ors. v. K. Shobana etc. etc.,37583,,,
2021_2_1192_1202_EN,2021-03-24,The State of Rajasthan & Ors. v. Love Kush Meena,23843,,,
2021_2_137_144_EN,2021-03-01,Sonu @ Subhash Kumar v. State of Uttar Pradesh & Anr.,15932,,,
2021_2_293_307_EN,2021-03-26,Rajendra @ Rajappa and Ors. v. State of Karnataka,33621,,,
2021_2_314_320_EN,2021-01-21,Rekha Sengar v. State of Madhya Pradesh,14393,,,
2021_2_493_498_EN,2021-03-03,Satpal v. State of Haryana,13075,,,
2021_2_499_519_EN,2021-03-03,Rahul v. State of Haryana,48765,,,
2021_2_529_537_EN,2021-03-01,The State Represented by the Deputy Superintendent of Police v. Tr N Seenivasagan,20056,,,
2021_2_538_544_EN,2021-03-02,The State (Gnct of Delhi) Narcotics Control Bureau v. Lokesh Chadha,14270,,,
2021_2_550_569_EN,2021-03-08,Krishna Lal Chawla & Ors. v. State of U.P. & Anr.,46274,,,
2021_2_577_594_EN,2021-03-10,Priti Saraf & Anr. v. State of NCT of Delhi & Anr.,41181,,,
2021_2_595_616_EN,2021-03-08,Nagabhushan v. The State of Karnataka,50661,,,
2021_2_59_62_EN,2021-02-03,Vishwas Bhandari v. State of Punjab & Anr.,7796,,,
2021_2_617_632_EN,2021-03-02,Shivaji Chintappa Patil v. State of Maharashtra,32727,,,
2021_2_63_80_EN,2021-02-03,N. Vijayakumar v. State of Tamil Nadu,43216,,,
2021_2_896_904_EN,2021-03-22,Ramesh Alias Dapinder Singh v. State of Himachal Pradesh,19657,,,
2021_2_905_914_EN,2021-03-09,Swaati Nirkhi & Ors. v. State (NCT of Delhi) & Ors.,21711,,,
2021_2_964_985_EN,2021-03-19,The State of Kerala v. Mahesh,48584,,,
2021_2_986_994_EN,2021-03-05,Ravuri Krishna Murthy v. The State of Telangana and Others,19584,,,
2021_3_193_254_EN,2021-03-19,Government of Maharashtra (Water Resources Department) Represented by Executive Engineer v. M/s Borse Brothers Engineers & Contractors Pvt. Ltd.,140728,,,
2021_3_255_277_EN,2021-03-23,Netaji Achyut Shinde (Patil) & Anr. v. The State of Maharashtra,53647,,,
2021_3_406_469_EN,2021-04-20,M/s Radha Krishan Industries v. State of Himachal Pradesh & Ors.,133313,,,
2021_3_470_523_EN,2021-04-27,Patan Jamal Vali v. The State of Andhra Pradesh,125123,,,
2021_3_704_728_EN,2021-03-24,Charansingh v. State of Maharashtra and Others,58849,,,
2021_3_87_113_EN,2021-03-15,Sartaj Singh v. State of Haryana & Anr. etc.,62853,,,
2021_4_100_121_EN,2021-04-20,In Re: to Issue Certain Guidelines Regarding Inadequacies and Deficiencies in Criminal Trials v. The State of Andhra Pradesh & Ors.,42776,,,
2021_4_1044_1099_EN,2021-04-13,Neeharika Infrastructure Pvt. Ltd. v. State of Maharashtra and Others,133648,,,
2021_4_137_152_EN,2021-04-22,M/s. Oriental Structural Engineers Pvt. Ltd. v. State of Kerala,35627,,,
2021_4_158_168_EN,2021-04-13,State of Rajasthan v. Ashok Kumar Kashyap,24442,,,
2021_4_180_189_EN,2021-04-16,Boota Singh & Others v. State of Haryana,20320,,,
2021_4_239_256_EN,2021-04-28,Kalabhai Hamirbhai Kachhot v. State of Gujarat,42416,,,
2021_4_407_429_EN,2021-02-11,Pravat Chandra Mohanty v. The State of Odisha & Anr.,51627,,,
2021_4_439_453_EN,2021-04-06,Gurdev Singh v. State of Punjab,34681,,,
2021_4_479_510_EN,2021-03-18,Aparna Bhat & Ors. v. State of Madhya Pradesh & Anr.,75775,,,
2021_4_95_99_EN,2021-04-23,Sudha Singh v. The State of Uttar Pradesh & Anr.,8854,,,
2021_5_11_36_EN,2021-05-07,Jayamma & Anr. v. State of Karnataka,60509,,,
2021_5_1_10_EN,2021-05-07,Mallappa v. State of Karnataka,22341,,,
2021_5_243_267_EN,2021-05-07,Achhar Singh v. State of Himachal Pradesh,57422,,,
2021_5_613_790_EN,2021-05-04,Forum for People’S Collective Efforts (Fpce) & Anr. v. The State of West Bengal & Anr.,261311,,,
2021_5_87_195_EN,2021-05-12,Gautam Navlakha v. National Investigation Agency,253366,,,
2021_6_1100_1112_EN,2021-10-20,Jaswant Singh v. State of Punjab & Anr.,27251,,,
2021_6_1137_1143_EN,2021-10-04,Vipan Kumar Dhir v. State of Punjab and Another,16493,,,
2021_6_1176_1186_EN,2021-10-21,Prem Shankar Prasad v. The State of Bihar & Anr.,24432,,,
2021_6_146_153_EN,2021-09-06,State of Madhya Pradesh & Anr. v. Akhilesh Jha & Anr.,17427,,,
2021_6_187_193_EN,2021-09-14,Velladurai v. State Represented by the Inspector of Police,14617,,,
2021_6_194_203_EN,2021-09-17,Kanchan Sharma v. State of Uttar Pradesh & Anr.,22098,,,
2021_6_219_224_EN,2021-09-13,Ramesh Chandra Srivastava v. The State of U. P. & Anr.,11098,,,
2021_6_225_231_EN,2021-09-21,Kala Singh @ Gurnam Singh v. State of Punjab,15402,,,
2021_6_249_267_EN,2021-09-29,Ramgopal & Anr. v. The State of Madhya Pradesh,41548,,,
2021_6_24_48_EN,2021-09-03,Gumansinh @ Lalo @ Raju Bhikhabhai Chauhan & Anr. v. The State of Gujarat,54245,,,
2021_6_462_485_EN,2021-06-28,Shaik Ahmed v. State of Telangana,54504,,,
2021_6_4_23_EN,2021-08-25,Commissioner of Police v. Raj Kumar,41328,,,
2021_6_522_526_EN,2021-07-20,Brijesh Singh v. State of Uttar Pradesh and Others,10772,,,
2021_6_539_561_EN,2021-07-20,Kumer Singh v. State of Rajasthan & Anr.,51995,,,
2021_6_573_598_EN,2021-05-06,Guru Dutt Pathak v. State of Uttar Pradesh,57817,,,
2021_6_599_610_EN,2021-05-28,Nathu Singh v. State of Uttar Pradesh & Ors.,26820,,,
2021_6_630_643_EN,2021-05-25,Sunil Kumar @ Sudhir Kumar & Anr. v. The State of Uttar Pradesh,33242,,,
2021_6_692_722_EN,2021-07-22,Somesh Chaurasia v. State of M.P. & Anr.,69044,,,
2021_6_723_741_EN,2021-07-23,Lakshman Singh v. State of Bihar (Now Jharkhand),46182,,,
2021_6_774_849_EN,2021-07-28,The State of Kerala v. K. Ajith & Ors.,177050,,,
2021_6_874_886_EN,2021-07-06,Rakesh and Another v. State of U.P. and Another,29488,,,
2021_6_87_101_EN,2021-09-07,Shakuntala Shukla v. State of Uttar Pradesh and Another,34750,,,
2021_7_1115_1116_EN,2021-11-22,Xxx v. The State of Kerala & Ors.,3050,,,
2021_7_1138_1148_EN,2021-11-08,Bijender @ Mandar v. State of Haryana,25261,,,
2021_7_143_152_EN,2021-05-07,Sanjay Kumar Rai v. State of Uttar Pradesh & Anr.,20830,,,
2021_7_153_165_EN,2021-05-28,Gurmeet Singh v. State of Punjab,27086,,,
2021_7_171_174_EN,2021-06-30,Surendran v. Sub-Inspector of Police,6804,,,
2021_7_226_239_EN,2021-07-26,M/s. Supreme Bhiwandi Wada Manor Infrastructure Pvt. Ltd. v. The State of Maharashtra & Anr.,31871,,,
2021_7_243_249_EN,2021-07-13,Noorulla Khan v. Karnataka State Pollution Control Board & Anr.,14823,,,
2021_7_264_268_EN,2021-03-15,Aminuddin v. State of Uttar Pradesh and Another,10303,,,
2021_7_269_290_EN,2021-05-28,Satbir Singh & Another v. State of Haryana,48860,,,
2021_7_332_336_EN,2021-11-12,Sadakat Kotwar and Anr. v. The State of Jharkhand,9805,,,
2021_7_450_478_EN,2021-11-24,State of Rajasthan v. Bablu @ Om Prakash,52978,,,
2021_7_479_505_EN,2021-11-23,State of Tamil Nadu & Anr. v. National South Indian River Interlinking Agriculturist Association,58463,,,
2021_7_52_64_EN,2021-03-15,Naveen Singh v. The State of Uttar Pradesh & Anr.,30085,,,
2021_7_565_570_EN,2021-11-12,Ali Ahmad v. The State of Bihar & Anr.,13321,,,
2021_7_65_77_EN,2021-03-25,Patricia Mukhim v. State of Meghalaya & Ors.,28041,,,
2021_7_819_837_EN,2021-09-22,"Union of India through Narcotics Control Bureau, Lucknow v. Md. Nawaz Khan",40400,,,
2021_7_855_889_EN,2021-08-24,Manjeet Singh v. State of Haryana & Ors.,80615,,,
2021_8_135_150_EN,2021-08-10,Parubai v. The State of Maharashtra,37924,,,
2021_8_1_7_EN,2021-07-07,Dharmesh @ Dharmendra @ Dhamo Jagdishbhai @ Jagabhai Bhagubhai Ratadia & Anr. v. The State of Gujarat,14700,,,
2021_8_23_30_EN,2021-07-23,Indra Devi v. State of Rajasthan & Anr.,17057,,,
2021_8_320_344_EN,2021-08-03,The State of Haryana & Ors. v. Raj Kumar @ Bittu,50189,,,
2021_8_352_359_EN,2021-08-04,M/s. Cheminova India Ltd. & Anr. v. State of Punjab & Anr.,17778,,,
2021_8_360_369_EN,2021-08-04,M/s Cheminova India Limited & Anr. v. State of Punjab and Ors.,24339,,,
2021_8_408_421_EN,2021-08-13,Kaptan Singh v. The State of Uttar Pradesh and Others,33426,,,
2021_8_451_468_EN,2021-08-18,Madhav v. State of Madhya Pradesh,40930,,,
2021_8_501_512_EN,2021-08-24,Lala @Anurag Prakash Aasre v. The State of Maharashtra,26770,,,
2021_8_571_590_EN,2021-08-25,Rahmat Khan @ Rammu Bismillah v. Deputy Commissioner of Police,45229,,,
2021_8_671_694_EN,2021-10-06,Bharath Booshan Aggarwal v. State of Kerala,57126,,,
2021_8_707_719_EN,2021-10-08,Manoj Mishra @ Chhotkau v. The State of Uttar Pradesh,30240,,,
2021_8_875_894_EN,2021-10-26,Mitesh Kumar J. Sha v. The State of Karnataka & Ors.,44636,,,
2021_8_911_937_EN,2021-08-04,Surajdeo Mahto and Anr. v. The State of Bihar,62032,,,
2021_8_978_1005_EN,2021-08-02,Banka Sneha Sheela v. The State of Telangana & Ors.,64132,,,
2021_9_1086_1122_EN,2021-12-03,Sunil Todi & Ors. v. State of Gujarat & Anr.,85953,,,
2021_9_163_176_EN,2021-09-15,Mohd. Rafiq @ Kallu v. The State of Madhya Pradesh,34502,,,
2021_9_307_316_EN,2021-12-03,The State of Maharashtra v. Pankaj Jagshi Gangar,22379,,,
2021_9_317_334_EN,2021-12-01,Phool Singh v. The State of Madhya Pradesh,40975,,,
2021_9_335_350_EN,2021-12-11,State of Odisha v. Pratima Mohanty etc.,38751,,,
2021_9_372_388_EN,2021-12-07,Mohd Zahid v. State through NCB,38769,,,
2021_9_389_393_EN,2021-12-09,M/s Suvarna Cooperative Bank Ltd. v. State of Karnataka and Anr.,9368,,,
2021_9_444_450_EN,2021-12-01,Taijuddin v. State of Assam & Ors.,14729,,,
2021_9_451_468_EN,2021-12-13,Mohan @Srinivas @Seena @Tailor Seena v. The State of Karnataka,40273,,,
2021_9_469_475_EN,2021-12-14,Mirza Iqbal @ Golu & Anr. v. State of Uttar Pradesh & Anr.,16757,,,
2021_9_515_520_EN,2021-12-17,Govindan v. State Represented by the Deputy Superintendent of Police,13115,,,
2021_9_607_615_EN,2021-12-01,Ashim @ Asim Kumar Haranath Bhattacharya @ Asim Harinath Bhattacharya @ Aseem Kumar Bhattacharya v. National Investigation Agency,18500,,,
2021_9_629_642_EN,2021-12-11,Laxman Prasad Pandey v. The State of Uttar Pradesh & Anr.,33358,,,
2021_9_643_651_EN,2021-12-07,Parveen @ Sonu v. The State of Haryana,20566,,,
2021_9_678_699_EN,2021-12-09,Gulab v. State of Uttar Pradesh,47844,,,
2021_9_700_710_EN,2021-12-11,Kallu Khan v. State of Rajasthan,24089,,,
2021_9_711_724_EN,2021-12-17,Parvati Devi v. The State of Bihar Now State of Jharkhand & Ors.,31816,,,
2021_9_765_786_EN,2021-12-09,Bhagchandra v. State of Madhya Pradesh,50677,,,
2021_9_81_91_EN,2021-09-20,Bhagwan Narayan Gaikwad v. The State of Maharashtra and Ors.,25480,,,
2021_9_821_845_EN,2021-12-09,The State by S.P. through the Spe CBI v. Uttamchand Bohra,58691,,,
2021_9_866_881_EN,2021-12-17,Ram Ratan v. State of Madhya Pradesh,38234,,,
2022_10_102_126_EN,2022-11-17,Pawan Kumar Goel v. State of U. P. & Another,53613,,,
2022_10_156_189_EN,2022-12-05,Sukhpal Singh Khaira v. The State of Punjab,77425,,,
2022_10_190_197_EN,2022-11-11,Bhuri Bai v. The State of Madhya Pradesh,18159,,,
2022_10_198_214_EN,2022-08-04,Jai Prakash Tiwari v. State of Madhya Pradesh,35985,,,
2022_10_351_447_EN,2022-07-11,Satender Kumar Antil v. Central Bureau of Investigation & Anr.,218916,Satender Kumar Antil v. CBI,anticipatory bail,related
2022_10_38_50_EN,2022-11-03,"S. Kaleeswaran v. State by the Inspector of Police Pollachi Town East Police Station, Coimbatore District, Tamil Nadu",28718,,,
2022_10_465_536_EN,2022-04-22,The State of Maharashtra v. 63 Moons Technologies Ltd.,154438,,,
2022_10_827_902_EN,2022-07-11,Mohammad Irfan v. State of Karnataka,164937,,,
2022_11_140_152_EN,2022-09-02,The State of Rajasthan & Ors. v. Phool Singh,30420,,,
2022_11_166_183_EN,2022-08-30,Sanjeet Kumar Singh @ Munna Kumar Singh v. State of Chhattisgarh,38849,,,
2022_11_1_13_EN,2022-08-25,Ram Sharan Chaturvedi v. The State of Madhya Pradesh,27650,,,
2022_11_236_272_EN,2022-09-12,Mohammad Latief Magrey v. The Union Territory of Jammu and Kashmir & Ors.,80467,,,
2022_11_25_41_EN,2022-08-24,Pushpendra Kumar Sinha v. State of Jharkhand,37084,,,
2022_11_369_415_EN,2022-10-20,State of Himachal Pradesh v. Nirmal Kaur @ Nimmo and Others,108923,,,
2022_11_724_807_EN,2022-07-14,Himanshu Kumar and Others v. State of Chhattisgarh and Others,169326,,,
2022_11_80_101_EN,2022-08-24,Rajbir Singh v. The State of Punjab,50396,,,
2022_12_1035_1112_EN,2022-11-04,Ashok Kumar Singh Chandel v. State of U.P.,174795,,,
2022_12_169_195_EN,2022-07-11,Abu Salem Abdul Kayyum Ansari v. The State of Maharashtra,63506,,,
2022_12_196_222_EN,2022-07-14,Shahaja @ Shahajan Ismail Mohd. Shaikh v. State of Maharashtra,59034,,,
2022_12_257_274_EN,2022-07-11,Ravi Sharma v. State (Government of NCT of Delhi) and Anr.,37940,,,
2022_12_275_287_EN,2022-07-11,Shishpal @ Shishu v. The State (NCT of Delhi),29104,,,
2022_12_86_96_EN,2022-08-26,Munuwa @ Satish etc. v. The State of Uttar Pradesh,26175,,,
2022_13_1011_1026_EN,2022-10-17,Gurmail Singh & Anr. v. State of Uttar Pradesh & Anr.,37210,,,
2022_13_1027_1032_EN,2022-10-21,Mohd. Firoz v. State of Madhya Pradesh,12051,,,
2022_13_1033_1063_EN,2022-10-31,The State of Jharkhand v. Shailendra Kumar Rai @ Pandav Rai,66101,,,
2022_13_1064_1072_EN,2022-10-31,Directorate of Enforcement v. Padmanabhan Kishore,18406,,,
2022_13_1129_1140_EN,2022-09-30,Shri Chatrapati Shivaji Gaushala v. State of Maharashtra and Others,25610,,,
2022_13_138_149_EN,2022-08-11,Ram Niwas v. State of Haryana,24870,,,
2022_13_150_173_EN,2022-08-08,Varsha Garg v. The State of Madhya Pradesh & Ors.,53380,,,
2022_13_196_206_EN,2022-07-12,Jarnail Singh & Anr. v. State of Punjab,22885,,,
2022_13_21_33_EN,2022-08-10,Khema @ Khem Chandra etc. v. State of Uttar Pradesh,28090,,,
2022_13_239_249_EN,2022-07-12,Sadhna Chaudhary v. The State of Rajasthan & Anr.,22807,,,
2022_13_295_322_EN,2022-07-29,Daxaben v. The State of Gujarat & Ors.,58853,,,
2022_13_357_366_EN,2022-08-16,Makhan Singh v. The State of Haryana,21715,,,
2022_13_367_402_EN,2022-09-23,Jigar @ Jimmy Pravinchandra Adatiya v. State of Gujarat,81794,,,
2022_13_403_414_EN,2022-07-28,Shiv Kumar Sharma v. State of Rajasthan,26862,,,
2022_13_415_436_EN,2022-09-30,Munikrishna @ Krishna etc. v. State by Ulsoor Ps,49318,,,
2022_13_484_501_EN,2022-09-30,Sushanta Kumar Banik v. State of Tripura & Ors.,38304,,,
2022_14_478_502_EN,2022-12-08,T.P. Gopalakrishnan v. State of Kerala,57895,,,
2022_14_503_518_EN,2022-07-12,Ajmal v. The State of Kerala,34207,,,
2022_14_538_565_EN,2022-07-11,State of West Bengal v. Rakesh Singh @ Rakesh Kumar Singh,67777,,,
2022_14_566_572_EN,2022-12-12,Chandi Puliya v. The State of West Bengal,16147,,,
2022_14_828_888_EN,2022-10-13,Subramanya v. State of Karnataka,133407,,,
2022_14_889_910_EN,2022-10-12,Mariano Anto Bruno & Anr. v. The Inspector of Police,46863,,,
2022_15_137_181_EN,2022-04-12,Sanjay Gupta & Ors. v. State of Uttar Pradesh through Its Chief Secretary & Ors.,103032,,,
2022_15_265_286_EN,2022-11-07,P. Ponnusamy v. The State of Tamil Nadu,51234,,,
2022_15_324_357_EN,2022-06-16,Ms. P Xxx v. State of Uttarakhand & Anr.,82018,,,
2022_15_384_401_EN,2022-07-11,State Bank of India and Ors. v. Dr. Vijay Mallya,39584,,,
2022_15_633_641_EN,2022-10-14,State through the Inspector of Police v. Laly @ Manikandan & Another Etc,21153,,,
2022_15_656_663_EN,2022-10-10,Gali Janardhan Reddy v. The State of Andhra Pradesh,16896,,,
2022_15_692_729_EN,2022-10-12,Devendra Nath Singh v. State of Bihar & Ors.,90511,,,
2022_15_760_772_EN,2022-10-19,The State of Manipur & Ors. v. Buyamayum Abdul Hanan @ Anand & Anr.,27525,,,
2022_15_773_799_EN,2022-10-17,Md. Jabbar Ali & Ors. v. The State of Assam,63523,,,
2022_15_841_846_EN,2022-12-02,Pramod Singh Kirar v. State of Madhya Pradesh & Ors.,12726,,,
2022_16_113_125_EN,2022-12-16,Hasmukhlal D. Vora & Anr. v. The State of Tamil Nadu,26688,,,
2022_16_188_199_EN,2022-09-14,Kanchan Kumar v. The State of Bihar,26230,,,
2022_16_322_348_EN,2022-02-18,"Hotel Priya, a Proprietorship v. State of Maharashtra & Ors.",61845,,,
2022_16_51_55_EN,2022-12-16,Iqram v. The State of Uttar Pradesh & Ors.,10392,,,
2022_16_56_72_EN,2022-12-14,Kalicharan & Ors. v. State of Uttar Pradesh,37635,,,
2022_16_635_641_EN,2022-12-02,Central Bureau of Investigation v. P.S. Jayaprakash etc. etc.,15256,,,
2022_16_73_81_EN,2022-12-07,The State of Rajasthan v. Gurbachan Singh & Others,21317,,,
2022_16_743_854_EN,2022-06-24,Manoj Pratap Singh v. The State of Rajasthan,272485,,,
2022_16_82_98_EN,2022-07-27,Prahlad v. State of Madhya Pradesh & Anr.,36797,,,
2022_16_886_896_EN,2022-03-08,Desh Deepak Kumar Vihangam@ Deepak Kumar v. The State of Bihar,24552,,,
2022_16_967_1001_EN,2022-02-04,Rajesh Yadav & Anr. v. State of U.P.,72401,,,
2022_16_99_112_EN,2022-12-16,Rajaram v. State of Madhya Pradesh & Ors.,30218,,,
2022_17_151_172_EN,2022-07-11,"Commissioner of Customs and Central Excise, Amritsar (Punjab) v. M/s D.L. Steels Etc",49013,,,
2022_17_622_636_EN,2022-04-26,Shraddha Gupta v. The State of Uttar Pradesh and Others,34441,,,
2022_17_765_801_EN,2022-12-15,The State of Gujarat v. Sandip Omprakash Gupta,82879,,,
2022_18_1144_1173_EN,2022-11-07,State of Jharkhand v. Shiv Shankar Sharma and Ors.,69800,,,
2022_18_163_179_EN,2022-08-05,Xyz v. State of Madhya Pradesh & Ors.,37383,,,
2022_18_311_325_EN,2022-10-31,Aroon Purie v. State of NCT of Delhi & Ors.,32955,,,
2022_18_494_515_EN,2022-07-20,Mohammed Zubair v. State of NCT of Delhi & Ors.,49345,,,
2022_18_721_761_EN,2022-10-13,Md. Anowar Hussain v. State of Assam,93717,,,
2022_19_1226_1354_EN,2022-02-07,State of Andhra Pradesh (Now State of Telangana) v. A. P. State Wakf Board & Ors.,291169,,,
2022_19_168_201_EN,2022-04-19,Mohd. Firoz v. State of Madhya Pradesh,79683,,,
2022_19_271_280_EN,2022-09-23,Aminuddin v. State of Uttar Pradesh & Anr.,20798,,,
2022_19_563_582_EN,2022-10-11,"Vijay Rajmohan v. State Represented by the Inspector of Police, CBI, Acb, Chennai, Tamil Nadu",49733,,,
2022_1_1020_1023_EN,2022-01-25,Dayalu Kashyap v. The State of Chhattisgarh,7512,,,
2022_1_1052_1055_EN,2022-01-31,Mata Prasad v. The State of U.P. & Anr.,8760,,,
2022_1_1083_1099_EN,2022-02-08,Nawabuddin v. State of Uttarakhand,40280,,,
2022_1_1137_1149_EN,2022-02-15,Satye Singh & Another v. State of Uttarakhand,27653,,,
2022_1_1163_1176_EN,2022-02-01,State of U.P. v. Veerpal & Anr.,32736,,,
2022_1_148_159_EN,2022-01-03,Maharashtra State Road Transport Corporation v. Dilip Uttam Jayabhay,28712,,,
2022_1_215_222_EN,2022-01-19,State of U.P. v. Jai Dutt and Anr.,17606,,,
2022_1_223_228_EN,2022-01-11,Meera v. State by the Inspector of Police Thiruvotriyur Police Station Chennai,13845,,,
2022_1_229_239_EN,2022-01-25,Sunil Kumar v. The State of Bihar and Anr.,24907,,,
2022_1_28_104_EN,2022-01-07,State of Uttar Pradesh & Ors. v. Atul Kumar Dwivedi & Ors.,164906,,,
2022_1_422_427_EN,2022-01-10,State by (Ncb) Bengaluru v. Pallulabid Ahmad Arimutta & Anr.,14446,,,
2022_1_428_442_EN,2022-01-18,Geeta Devi v. State of U.P. & Ors.,32334,,,
2022_1_443_467_EN,2022-01-11,Smruti Tukaram Badade v. State of Maharashtra & Anr.,18226,,,
2022_1_473_478_EN,2022-01-03,Rajendra Bhagat v. State of Jharkhand & Anr.,12108,,,
2022_1_509_513_EN,2022-02-03,Smt. Rekha Jain and Anr. v. The State of Uttar Pradesh and Ors.,10779,,,
2022_1_514_522_EN,2022-02-01,Vasudev v. State of M.P.,20239,,,
2022_1_529_544_EN,2022-02-04,The State of Uttarakhand v. Sachendra Singh Rawat,36160,,,
2022_1_558_569_EN,2022-02-08,Kahkashan Kausar @ Sonam & Ors. v. State of Bihar & Ors.,24741,,,
2022_1_696_699_EN,2022-02-10,Sharafat Ali v. State of Uttar Pradesh and Another,6815,,,
2022_1_715_720_EN,2022-02-23,"Registrar General, High Court of Judicature at Madras v. The State, Represented by the Inspector of Police, Central Crime Branch, Chennai & Another",13258,,,
2022_1_754_760_EN,2022-03-09,State of M.P. v. Ramji Lal Sharma & Anr.,16262,,,
2022_1_882_883_EN,2022-03-07,Yeruva Sayireddy v. The State of Andhra Pradesh & Anr.,4019,,,
2022_1_884_912_EN,2022-03-22,Vijay Kumar Ghai & Ors. v. The State of West Bengal & Ors.,60419,,,
2022_1_990_997_EN,2022-01-25,Manno Lal Jaiswal v. The State of Uttar Pradesh & Anr.,17751,,,
2022_2_102_113_EN,2022-02-25,Waheed-Ur-Rehman Parra v. Union Territory of Jammu & Kashmir,27542,,,
2022_2_13_101_EN,2022-02-09,Pappu v. The State of Uttar Pradesh,210256,,,
2022_2_1_12_EN,2022-02-03,Suryavir v. State of Haryana,24298,,,
2022_2_258_267_EN,2022-02-01,Subhash v. State of Uttar Pradesh,20140,,,
2022_2_295_315_EN,2022-01-11,State of Madhya Pradesh v. Jogendra & Anr.,46678,,,
2022_2_433_454_EN,2022-02-16,Krishnamurthy @ Gunodu and Others v. State of Karnataka,51075,,,
2022_2_473_486_EN,2022-03-02,Karan Singh v. The State of Uttar Pradesh & Ors.,29046,,,
2022_2_501_512_EN,2022-03-07,M. Nageswara Reddy v. The State of Andhra Pradesh and Others,27993,,,
2022_2_574_590_EN,2022-03-22,The State of Karnataka & Anr. v. Umesh,37422,,,
2022_2_647_672_EN,2022-01-07,Jasdeep Singh @ Jassu v. State of Punjab,57489,,,
2022_2_694_706_EN,2022-01-18,Ishwarji Nagaji Mali v. State of Gujarat and Another,29439,,,
2022_2_795_813_EN,2022-03-16,Nahar Singh v. The State of Uttar Pradesh & Anr.,42853,,,
2022_2_859_863_EN,2022-03-10,Puran Mal v. State of Haryana & Anr.,10883,,,
2022_2_864_875_EN,2022-03-29,Rajesh Gupta v. State through Central Bureau of Investigation,27731,,,
2022_2_925_960_EN,2022-03-21,Gangadhar Narayan Nayak @ Gangadhar Hiregutti v. State of Karnataka & Ors.,80962,,,
2022_2_961_968_EN,2022-03-29,Tarlochan Singh @ Rana v. State of Punjab,15823,,,
2022_2_969_989_EN,2022-03-14,Sri Narendra Kumar A. Baldota v. The State of Karnataka,43837,,,
2022_3_101_106_EN,2022-04-11,Jahir Hak v. The State of Rajasthan,13336,,,
2022_3_1046_1080_EN,2022-01-07,Rajesh Prasad v. The State of Bihar and Anr. etc.,79138,,,
2022_3_1111_1131_EN,2022-02-21,Sunil Kumar Rai & Ors. v. The State of Bihar & Ors.,47008,,,
2022_3_1132_1147_EN,2022-03-03,Sukhdarshan Singh v. The State of Punjab & Ors.,36267,,,
2022_3_128_133_EN,2022-04-11,Jeetu Khatik v. State of Chhattisgarh,11023,,,
2022_3_1_4_EN,2022-04-04,Som Dutt & Ors. v. The State of Himachal Pradesh,7726,,,
2022_3_270_275_EN,2022-05-17,Satish Kumar Jatav v. The State of U.P. & Ors.,13841,,,
2022_3_27_39_EN,2022-04-19,Ms.Y v. State of Rajasthan and Anr.,27612,,,
2022_3_290_296_EN,2022-05-20,M/s Knit Pro International v. The State of NCT of Delhi & Anr.,12717,,,
2022_3_311_322_EN,2022-03-04,Abdul Vahab v. State of Madhya Pradesh,27780,,,
2022_3_336_355_EN,2022-04-20,Ramveer Upadhyay & Anr. v. State of U.P. & Anr.,42392,,,
2022_3_366_380_EN,2022-05-27,Chandrapal v. State of Chhattisgarh (Earlier M.P.),34082,,,
2022_3_548_552_EN,2022-05-24,Mamta & Anr. v. The State (NCT of Delhi) & Anr.,9159,,,
2022_3_558_562_EN,2022-05-10,Rekha Jain v. The State of Karnataka & Anr.,9877,,,
2022_3_5_21_EN,2022-04-04,Mallada K Sri Ram v. The State of Telangana & Ors.,38917,,,
2022_3_698_715_EN,2022-05-05,J. Sekar @Sekar Reddy v. Directorate of Enforcement,36327,,,
2022_3_823_841_EN,2022-05-05,Ms. P v. The State of Madhya Pradesh and Another,39804,,,
2022_3_899_961_EN,2022-01-05,State of UP through Secretary (Excise) & Ors. v. M/s Mcdowell and Company Limited,149718,,,
2022_3_962_976_EN,2022-01-21,Musstt Rehana Begum v. State of Assam & Anr.,32649,,,
2022_4_1023_1036_EN,2022-04-22,Anuj Singh @ Ramanuj Singh @ Seth Singh v. The State of Bihar,29306,,,
2022_4_1037_1049_EN,2022-04-21,Devender Singh & Ors. v. The State of Uttarakhand,31522,,,
2022_4_1103_1127_EN,2022-04-22,Ram Chander v. The State of Chhattisgarh & Anr.,55626,,,
2022_4_1128_1170_EN,2022-05-20,Abhishek v. State of Maharashtra & Ors.,99558,,,
2022_4_1_22_EN,2022-05-20,Deepak Yadav v. State of U.P. & Anr.,44347,,,
2022_4_225_275_EN,2022-05-13,Veerendra v. State of Madhya Pradesh,122291,,,
2022_4_23_45_EN,2022-05-13,Meena Devi v. The State of U.P. and Another,48215,,,
2022_4_276_286_EN,2022-05-20,Sabitri Samantaray v. State of Odisha,24137,,,
2022_4_556_588_EN,2022-04-19,Venkatesh @ Chandra & Anr. Etc v. State of Karnataka,73235,,,
2022_4_589_605_EN,2022-05-04,Ravinder Singh @ Kaku v. State of Punjab,38364,,,
2022_4_675_691_EN,2022-05-13,Surendran v. State of Kerela,38600,,,
2022_4_692_706_EN,2022-05-11,State of Rajasthan & Ors. v. Chetan Jeff,35224,,,
2022_4_827_834_EN,2022-08-10,Ramabora @ Ramaboraiah & Anr. v. State of Karnataka,17834,,,
2022_4_835_839_EN,2022-09-15,Yashpal Singh v. State of Uttar Pradesh & Anr.,10862,,,
2022_4_989_1001_EN,2022-04-26,Rathish Babu Unnikrishnan v. The State (Govt. of NCT of Delhi) & Anr.,27977,,,
2022_5_104_161_EN,2022-12-15,Neeraj Dutta v. State (Govt. of N.C.T. of Delhi),134430,,,
2022_5_162_231_EN,2022-10-13,Ramanand @ Nandlal Bharti v. State of Uttar Pradesh,157569,,,
2022_5_426_578_EN,2022-10-13,Aishat Shifa v. The State of Karnataka & Ors.,353190,,,
2022_5_613_628_EN,2022-04-08,State of Rajasthan v. Banwari Lal and Another,35745,,,
2022_5_721_759_EN,2022-04-22,Jafarudheen & Ors. v. State of Kerala,84635,,,
2022_5_832_848_EN,2022-04-01,The State of Uttar Pradesh v. Subhash @ Pappu,37153,,,
2022_5_863_888_EN,2022-06-02,Uttam v. The State of Maharashtra,59162,,,
2022_6_1108_1120_EN,2022-08-04,Honnaiah T.H. v. State of Karnataka and Others,29341,,,
2022_6_1132_1137_EN,2022-08-11,Wyeth Limited & Ors. v. State of Bihar & Anr.,12569,,,
2022_6_1151_1160_EN,2022-08-30,Dibaker Nunia & Anr. v. The State of Assam,23392,,,
2022_6_1_381_EN,2022-06-24,Zakia Ahsan Jafri v. State of Gujarat & Anr.,829453,,,
2022_6_737_746_EN,2022-06-03,Mahendra Singh and Ors. v. State of M.P.,20858,,,
2022_6_763_771_EN,2022-07-14,Dhananjay Rai @ Guddu Rai v. State of Bihar,17135,,,
2022_6_772_784_EN,2022-07-11,State of Uttar Pradesh & Anr. v. Akhil Sharda & Ors.,27592,,,
2022_6_800_809_EN,2022-06-16,Major Singh v. State of Punjab & Anr.,20887,,,
2022_6_853_859_EN,2022-08-02,Siddharth Mukesh Bhandari v. The State of Gujarat and Anr.,14800,,,
2022_6_971_978_EN,2022-07-11,Hajabhai Rajashibhai Odedara v. State of Gujarat,17497,,,
2022_6_989_1000_EN,2022-07-15,Mekala Sivaiah v. The State of Andhra Pradesh,23866,,,
2022_7_1005_1047_EN,2022-05-10,Nedumpilli Finance Company Limited v. State of Kerala & Ors.,83650,,,
2022_7_1048_1066_EN,2022-05-18,"A.G. Perarivalan v. State, through Superintendent of Police Cbi/Sit/ Mmda, Chennai, Tamil Nadu and Anr.",45884,,,
2022_7_1176_1190_EN,2022-05-09,Bhola Kumhar v. State of Chhattisgarh,32524,,,
2022_7_138_140_EN,2022-07-25,Kanchan Kumari v. The State of Bihar & Anr.,5049,,,
2022_7_156_164_EN,2022-08-12,Shambhu Kharwar v. State of Uttar Pradesh & Anr.,17744,,,
2022_7_178_183_EN,2022-07-28,Sanjay Puran Bagde & Anr. v. The State of Maharashtra,11781,,,
2022_7_190_194_EN,2022-09-07,Chaitu Gowala and Another v. The State of Assam,10422,,,
2022_7_210_217_EN,2022-09-13,Chherturam @ Chainu v. State of Chhattisgarh,15374,,,
2022_7_241_250_EN,2022-09-19,Raju @ Rajendra Prasad v. State of Rajasthan,22552,,,
2022_7_283_285_EN,2022-09-30,Bohatti Devi v. The State of Uttar Pradesh & Anr.,4997,,,
2022_7_337_342_EN,2022-09-08,The State of Haryana v. Anand Kindo & Anr. etc.,13517,,,
2022_7_367_377_EN,2022-09-15,Vijaya v. State Rep by the Inspector of Police,22902,,,
2022_7_451_463_EN,2022-07-11,Amrik Singh v. The State of Punjab,29947,,,
2022_7_464_472_EN,2022-07-11,Virendra v. State of Madhya Pradesh,18874,,,
2022_7_487_489_EN,2022-09-02,The State of Madhya Pradesh v. Nandu @ Nandua,6077,,,
2022_7_493_504_EN,2022-09-07,Shiv Kumar v. The State of Madhya Pradesh,26957,,,
2022_7_5_19_EN,2022-08-02,Dauvaram Nirmalkar v. State of Chhattisgarh,34550,,,
2022_7_600_610_EN,2022-07-19,Narcotics Control Bureau v. Mohit Aggarwal,22672,,,
2022_7_630_685_EN,2022-09-05,State through Deputy Superintendent of Police v. R. Soundirarasu etc.,125012,,,
2022_7_686_754_EN,2022-09-29,"X v. The Principal Secretary, Health and Family Welfare Department, Govt. of NCT of Delhi & Anr.",160116,,,
2022_7_792_832_EN,2022-11-03,Mohd. Arif @ Ashfaq v. State (NCT of Delhi),90055,,,
2022_8_1166_1188_EN,2022-04-29,Atbir v. State of NCT of Delhi,51257,,,
2022_8_121_134_EN,2022-01-31,Pappu Tiwary v. State of Jharkhand,32839,,,
2022_8_19_34_EN,2022-01-28,Centrum Financial Services Limited v. State of NCT of Delhi and Anr.,35912,,,
2022_8_1_18_EN,2022-01-18,Bhagwani v. The State of Madhya Pradesh,41977,,,
2022_8_242_278_EN,2022-02-01,The State of Sikkim v. Jasbir Singh & Anr.,87703,,,
2022_8_349_402_EN,2022-11-16,The State of Jammu & Kashmir (Now U.T. of Jammu & Kashmir) & Ors. v. Shubam Sangra,115861,,,
2022_8_35_50_EN,2022-01-28,Deepak S/O Laxman Dongre v. The State of Maharashtra & Ors.,37135,,,
2022_8_599_627_EN,2022-11-11,Gireesan Nair & Ors. etc. v. State of Kerala,65193,,,
2022_8_745_755_EN,2022-11-29,Suneetha Narreddy & Another v. The Central Bureau of Investigation and Others,25962,,,
2022_8_821_836_EN,2022-11-02,The State of Maharashtra & Anr. v. Dr. Maroti S/O Kashinath Pimpalkar,37030,,,
2022_8_847_853_EN,2022-11-24,V. P. Singh Etc v. The State of Punjab & Ors.,15031,,,
2022_8_854_871_EN,2022-11-11,Istkar v. The State of Uttar Pradesh & Anr.,38970,,,
2022_9_1129_1161_EN,2022-11-07,Rahul v. State of Delhi Ministry of Home Affairs & Anr.,75717,,,
2022_9_150_206_EN,2022-08-24,Zakir Abdul Mirajkar v. The State of Maharashtra & Ors.,108290,,,
2022_9_43_84_EN,2022-12-15,Gohar Mohammed v. Uttar Pradesh State Road Transport Corporation & Others,94733,,,
2022_9_452_580_EN,2022-05-20,Manoj & Ors. v. State of Madhya Pradesh,305901,,,
2022_9_601_633_EN,2022-09-28,Chotkau v. State of Uttar Pradesh,73052,,,
2022_9_836_884_EN,2022-09-12,Vinod Katara v. State of Uttar Pradesh,107313,,,
2023_10_1021_1032_EN,2023-07-05,Pradeep v. The State of Haryana,27043,,,
2023_10_1033_1048_EN,2023-07-05,Pritinder Singh @ Lovely v. The State of Punjab,34226,,,
2023_10_1049_1082_EN,2023-07-12,State of Orissa & Anr. v. Laxmi Narayan Das (Dead) Thr. LRs. & Ors.,73857,,,
2023_10_1091_1132_EN,2023-07-20,Anbazhagan v. The State Represented by the Inspector of Police,94886,,,
2023_10_1147_1154_EN,2023-07-19,Teesta Atul Setalvad v. State of Gujarat,17311,,,
2023_10_1184_1195_EN,2023-07-31,Md. Asfak Alam v. The State of Jharkhand & Anr.,25771,,,
2023_10_1196_1220_EN,2023-07-18,Yashodhan Singh & Ors. v. The State of Uttar Pradesh & Anr.,59464,,,
2023_10_11_73_EN,2023-06-15,A. Srinivasulu v. The State Rep. by the Inspector of Police,138852,,,
2023_10_1_10_EN,2023-06-21,State of Punjab v. Kewal Krishan,21761,,,
2023_10_411_426_EN,2023-07-07,Pratibha Manchanda & Anr. v. State of Haryana & Anr.,35770,,,
2023_10_464_477_EN,2023-07-17,Central Bureau of Investigation v. Shyam Bihari & Others,33934,,,
2023_10_478_492_EN,2023-07-18,P. Yuvaprakash v. State Rep. by Inspector of Police,34562,,,
2023_10_502_516_EN,2023-07-24,Rohit Bishnoi v. The State of Rajasthan & Anr.,33524,,,
2023_10_517_532_EN,2023-07-12,Mangilal v. The State of Madhya Pradesh,36071,,,
2023_10_713_723_EN,2023-07-17,"Arvind Kumar v. State of NCT, Delhi",24499,,,
2023_10_74_82_EN,2023-07-03,Uggarsain v. The State of Haryana & Ors.,20841,,,
2023_10_758_774_EN,2023-07-20,Shatrughan v. The State of Chhattisgarh,37306,,,
2023_10_842_847_EN,2023-07-24,The State of West Bengal & Ors. v. Suvendu Adhikari & Ors.,11625,,,
2023_10_867_912_EN,2023-07-28,Vernon v. The State of Maharashtra & Anr.,105646,,,
2023_10_986_992_EN,2023-06-22,Davinder Singh v. State of Punjab,16186,,,
2023_10_993_1000_EN,2023-07-05,State of U.P v. Sonu Kushwaha,16579,,,
2023_11_1005_1063_EN,2023-09-04,Munna Pandey v. State of Bihar,132395,,,
2023_11_1135_1146_EN,2023-07-26,Suresh Thipmppa Shetty v. The State of Maharashtra,24621,,,
2023_11_19_33_EN,2023-08-03,State of Karnataka Lokayukta Police v. S. Subbegowda,33120,,,
2023_11_246_263_EN,2023-08-11,Manoj Kumar Soni v. The State of Madhya Pradesh,39266,,,
2023_11_313_347_EN,2023-08-08,Mohammad Wajid and Anr. v. State of U.P. and Ors.,73539,,,
2023_11_34_38_EN,2023-08-02,Kishore Balkrishna Nand v. State of Maharashtra & Anr.,8564,,,
2023_11_39_48_EN,2023-08-02,Wazir Khan v. State of Uttarakhand,21804,,,
2023_11_403_468_EN,2023-08-18,Harendra Rai v. The State of Bihar & Ors.,146714,,,
2023_11_484_506_EN,2023-08-25,Rajo @ Rajwa @ Rajendra Mandal v. The State of Bihar & Ors.,51953,,,
2023_11_49_57_EN,2023-08-07,Kamal v. State (NCT of Delhi),17054,,,
2023_11_507_519_EN,2023-08-31,Abhishek v. State of Madhya Pradesh,29645,,,
2023_11_520_582_EN,2023-08-16,Pesala Nookaraju v. The Government of Andhra Pradesh & Ors.,140735,,,
2023_11_583_586_EN,2023-09-01,Harendra Rai v. The State of Bihar and Ors.,7504,,,
2023_11_58_75_EN,2023-08-08,Salib @ Shalu @ Salim v. State of U.P. and Ors.,38823,,,
2023_11_613_622_EN,2023-08-22,State of West Bengal & Ors. v. Mitul Kumar Jana,22255,,,
2023_11_705_714_EN,2023-08-29,State of Haryana v. Dharamraj,21406,,,
2023_11_715_722_EN,2023-08-29,Zunaid v. State of UP. & Ors.,15362,,,
2023_11_723_730_EN,2023-08-29,Satbir Singh v. State of Haryana & Ors.,15870,,,
2023_11_789_821_EN,2023-08-23,Irfan @ Naka v. The State of Uttar Pradesh,67587,,,
2023_11_845_860_EN,2023-09-06,N. Ramkumar v. The State Rep. by Inspector of Police,36865,,,
2023_11_861_885_EN,2023-08-08,Krishan Kumar and Anr. v. The State of Haryana,56481,,,
2023_11_886_936_EN,2023-08-24,Mukesh Singh v. The State (NCT of Delhi),112638,,,
2023_11_958_1004_EN,2023-09-04,Ameena Begum v. The State of Telangana & Ors.,108569,,,
2023_11_95_107_EN,2023-08-11,Sathyan v. State of Kerala,27311,,,
2023_12_138_149_EN,2023-09-05,Harilal etc. v. State of Madhya Pradesh (Now Chhattisgarh),26288,,,
2023_12_197_219_EN,2023-09-11,Religare Finvest Limited v. State of NCT of Delhi & Anr.,47797,,,
2023_12_220_234_EN,2023-09-13,Javed Shaukat Ali Qureshi v. State of Gujarat,31941,,,
2023_12_250_253_EN,2023-09-05,Makkella Nagaiah v. The State of Andhra Pradesh,7191,,,
2023_12_370_380_EN,2023-09-13,People’S Union for Civil Liberties and Anr. v. The State of Maharashtra and Ors.,20698,,,
2023_12_381_413_EN,2023-09-21,Sunil v. State of NCT of Delhi,73110,,,
2023_12_433_440_EN,2023-09-21,P. Sarangapani (Dead) Thr. Lr Paka Saroja v. State of Andhra Pradesh,16146,,,
2023_12_505_524_EN,2023-09-21,Joseph v. The State of Kerala & Ors.,41258,,,
2023_12_55_67_EN,2023-09-06,R. Sreenivasa v. State of Karnataka,26884,,,
2023_12_578_589_EN,2023-09-13,Rupesh Manger (Thapa) v. State of Sikkim,25008,,,
2023_12_793_802_EN,2023-09-27,Phulel Singh v. State of Harayana,22522,,,
2023_12_815_852_EN,2023-10-06,Balvir Singh v. State of Uttarakhand,84812,,,
2023_12_853_931_EN,2023-08-07,V. Senthil Balaji v. The State Represented by Deputy Director and Ors.,171530,,,
2023_13_1049_1070_EN,2023-11-29,Pavana Dibbur v. The Directorate of Enforcement,48227,,,
2023_13_1071_1089_EN,2023-11-28,Vishnu Kumar Shukla & Anr. v. The State of Uttar Pradesh & Anr.,43647,,,
2023_13_1157_1180_EN,2023-10-13,Harvinder Singh @ Bachhu v. The State of Himachal Pradesh,50970,,,
2023_13_172_209_EN,2023-10-06,"Commissioner of Customs (Imports), Mumbai v. M/s Ganpati Overseas through Its Proprietor Shri Yashpal Sharma & Anr.",90957,,,
2023_13_1_52_EN,2023-09-11,CBI v. R.R. Kishore,113080,,,
2023_13_289_370_EN,2023-10-06,Ranjan Kumar Chadha v. State of Himachal Pradesh,192278,,,
2023_13_761_770_EN,2023-10-09,Chandra Pratap Singh v. State of M.P,20291,,,
2023_13_771_787_EN,2023-10-09,Naresh @ Nehru v. State of Haryana,37260,,,
2023_13_810_820_EN,2023-10-10,Kamal Prasad & Ors. v. The State of Madhya Pradesh (Now State of Chhattisgarh),22048,,,
2023_13_847_860_EN,2023-10-09,State of Gujarat v. Dilipsinh Kishorsinh Rao,28862,,,
2023_14_100_122_EN,2023-09-22,Balwinder Singh (Binda) v. The Narcotics Control Bureau,49803,,,
2023_14_1073_1082_EN,2023-10-20,Manmohan Gopal v. The State of Chhattisgarh & Anr.,22044,,,
2023_14_173_180_EN,2023-11-01,Anil Kumar v. The State of Kerala,15199,,,
2023_14_181_185_EN,2023-10-30,Purushothaman v. State of Tamil Nadu,8128,,,
2023_14_186_198_EN,2023-11-03,Parshuram v. State of M.P.,26939,,,
2023_14_214_229_EN,2023-11-07,Hariprasad @ Kishan Sahu v. State of Chhattisgarh,35801,,,
2023_14_230_239_EN,2023-11-06,State of Karnataka v. T. Naseer @ Nasir @ Thandiantavida Naseer @ Umarhazi @ Hazi & Ors.,20615,,,
2023_14_306_319_EN,2023-08-25,Central Bureau of Investigation v. Narottam Dhakad & Anr.,30321,,,
2023_14_386_393_EN,2023-09-04,Pramod Kumar Mishra v. The State of U.P.,14869,,,
2023_14_412_423_EN,2023-09-06,K. Hymavathi v. The State of Andhra Pradesh & Anr.,25016,,,
2023_14_438_456_EN,2023-09-20,The State of Madhya Pradesh and Others v. Bhupendra Yadav,39873,,,
2023_14_457_463_EN,2023-03-21,Nagaraj Reddy v. State of Tamil Nadu,14356,,,
2023_14_47_54_EN,2023-09-26,H. D. Sundara & Ors. v. State of Karnataka,15247,,,
2023_14_55_61_EN,2023-10-30,Bhisham Lal Verma v. State of Uttar Pradesh and Another,13561,,,
2023_14_727_760_EN,2023-11-06,Manjunath & Ors. v. State of Karnataka,68716,,,
2023_14_74_84_EN,2023-10-30,Manak Chand @ Mani v. The State of Haryana,23823,,,
2023_14_787_795_EN,2023-10-12,Kamalakar v. State of Karnataka,18303,,,
2023_14_813_833_EN,2023-11-20,Tarun Kumar v. Assistant Director Directorate of Enforcement,45292,,,
2023_14_834_841_EN,2023-11-03,Markash Jajara v. The State of Assam & Anr.,16194,,,
2023_14_849_855_EN,2023-11-28,"Sivamani and Anr. v. State Represented by Inspector of Police, Vellore Taluk Police Station, Vellore District",13665,,,
2023_14_85_99_EN,2023-10-30,Birbal Nath v. The State of Rajasthan & Ors.,33240,,,
2023_14_890_913_EN,2023-10-18,Abhishek Sharma v. State (Govt. of NCT of Delhi),46280,,,
2023_14_959_976_EN,2023-10-19,Indrakunwar v. The State of Chhattisgarh,36999,,,
2023_14_977_994_EN,2023-10-19,Naveen @ Ajay v. The State of Madhya Pradesh,35096,,,
2023_15_1067_1073_EN,2023-12-01,Shashikant Sharma & Ors. v. State of Uttar Pradesh & Anr.,15483,,,
2023_15_1074_1080_EN,2023-11-24,Mariappan v. State Rep. by Inspector of Police,14693,,,
2023_15_1_27_EN,2023-09-21,Rajesh & Anr. v. The State of Madhya Pradesh,62773,,,
2023_15_213_217_EN,2023-10-16,Ambalal Parihar v. State of Rajasthan & Ors.,8876,,,
2023_15_241_260_EN,2023-11-09,Sajeev v. State of Kerala,39826,,,
2023_15_261_279_EN,2023-11-21,Pawan Kumar v. State of Uttar Pradesh & Ors.,42129,,,
2023_15_325_331_EN,2023-08-28,Ilavarasan v. The Superitendent of Police & Ors.,15227,,,
2023_15_332_343_EN,2023-09-13,Buddhadeb Saha & Ors. v. The State of West Bengal,23523,,,
2023_15_480_512_EN,2023-10-30,Manish Sisodia v. Central Bureau of Investigation,70164,,,
2023_15_525_589_EN,2023-11-20,Priya Indoria v. State of Karnataka and Ors. etc.,143505,,,
2023_15_808_820_EN,2023-12-04,Ram Lal v. State of Rajasthan & Ors.,28620,,,
2023_15_83_96_EN,2023-10-09,Sanjit Saha & Anr. v. The State of West Bengal,27590,,,
2023_15_848_865_EN,2023-12-14,Saumya Chaurasia v. Directorate of Enforcement,39076,,,
2023_15_923_947_EN,2023-10-19,Paranagouda and Another v. The State of Karnataka and Another,58376,,,
2023_16_1126_1132_EN,2023-11-28,Abhishek Saxena v. The State of Uttar Pradesh & Anr.,13594,,,
2023_16_1133_1135_EN,2023-04-24,Enforcement Directorate Government of India v. Kapil Wadhawan & Anr. Etc,3839,,,
2023_16_435_456_EN,2023-11-29,Amandeep Singh Saran v. State of Chhattisgarh,46727,,,
2023_16_551_561_EN,2023-12-14,Manik Hiru Jhangiani v. State of M.P,23751,,,
2023_16_743_764_EN,2023-12-15,Ram Kishor Arora v. Directorate of Enforcement,47824,,,
2023_16_765_812_EN,2023-11-09,Madan v. State of Uttar Pradesh,104406,,,
2023_16_969_1025_EN,2023-12-14,Afjal Ansari v. State of UP,132776,,,
2023_1_1029_1034_EN,2023-01-05,Rohan Dhungat etc. v. The State of Goa & Ors. etc.,12895,,,
2023_1_1061_1078_EN,2023-01-30,Naim Ahamed v. State (NCT of Delhi),42782,,,
2023_1_1105_1110_EN,2023-01-30,Sunil Saini & Ors. v. The State of Haryana & Ors.,11700,,,
2023_1_241_260_EN,2023-01-24,Prasad Pradhan & Anr. v. The State of Chhattisgarh,50016,,,
2023_1_279_288_EN,2023-01-19,"John Anthonisamy @ John v. State, Rep. by the Inspector of Police",21870,,,
2023_1_289_292_EN,2023-01-24,Talat Sanvi v. State of Jharkhand & Anr.,7354,,,
2023_1_335_354_EN,2023-01-12,Boby v. State of Kerala,43452,,,
2023_1_375_384_EN,2023-01-12,Mohinder Pal and Others v. State of J & K,20528,,,
2023_1_501_506_EN,2023-01-16,Bimla Tiwari v. State of Bihar & Ors.,11534,,,
2023_1_595_600_EN,2023-01-13,Jaswant Singh & Ors. v. The State of Chhattisgarh & Anr.,13039,,,
2023_1_741_764_EN,2023-01-16,The State through Central Bureau of Investigation v. T. Gangi Reddy @ Yerra Gangi Reddy,58867,,,
2023_1_823_840_EN,2023-01-12,Prakash Nayi @ Sen v. State of Goa,41139,,,
2023_1_841_864_EN,2023-01-12,Ranvir Singh etc. etc. v. The State of Madhya Pradesh,54217,,,
2023_1_969_984_EN,2023-01-17,Jabir & Ors. v. The State of Uttarakhand,37832,,,
2023_2_1014_1036_EN,2023-03-17,Cardinal Mar George Alencherry v. State of Kerala & Anr.,49717,,,
2023_2_1090_1111_EN,2023-03-17,Afjal Ali Sha @ Abjal Shaukat Sha v. State of West Bengal & Ors.,48496,,,
2023_2_1112_1134_EN,2023-03-17,Ms. X v. The State of Maharashtra and Another,50686,,,
2023_2_119_133_EN,2023-03-03,Premchand v. The State of Maharashtra,34024,,,
2023_2_134_163_EN,2023-03-01,The State of Chattisgarh & Anr. v. Aman Kumar Singh & Ors. etc. Etc,73812,,,
2023_2_164_182_EN,2023-03-01,Ravi Dhingra v. The State of Haryana,40162,,,
2023_2_20_29_EN,2023-03-03,Nikhil Chandra Mondal v. State of West Bengal,19746,,,
2023_2_276_292_EN,2023-03-14,Nand Lal and Others v. The State of Chhattisgarh,37720,,,
2023_2_402_410_EN,2023-02-17,Ram Gopal S/O Mansharam v. State of Madhya Pradesh,19661,,,
2023_2_422_470_EN,2023-02-20,Ramesh Chandra Sharma & Ors. v. State of Uttar Pradesh & Ors.,102990,,,
2023_2_587_610_EN,2023-03-03,Karan @ Fatiya v. The State of Madhya Pradesh,54184,,,
2023_2_661_681_EN,2023-03-15,Shankar v. The State of Maharashtra,46427,,,
2023_2_682_695_EN,2023-03-16,Pradeep Kumar v. State of Chhattisgarh,31139,,,
2023_2_6_11_EN,2023-03-01,Vikas Rathi v. The State of U.P. & Anr.,12746,,,
2023_2_746_755_EN,2023-03-16,Narendrasinh Keshubhai Zala v. State of Gujarat,22647,,,
2023_2_819_823_EN,2023-04-10,Central Bureau of Investigation v. Aryan Singh etc.,11194,,,
2023_2_824_833_EN,2023-04-10,Qamar Ghani Usmani v. The State of Gujarat,23319,,,
2023_2_875_880_EN,2023-03-14,Pawan Kumar Chourasia v. State of Bihar,12069,,,
2023_2_914_925_EN,2023-03-15,S. Athilakshmi v. The State Rep. by the Drugs Inspector,22428,,,
2023_2_943_950_EN,2023-03-16,Udayakumar v. State of Tamil Nadu,15740,,,
2023_2_965_980_EN,2023-03-16,Ravasaheb @ Ravasahebgouda etc. v. State of Karnataka,35672,,,
2023_2_997_1013_EN,2023-03-17,Neeraj Dutta v. State (Govt. of N.C.T. of Delhi),37468,,,
2023_3_142_149_EN,2023-02-28,Indrajit Das v. The State of Tripura,16460,,,
2023_3_150_164_EN,2023-02-28,Royden Harold Buthello & Anr. v. State of Chhattisgarh & Ors.,36301,,,
2023_3_165_174_EN,2023-02-28,Imtiyaz Ahmad Malla v. The State of Jammu and Kashmir and Others,21989,,,
2023_3_175_183_EN,2023-02-28,Kashibai & Ors. v. The State of Karnataka,21025,,,
2023_3_224_243_EN,2023-01-24,Munna Lal v. The State of Uttar Pradesh,45353,,,
2023_3_321_331_EN,2023-04-10,Central Bureau of Investigation v. Vikas Mishra @ Vikash Mishra,25629,,,
2023_3_354_365_EN,2023-04-11,Surendra Singh v. State of Rajasthan and Anr.,26995,,,
2023_3_476_497_EN,2023-04-17,Central Bureau of Investigation v. Santosh Karnani & Anr.,46312,,,
2023_3_511_522_EN,2023-04-20,Charan Singh @ Charanjit Singh v. The State of Uttarakhand,26013,,,
2023_3_523_530_EN,2023-04-12,Kekhriesatuo Tep etc. v. National Investigation Agency,17084,,,
2023_3_531_544_EN,2023-04-21,Anoop Bartaria & Etc v. Dy. Director Enforcement Directorate & Anr.,32674,,,
2023_3_545_551_EN,2023-04-25,Harbhajan Singh v. State of Haryana,15974,,,
2023_3_56_78_EN,2023-02-24,Anant Thanur Karmuse v. The State of Maharashtra & Ors.,54695,,,
2023_3_666_672_EN,2023-03-24,Anil Kumar v. State of Haryana & Ors.,16641,,,
2023_3_697_713_EN,2023-03-28,Mohd Muslim @ Hussain v. State (NCT of Delhi,37007,,,
2023_3_766_777_EN,2023-03-28,State of Punjab v. Dil Bahadur,27022,,,
2023_3_782_789_EN,2023-03-16,Guna Mahto v. State of Jharkhand,15734,,,
2023_3_79_90_EN,2023-02-24,The Directorate of Enforcement v. M. Gopal Reddy & Anr.,26905,,,
2023_3_892_911_EN,2023-02-07,Rana Ayyub v. Directorate of Enforcement through Its Assistant Director,46012,,,
2023_3_930_941_EN,2023-02-15,Ajai Alias Ajju etc. Etc v. The State of Uttar Pradesh,25238,,,
2023_3_942_984_EN,2023-02-22,Vahitha v. State of Tamil Nadu,102798,,,
2023_3_985_1013_EN,2023-02-28,Shah Newaz Khan & Ors. v. State of Nagaland & Ors.,69788,,,
2023_4_1124_1136_EN,2023-05-04,Nagarathinam v. State through the Inspector of Police,25789,,,
2023_4_1137_1143_EN,2023-05-04,Mukeshbhai Vallabhbhai Abhangi v. State of Gujarat,13374,,,
2023_4_1144_1155_EN,2023-05-03,Peethambaran v. State of Kerala & Anr.,23769,,,
2023_4_133_139_EN,2023-04-17,Soundarajan v. State Rep. by the Inspector of Police Vigilance Anticorruption Dindigul,14023,,,
2023_4_1_17_EN,2023-04-17,State of Rajasthan v. Asharam @ Ashumal,40488,,,
2023_4_220_238_EN,2023-05-04,Dinesh Kumar v. The State of Haryana,43027,,,
2023_4_239_245_EN,2023-05-04,Atulbhai Vithalbhai Bhanderi v. State of Gujarat,15331,,,
2023_4_397_429_EN,2023-04-17,Siju Kurian v. State of Karnataka,75127,,,
2023_4_480_492_EN,2023-04-25,Ravinder Singh v. The State Govt. of NCT of Delhi,31890,,,
2023_4_547_563_EN,2023-04-28,P. V. Nidhish & Ors. v. Kerala State Wakf Board & Anr.,37570,,,
2023_4_577_584_EN,2023-04-18,Ansar Ahmad v. State of Uttar Pradesh and Anr.,17115,,,
2023_4_616_634_EN,2023-03-28,Pulen Phukan & Ors. v. The State of Assam,42736,,,
2023_4_669_679_EN,2023-03-28,Shiva Kumar @ Shiva @ Shivamurthy v. State of Karnataka,24294,,,
2023_4_748_772_EN,2023-04-21,Vikas Chaudhary v. The State of Delhi,56175,,,
2023_4_829_847_EN,2023-04-24,Maghavendra Pratap Singh @ Pankaj Singh v. State of Chhattisgarh,41726,,,
2023_4_851_857_EN,2023-05-04,Government of Tamil Nadu & Others v. R. Thamaraiselvam etc. etc.,16041,,,
2023_4_887_898_EN,2023-04-21,Dakkata Balaram Reddy & Anr. v. State of Andhra Pradesh & Anr.,30363,,,
2023_4_939_949_EN,2023-05-11,Sanjay Dubey v. The State of Madhya Pradesh and Another,23297,,,
2023_4_96_105_EN,2023-04-28,Digambar v. The State of Maharashtra,20925,,,
2023_5_1016_1066_EN,2023-03-21,Sundar @ Sundarrajan v. State by Inspector of Police,115320,,,
2023_5_1152_1159_EN,2023-05-08,Priyanka Mishra & Ors. v. The State of Madhya Pradesh & Anr.,17856,,,
2023_5_301_320_EN,2023-04-26,State of Gujarat & Ors. etc. v. Dr. P. A. Bhatt & Ors. etc.,45593,,,
2023_5_354_371_EN,2023-05-10,Sri Gulam Mustafa v. The State of Karnataka & Anr.,38642,,,
2023_5_410_415_EN,2023-05-12,Directorate of Enforcement v. Aditya Tripathi,13698,,,
2023_5_461_467_EN,2023-04-20,Sanjay Raghunath Agarwal v. The Directorate of Enforcement,13876,,,
2023_5_485_489_EN,2023-04-28,The State of Andhra Pradesh & Anr. v. Vijayanagaram Chinna Reddappa,8445,,,
2023_5_601_623_EN,2023-04-28,State of Madhya Pradesh v. Phoolchand Rathore,50621,,,
2023_5_644_654_EN,2023-04-28,Bohatie Devi (Dead) through Lr v. The State of Uttar Pradesh & Ors.,25911,,,
2023_5_754_771_EN,2023-05-11,Raj Kumar @ Suman v. State (NCT of Delhi),39555,,,
2023_5_800_860_EN,2023-01-02,Prem Singh v. State of NCT of Delhi,142949,,,
2023_5_918_948_EN,2023-03-27,"Enforcement Directorate, Government of India v. Kapil Wadhawan & Anr. Etc",74673,,,
2023_6_1055_1114_EN,2023-03-27,Narayan Chetanram Chaudhary v. The State of Maharashtra,139430,,,
2023_6_1_55_EN,2023-05-01,Judgebir Singh @ Jasbir Singh Samra @ Jasbir & Ors. v. National Investigation Agency,126762,,,
2023_6_412_418_EN,2023-02-06,Rajkumar v. The State of Uttar Pradesh,12986,,,
2023_6_563_564_EN,2023-05-18,Sebil Elanjimpally v. The State of Odisha,3393,,,
2023_6_565_569_EN,2023-05-09,M/s. Jermyn Capital Llc Dubai v. Central Bureau of Investigation & Ors.,9927,,,
2023_6_643_654_EN,2023-05-19,Ramesh Chandra Vaishya v. The State of Uttar Pradesh & Anr.,27053,,,
2023_6_655_668_EN,2023-05-18,Chanchalpati Das v. The State of West Bengal & Anr.,31764,,,
2023_6_851_892_EN,2023-03-29,Balu Sudam Khalde & Anr. v. The State of Maharashtra,90245,,,
2023_7_134_184_EN,2023-04-28,State through Central Bureau of Investigation v. Hemendhra Reddy & Another. etc.,114700,,,
2023_7_1_25_EN,2023-05-18,Ravi Mandal v. State of Uttarakhand,56859,,,
2023_7_476_529_EN,2023-03-27,State Bank of India & Ors. v. Rajesh Agarwal & Ors.,119768,,,
2023_7_642_647_EN,2023-06-02,Jitendra Nath Mishra v. State of U.P. & Anr.,13376,,,
2023_7_719_771_EN,2023-04-28,Santosh @ Bhure v. State (G.N.C.T.) of Delhi,123421,,,
2023_8_1139_1148_EN,2023-07-17,The State of Gujarat etc. v. Choodamani Parmeshwaran Iyer & Anr. etc.,22576,,,
2023_8_152_182_EN,2023-05-19,Prakash Nishad @ Kewat Zinak Nishad v. State of Maharashtra,59470,,,
2023_8_496_580_EN,2023-03-24,Arup Bhuyan v. State of Assam & Anr.,193042,,,
2023_8_581_802_EN,2023-01-03,Kaushal Kishor v. State of Uttar Pradesh & Ors.,462300,,,
2023_8_85_151_EN,2023-03-03,Maharashtra State Electricity Distribution Company Limited v. Adani Power Maharashtra Limited & Ors.,147482,,,
2023_9_1165_1181_EN,2023-07-04,Ramesh Kumar v. State of NCT of Delhi,38880,,,
2023_9_1210_1217_EN,2023-07-28,Sandeep Kumar v. State of Haryana & Anr.,16277,,,
2024_10_108_125_EN,2024-09-25,Vijay Singh @ Vijay Kr. Sharma v. The State of Bihar,42211,,,
2024_10_1313_1343_EN,2024-10-03,Rama Devi v. The State of Bihar and Others,65572,,,
2024_10_1448_1461_EN,2024-10-21,Mafabhai Motibhai Sagar v. State of Gujarat & Ors.,28583,,,
2024_10_1483_1502_EN,2024-10-03,Nipun Aneja and Others v. State of Uttar Pradesh,41234,,,
2024_10_1726_1735_EN,2024-10-21,Shyam Narayan Ram v. State of Uttar Pradesh & Anr. etc.,20652,,,
2024_10_1757_1768_EN,2024-10-22,Uma & Anr. v. The State Rep. by the Deputy Superintendent of Police,26700,,,
2024_10_1876_1889_EN,2024-10-25,The State of Madhya Pradesh v. Ramjan Khan & Ors.,30353,,,
2024_10_1902_1917_EN,2024-10-22,Hdfc Bank Ltd. v. The State of Bihar & Ors.,29549,,,
2024_10_1931_2182_EN,2024-10-23,State of U.P. & Ors. v. M/s Lalta Prasad Vaish and Sons,573249,,,
2024_10_2265_2277_EN,2024-10-22,V.D. Raveesha v. The State of Karnataka,27602,,,
2024_10_37_44_EN,2024-09-12,Rabbu @ Sarvesh v. The State of Madhya Pradesh,15638,,,
2024_10_393_410_EN,2024-09-26,"V. Senthil Balaji v. The Deputy Director, Directorate of Enforcement",40622,,,
2024_10_411_416_EN,2024-09-23,State of Madhya Pradesh v. Ramji Lal Sharma & Another,12330,,,
2024_10_445_492_EN,2024-10-03,Khalsa University and Another v. The State of Punjab and Another,102842,,,
2024_10_54_61_EN,2024-09-23,Parveen Kumar v. The State of Himachal Pradesh,16757,,,
2024_10_62_78_EN,2024-09-25,Kailashben Mahendrabhai Patel & Ors. v. State of Maharashtra & Anr.,35579,,,
2024_10_639_649_EN,2024-10-16,Lalu Yadav v. The State of Uttar Pradesh & Ors.,21179,,,
2024_10_650_672_EN,2024-10-03,K. Bharthi Devi and Anr. v. State of Telangana and Anr.,48069,,,
2024_10_701_707_EN,2024-10-01,Harshad Gupta v. The State of Chhattisgarh,13067,,,
2024_10_753_768_EN,2024-10-17,Vishwajeet Kerba Masalkar v. State of Maharashtra,34415,,,
2024_10_769_785_EN,2024-10-14,Sandeep v. State of Uttarakhand,36986,,,
2024_10_893_900_EN,2024-10-14,Somjeet Mallick v. State of Jharkhand & Others,15684,,,
2024_10_911_919_EN,2024-10-18,Asim Akhtar v. The State of West Bengal & Anr.,18412,,,
2024_10_930_938_EN,2024-10-24,Central Bureau of Investigation v. Ashok Sirpal,18041,,,
2024_11_1233_1256_EN,2024-11-24,Suresh Chandra Tiwari & Anr. v. State of Uttarakhand,50118,,,
2024_11_1269_1279_EN,2024-11-29,Kamaruddin Dastagir Sanadi v. State of Karnataka through Sho Kakati Police,22502,,,
2024_11_1321_1324_EN,2024-11-25,Sangram Sadashiv Suryavanshi v. The State of Maharashtra,6994,,,
2024_11_1425_1439_EN,2024-11-22,Randeep Singh @ Rana & Anr. v. State of Haryana & Ors.,30152,,,
2024_11_1440_1447_EN,2024-11-20,Sunny @ Santosh Dharmu Bhosale v. The State of Maharashtra,17463,,,
2024_11_1448_1465_EN,2024-11-20,M.R. Ajayan v. State of Kerala & Ors.,38003,,,
2024_11_1472_1491_EN,2024-11-26,The State of Karnataka v. Chandrasha,44681,,,
2024_11_1_324_EN,2024-11-05,Property Owners Association & Ors. v. State of Maharashtra & Ors.,733250,,,
2024_11_445_488_EN,2024-11-05,Nabha Power Limited & Anr. v. Punjab State Power Coroporation Limited & Anr.,93549,,,
2024_11_498_509_EN,2024-11-05,Karakkattu Muhammed Basheer v. The State of Kerala,26295,,,
2024_11_510_522_EN,2024-11-06,"Directorate of Enforcement v. Bibhu Prasad Acharya, etc.",27816,,,
2024_11_523_529_EN,2024-11-06,Devendra Kumar & Ors. v. State of Chhattisgarh,13831,,,
2024_11_641_666_EN,2024-11-07,Ramji Lal Bairwa & Anr. v. State of Rajasthan & Ors.,59219,,,
2024_11_786_791_EN,2024-11-06,Sonu Choudary v. State of NCT Delhi,11046,,,
2024_11_792_798_EN,2024-11-05,Xyz v. The State of Gujarat & Anr.,13922,,,
2024_11_822_824_EN,2024-11-19,Siddique v. State of Kerala & Anr.,4221,,,
2024_11_825_834_EN,2024-11-20,Prashant v. State of NCT of Delhi,19318,,,
2024_11_886_905_EN,2024-11-26,Mahesh Damu Khare v. The State of Maharashtra & Anr.,43008,,,
2024_11_906_924_EN,2024-11-25,Vijaya Singh & Anr. v. State of Uttarakhand,44976,,,
2024_11_941_946_EN,2024-11-27,X v. State of Rajasthan & Anr.,10755,,,
2024_12_1044_1071_EN,2024-12-13,Bharti Arora v. The State of Haryana,58725,,,
2024_12_1072_1092_EN,2024-12-17,Sambhubhai Raisangbhai Padhiyar v. State of Gujarat,45470,,,
2024_12_1160_1185_EN,2024-12-19,Prakash and Others v. The State of Maharashtra and Another,53967,,,
2024_12_1267_1272_EN,2024-12-12,Amar Sardar v. The State of West Bengal,11364,,,
2024_12_1273_1286_EN,2024-12-18,Muskan Enterprises & Anr. v. The State of Punjab & Anr.,30554,,,
2024_12_1406_1435_EN,2024-12-19,Narcotics Control Bureau v. Kashif,65121,,,
2024_12_1436_1444_EN,2024-12-19,Anil Bhavarlal Jain & Anr. v. The State of Maharashtra & Ors.,18072,,,
2024_12_1533_1552_EN,2024-12-19,Digambar and Another v. The State of Maharashtra and Another,39390,,,
2024_12_1553_1580_EN,2024-12-18,P. Manikandan v. Central Bureau of Investigation and Ors.,57347,,,
2024_12_1743_1794_EN,2024-12-16,Ankush Vipan Kapoor v. National Investigation Agency,107687,,,
2024_12_1_27_EN,2024-11-05,Subrata Choudhury @ Santosh Choudhury & Ors. v. The State of Assam & Anr.,58067,,,
2024_12_2083_2088_EN,2024-12-19,Shambhu Debnath v. The State of Bihar & Ors.,10208,,,
2024_12_335_357_EN,2024-12-02,Ashok v. State of Uttar Pradesh,48412,,,
2024_12_392_417_EN,2024-12-06,Kunhimuhammed@Kunheethu v. The State of Kerala,55917,,,
2024_12_439_452_EN,2024-12-10,Jayedeepsinh Pravinsinh Chavda & Ors. v. State of Gujarat,30854,,,
2024_12_533_542_EN,2024-12-03,Central Bureau of Investigation v. Jagat Ram,21203,,,
2024_12_559_573_EN,2024-12-10,Dara Lakshmi Narayana & Others v. State of Telangana & Another,32309,,,
2024_12_574_616_EN,2024-12-09,State of Maharashtra & Ors. v. Pradeep Yashwant Kokade & Anr.,90900,,,
2024_12_627_636_EN,2024-12-13,Partha Chatterjee v. Directorate of Enforcement,21270,,,
2024_12_680_692_EN,2024-12-17,Ayub Khan v. The State of Rajasthan,26808,,,
2024_12_743_754_EN,2024-12-19,Ashok Verma v. The State of Chhattisgarh,26949,,,
2024_12_769_776_EN,2024-12-13,George v. The State of Tamil Nadu and Others,15818,,,
2024_1_1083_1089_EN,2024-01-29,Ajitsinh Chehuji Rathod v. State of Gujarat & Anr.,14426,,,
2024_1_1134_1150_EN,2024-01-30,Sachin Garg v. State of U.P & Anr.,36246,,,
2024_1_1165_1178_EN,2024-01-31,Bharat Sher Singh Kalsia v. State of Bihar & Anr.,33940,,,
2024_1_1179_1182_EN,2024-01-22,Atamjit Singh v. State (NCT of Delhi) & Anr.,6515,,,
2024_1_241_247_EN,2024-01-03,Satish P. Bhatt v. State of Maharashtra & Anr.,15670,,,
2024_1_248_266_EN,2024-01-04,Darshan Singh v. State of Punjab,40322,,,
2024_1_306_318_EN,2024-01-05,Pradeep Kumar v. State of Haryana,28444,,,
2024_1_319_326_EN,2024-01-05,Gurdev Singh Bhalla v. State of Punjab & Ors.,14857,,,
2024_1_390_403_EN,2024-01-11,Dinesh Gupta v. State of Uttar Pradesh & Anr.,30052,,,
2024_1_404_412_EN,2024-01-12,State of Haryana v. Mohd. Yunus & Ors.,18923,,,
2024_1_40_59_EN,2024-01-03,Neeraj Sharma v. State of Chhattisgarh,42524,,,
2024_1_429_441_EN,2024-01-17,Shadakshari v. State of Karnataka & Anr.,27850,,,
2024_1_549_603_EN,2024-01-16,Nara Chandrababu Naidu v. State of Andhra Pradesh & Anr.,123352,,,
2024_1_604_622_EN,2024-01-19,Kusha Duruka v. State of Odisha,38305,,,
2024_1_623_641_EN,2024-01-22,Mariam Fasihuddin & Anr. v. State by Adugodi Police Station & Anr.,43522,,,
2024_1_677_696_EN,2024-01-24,Central Bureau of Investigation v. Kapil Wadhawan & Anr.,42778,,,
2024_1_73_80_EN,2024-01-03,State of NCT of Delhi v. Raj Kumar @ Lovepreet @Lovely,14494,,,
2024_1_87_113_EN,2024-01-03,"Perumal Raja @ Perumal v. State, Rep. by Inspector of Police",60056,,,
2024_2_1039_1053_EN,2024-02-06,State of Punjab v. Gurpreet Singh & Ors.,32358,,,
2024_2_1054_1064_EN,2024-02-21,M. Vijayakumar v. State of Tamil Nadu,24088,,,
2024_2_1072_1120_EN,2024-02-13,Satender Kumar Antil v. Central Bureau of Investigation and Anr.,102381,Satender Kumar Antil v. CBI,anticipatory bail,related
2024_2_111_122_EN,2024-02-05,Bhaggi @ Bhagirath @ Naran v. State of Madhya Pradesh,26077,,,
2024_2_1178_1195_EN,2024-02-22,Thakore Umedsing Nathusing v. State of Gujarat,38131,,,
2024_2_1223_1240_EN,2024-02-22,Vikas Chandra v. State of Uttar Pradesh & Anr.,39252,,,
2024_2_134_151_EN,2024-02-07,Gurwinder Singh v. State of Punjab & Another,38196,,,
2024_2_152_154_EN,2024-02-05,Rajasekar v. State Rep. by the Inspector of Police,4537,,,
2024_2_162_164_EN,2024-02-05,Abdul Jabbar v. State of Haryana & Ors.,4677,,,
2024_2_1_11_EN,2024-01-06,Velthepu Srinivas and Others v. State of Andhra Pradesh (Now State of Telangana) and Anr.,23606,,,
2024_2_252_257_EN,2024-02-05,Mamidi Anil Kumar Reddy v. State of Andhra Pradesh & Anr.,11377,,,
2024_2_288_309_EN,2024-02-12,Mallappa & Ors. v. State of Karnataka,50506,,,
2024_2_311_325_EN,2024-02-13,Directorate of Enforcement v. Niraj Tyagi & Ors.,32093,,,
2024_2_357_363_EN,2024-02-12,State by the Inspector of Police v. B. Ramu,12389,,,
2024_2_364_370_EN,2024-02-19,Deepak Kumar Shrivas & Anr. v. State of Chhattisgarh & Ors.,15528,,,
2024_2_391_408_EN,2024-02-20,Kalinga @ Kushal v. State of Karnataka by Police Inspector Hubli,39187,,,
2024_2_638_649_EN,2024-02-20,Mohd Abaad Ali & Anr. v. Directorate of Revenue Prosecution Intelligence,27339,,,
2024_2_668_684_EN,2024-02-21,Ram Singh v. The State of U.P.,37961,,,
2024_2_685_692_EN,2024-02-16,N. Manogar & Anr. v. The Inspector of Police & Ors.,15201,,,
2024_2_722_742_EN,2024-02-22,Ravindra Kumar v. State of U.P. & Ors.,44187,,,
2024_2_743_757_EN,2024-02-21,Ram Nath v. The State of Uttar Pradesh & Ors.,30832,,,
2024_2_776_811_EN,2024-02-26,Shailesh Kumar v. State of U.P. (Now State of Uttarakhand),77117,,,
2024_2_830_846_EN,2024-02-22,Naresh Kumar v. State of Haryana,34102,,,
2024_2_946_988_EN,2024-02-29,"High Court Bar Association, Allahabad v. State of U.P. & Ors.",96679,"High Court Bar Association, Allahabad v. State of U.P.",stay after six months,overruling
2024_2_989_1000_EN,2024-02-01,Dattatraya v. The State of Maharashtra,24551,,,
2024_3_1004_1008_EN,2024-03-22,State of Haryana v. Dr. Ritu Singh and Another,10254,,,
2024_3_1014_1022_EN,2024-03-18,Somnath v. The State of Maharashtra & Ors.,20805,,,
2024_3_10_22_EN,2024-03-04,Shazia Aman Khan and Another v. The State of Orissa and Others,26224,,,
2024_3_1147_1180_EN,2024-03-19,Apoorva Arora & Anr. etc. v. State (Govt. of NCT of Delhi) & Anr.,75259,,,
2024_3_1181_1227_EN,2024-03-21,Nenavath Bujji etc. v. The State of Telangana and Ors.,103810,,,
2024_3_1228_1248_EN,2024-03-22,Thirumoorthy v. State Represented by the Inspector of Police,42274,,,
2024_3_157_173_EN,2024-03-05,Prabhat Kumar Mishra @ Prabhat Mishra v. The State of U.P. & Anr.,35196,,,
2024_3_23_35_EN,2024-03-01,Mohammed Khalid and Another v. The State of Telangana,26907,,,
2024_3_309_316_EN,2024-03-06,Xxxx v. State of Madhya Pradesh & Another,15667,,,
2024_3_317_328_EN,2024-03-07,Javed Ahmad Hajam v. State of Maharashtra & Anr.,24958,,,
2024_3_329_355_EN,2024-03-01,Kumar @ Shiva Kumar v. State of Karnataka,61095,,,
2024_3_36_45_EN,2024-03-05,Naeem v. State of Uttar Pradesh,20389,,,
2024_3_377_384_EN,2024-03-11,Shahid Ali v. The State of Uttar Pradesh,17778,,,
2024_3_385_392_EN,2024-03-01,Anil Mishra v. State of U.P. & Ors.,16647,,,
2024_3_421_437_EN,2024-03-14,Srikant Upadhyay & Ors. v. State of Bihar & Anr.,38574,,,
2024_3_438_453_EN,2024-03-15,Rakesh Ranjan Shrivastava v. The State of Jharkhand & Anr.,35456,,,
2024_3_614_626_EN,2024-03-12,Dablu Kujur v. The State of Jharkhand,26271,,,
2024_3_673_678_EN,2024-03-07,Dr Sonia Verma & Anr. v. The State of Haryana & Anr.,11033,,,
2024_3_679_704_EN,2024-03-19,Puneet Sabharwal v. CBI,54252,,,
2024_3_722_739_EN,2024-03-20,A.M. Mohan v. The State Represented by Sho and Another,34850,,,
2024_3_740_746_EN,2024-03-12,Naresh Kumar & Anr. v. The State of Karnataka & Anr.,14096,,,
2024_3_747_766_EN,2024-03-18,Periyasamy v. The State Represented by the Inspector of Police,41456,,,
2024_3_767_777_EN,2024-03-06,Ravinder Kumar v. State of NCT of Delhi,23134,,,
2024_3_778_811_EN,2024-03-18,Satyendar Kumar Jain v. Directorate of Enforcement,74234,,,
2024_3_913_946_EN,2024-03-18,Navas @ Mulanavas v. State of Kerala,79686,,,
2024_4_151_233_EN,2024-04-04,Krishnadatt Awasthy v. State of Madhya Pradesh & Ors.,184638,,,
2024_4_234_240_EN,2024-04-05,Manikandan v. State by the Inspector of Police,14336,,,
2024_4_270_307_EN,2024-04-05,Shoma Kanti Sen v. The State of Maharashtra & Anr.,89993,,,
2024_4_308_321_EN,2024-04-08,Vipin Sahni and Another v. Central Bureau of Investigation,31082,,,
2024_4_322_327_EN,2024-04-10,Bhupatbhai Bachubhai Chavda & Anr. v. State of Gujarat,13502,,,
2024_4_328_339_EN,2024-04-10,Subhash @ Subanna & Ors. v. State of Karnataka Ministry of Home Affairs,25290,,,
2024_4_372_382_EN,2024-04-05,The State of Madhya Pradesh v. Shilpa Jain & Ors.,22397,,,
2024_4_442_472_EN,2024-04-09,Smt. Najmunisha v. The State of Gujarat,70092,,,
2024_4_48_62_EN,2024-04-02,Ballu @ Balram @ Balmukund and Another v. The State of Madhya Pradesh,30484,,,
2024_4_558_575_EN,2024-04-10,Ravishankar Tandon v. State of Chhattisgarh,36264,,,
2024_4_606_615_EN,2024-04-08,Khengarbhai Lakhabhai Dambhala v. The State of Gujarat,21618,,,
2024_4_624_632_EN,2024-04-18,The State of Arunachal Pradesh v. Kamal Agarwal & Ors. Etc,18216,,,
2024_4_640_654_EN,2024-04-18,The State of West Bengal v. Jayeeta Das,29319,,,
2024_4_655_663_EN,2024-04-18,Mukhtar Zaidi v. The State of Uttar Pradesh & Anr.,17776,,,
2024_4_686_693_EN,2024-04-19,Ramayan Singh v. State of Uttar Pradesh & Anr.,15958,,,
2024_4_707_723_EN,2024-04-18,Kirpal Singh v. State of Punjab,37403,,,
2024_4_94_99_EN,2024-04-05,Chandan v. The State (Delhi Admn.),10624,,,
2024_5_1011_1037_EN,2024-05-22,Union of India Rep. by the Inspector of Police National Investigation Agency Chennai Branch v. Barakathullah etc.,60709,,,
2024_5_1056_1073_EN,2024-05-17,National Investigation Agency New Delhi v. Owais Amin @ Cherry & Ors.,34244,,,
2024_5_174_202_EN,2024-04-19,Babu Sahebagouda Rudragoudar and Others v. State of Karnataka,61649,,,
2024_5_203_214_EN,2024-04-08,Raj Reddy Kallem v. The State of Haryana & Anr.,24607,,,
2024_5_241_270_EN,2024-04-30,Life Insurance Corporation of India v. The State of Rajasthan and Ors.,66051,,,
2024_5_36_55_EN,2024-04-05,Shivani Tyagi v. State of U.P. & Anr.,40839,,,
2024_5_470_491_EN,2024-04-29,A (Mother of X) v. State of Maharashtra & Anr.,48211,,,
2024_5_501_509_EN,2024-04-25,Rahul Kumar Yadav v. The State of Bihar,18050,,,
2024_5_56_61_EN,2024-04-26,The State of Odisha v. Nirjharini Patnaik @ Mohanty & Anr.,12177,,,
2024_5_629_729_EN,2024-05-17,Sunita Devi v. The State of Bihar & Anr.,192291,,,
2024_5_74_80_EN,2024-04-19,Parteek Bansal v. State of Rajasthan & Ors.,14419,,,
2024_5_761_812_EN,2024-05-07,Child in Conflict With Law through His Mother v. The State of Karnataka and Another,107090,,,
2024_5_813_830_EN,2024-05-15,C. Subbiah @ Kadambur Jayaraj and Others v. The Superintendent of Police and Others,39991,,,
2024_5_927_934_EN,2024-05-07,"Amanatullah Khan v. The Commissioner of Police, Delhi & Ors.",16259,,,
2024_6_10_19_EN,2024-05-02,Shankar v. The State of Uttar Pradesh & Ors.,20824,,,
2024_6_129_163_EN,2024-05-03,Achin Gupta v. State of Haryana & Anr.,72430,,,
2024_6_164_213_EN,2024-05-03,Anees v. The State Govt. of NCT,109188,,,
2024_6_20_35_EN,2024-05-03,Alauddin & Ors. v. The State of Assam & Anr.,35496,,,
2024_6_315_336_EN,2024-05-07,Sukhpal Singh v. NCT of Delhi,47409,,,
2024_6_346_354_EN,2024-05-10,Arvind Kejriwal v. Directorate of Enforcement,17220,,,
2024_6_653_665_EN,2024-05-08,Selvamani v. The State Rep. by the Inspector of Police,26278,,,
2024_6_666_697_EN,2024-05-15,Prabir Purkayastha v. State (NCT of Delhi),69762,,,
2024_6_698_707_EN,2024-05-09,Rajendra Bhagwanji Umraniya v. State of Gujarat,21086,,,
2024_6_740_760_EN,2024-05-15,Rajendra S/O Ramdas Kolhe v. State of Maharashtra,47550,,,
2024_6_864_893_EN,2024-05-16,Tarsem Lal v. Directorate of Enforcement Jalandhar Zonal Office,62863,,,
2024_6_86_128_EN,2024-05-01,Sharif Ahmed and Another v. State of Uttar Pradesh and Another,91509,,,
2024_7_1031_1039_EN,2024-07-10,Rohini Sudarshan Gangurde v. The State of Maharashtra & Anr.,17862,,,
2024_7_1054_1070_EN,2024-07-18,Sheikh Javed Iqbal @ Ashfaq Ansari @ Javed Ansari v. State of Uttar Pradesh,38321,,,
2024_7_1147_1154_EN,2024-07-31,Raju and Another v. State of Uttarakhand,17049,,,
2024_7_1155_1174_EN,2024-07-15,Ram Prakash Chadha v. The State of Uttar Pradesh,44212,,,
2024_7_1236_1313_EN,2024-07-10,Mohd. Abdul Samad v. The State of Telangana & Anr.,176470,,,
2024_7_127_135_EN,2024-07-08,Sardar Ravi Inder Singh & Anr. v. State of Jharkhand & Anr.,18560,,,
2024_7_1314_1320_EN,2024-07-16,The State of Meghalaya v. Lalrintluanga Sailo & Anr.,13498,,,
2024_7_163_177_EN,2024-07-03,Surender Singh v. State (NCT of Delhi),34168,,,
2024_7_178_195_EN,2024-07-08,Naresh Kumar v. State of Delhi,39155,,,
2024_7_218_245_EN,2024-07-08,Dharmendra Kumar @ Dhamma v. State of Madhya Pradesh,65631,,,
2024_7_2329_2362_EN,2024-07-11,Md. Rahim Ali @ Abdur Rahim v. The State of Assam & Ors.,78658,,,
2024_7_2363_2426_EN,2024-07-12,Arvind Kejriwal v. Directorate of Enforcement,147993,,,
2024_7_333_364_EN,2024-07-09,Gaurav Maini v. The State of Haryana,71209,,,
2024_7_365_395_EN,2024-07-09,Vinod Jaswantray Vyas (Dead) through LRs. v. The State of Gujarat,66719,,,
2024_7_41_49_EN,2024-07-08,Lal Mohammad Manjur Ansari v. The State of Gujrat,20127,,,
2024_7_466_473_EN,2024-07-09,Ratnu Yadav v. The State of Chhattisgarh,16932,,,
2024_7_50_61_EN,2024-07-08,"Vishwanatha v. The State of Karnataka by the Secretary, Home Department",25255,,,
2024_7_62_68_EN,2024-07-08,The State of Punjab v. Partap Singh Verka,12588,,,
2024_7_640_667_EN,2024-07-10,Mir Mustafa Ali Hasmi v. The State of A.P.,65176,,,
2024_7_676_729_EN,2024-07-10,The State of West Bengal v. Union of India,118450,,,
2024_7_756_762_EN,2024-07-22,Amit Rana @ Koka & Anr. v. The State of Haryana,13969,,,
2024_7_813_822_EN,2024-07-15,Shailendra Kumar Srivastava v. The State of Uttar Pradesh & Anr.,20710,,,
2024_7_87_96_EN,2024-07-08,P. Sasikumar v. The State Rep. by the Inspector of Police,22486,,,
2024_7_8_21_EN,2024-07-08,Shiv Pratap Singh Rana v. State of Madhya Pradesh & Anr.,32405,,,
2024_7_979_991_EN,2024-07-23,Parvinder Singh Khurana v. Directorate of Enforcement,29166,,,
2024_7_97_116_EN,2024-07-08,Frank Vitus v. Narcotics Control Bureau & Ors.,39386,,,
2024_7_992_1000_EN,2024-07-03,Javed Gulam Nabi Shaikh v. State of Maharashtra and Another,18752,,,
2024_8_1061_1085_EN,2024-08-09,Manish Sisodia v. Directorate of Enforcement,56773,,,
2024_8_1086_1145_EN,2024-08-23,Shajan Skaria v. The State of Kerala & Anr.,129861,,,
2024_8_1146_1262_EN,2024-08-23,M/s Karnataka Emta Coal Mines Limited and Another v. Central Bureau of Investigation,223710,,,
2024_8_1687_1702_EN,2024-08-07,Basamsetti Rama Devi v. The State of A.P. & Ors.,33747,,,
2024_8_332_344_EN,2024-08-13,James Kunjwal v. State of Uttarakhand & Anr.,24956,,,
2024_8_345_376_EN,2024-08-08,Allarakha Habib Memon etc. v. State of Gujarat,73361,,,
2024_8_561_574_EN,2024-08-22,Girish Gandhi v. The State of Uttar Pradesh & Ors.,28175,,,
2024_8_662_669_EN,2024-08-02,Sudeep Chatterjee v. State of Bihar & Anr.,15365,,,
2024_8_670_699_EN,2024-08-23,Delhi Race Club (1940) Ltd. & Ors. v. State of Uttar Pradesh & Anr.,64588,,,
2024_8_700_708_EN,2024-08-29,K. Ravi v. State of Tamil Nadu & Anr.,18879,,,
2024_8_717_726_EN,2024-08-27,Kalvakuntla Kavitha v. Directorate of Enforcement,19655,,,
2024_8_739_752_EN,2024-08-29,Mulakala Malleshwara Rao & Anr. v. State of Telangana & Anr.,28178,,,
2024_8_782_787_EN,2024-08-30,Suraj Singh Gujar & Anr. v. The State of Madhya Pradesh & Ors.,10280,,,
2024_8_796_804_EN,2024-08-29,Chabi Karmakar & Ors. v. The State of West Bengal,17254,,,
2024_8_929_934_EN,2024-08-22,Dinesh Sahu Alias Dinnu v. The State of Madhya Pradesh,11043,,,
2024_8_935_948_EN,2024-08-12,Mahendra Kumar Sonker v. The State of Madhya Pradesh,22994,,,
2024_8_955_983_EN,2024-08-28,Prem Prakash v. Union of India through the Directorate of Enforcement,64491,,,
2024_9_110_134_EN,2024-09-09,Abhishek Banerjee & Anr. v. Directorate of Enforcement,56451,,,
2024_9_37_53_EN,2024-09-04,Nitya Nand v. State of U.P. & Anr.,35864,,,
2024_9_397_407_EN,2024-09-12,Ravinder Kumar v. State of Haryana,23885,,,
2024_9_54_63_EN,2024-09-06,Baccarose Perfumes and Beauty Products Pvt. Ltd v. Central Bureau of Investigation & Anr.,21581,,,
2024_9_609_615_EN,2024-09-19,Santosh @ Rajesh @ Gopal v. State of Madhya Pradesh,15416,,,
2024_9_616_624_EN,2024-09-24,Sunil @ Sonu etc. v. State NCT of Delhi,19735,,,
2024_9_625_637_EN,2024-09-23,Yogarani v. State by the Inspector of Police,26473,,,
2024_9_64_74_EN,2024-09-06,Somprabha Rana & Ors. v. The State of Madhya Pradesh & Ors.,23504,,,
2024_9_683_723_EN,2024-09-13,Arvind Kejriwal v. Central Bureau of Investigation,94550,,,
2024_9_724_762_EN,2024-09-25,Manik & Ors. v. The State of Maharashtra,89895,,,
2024_9_774_810_EN,2024-09-20,Bhagwan Singh v. State of U.P. & Ors.,77081,,,
2024_9_811_817_EN,2024-09-03,Ranjeet Mittal v. The State of Madhya Pradesh & Anr. etc. etc.,14581,,,
2024_9_818_829_EN,2024-09-20,Shoor Singh & Anr. v. State of Uttarakhand,25148,,,
2025_10_131_151_EN,2025-09-12,Mamman Khan v. State of Haryana,43493,,,
2025_10_1_25_EN,2025-09-02,Phireram v. State of Uttar Pradesh & Anr.,52724,,,
2025_10_212_252_EN,2025-09-12,Maniklal Sahu v. State of Chhattisgarh,87128,,,
2025_10_263_285_EN,2025-10-06,Nazim & Ors. v. The State of Uttarakhand,52877,,,
2025_10_342_353_EN,2025-10-07,Rajendra Singh and Ors. v. State of Uttaranchal etc.,24716,,,
2025_10_354_367_EN,2025-10-08,State of Rajasthan v. Parmeshwar Ramlal Joshi and Others,28597,,,
2025_10_381_394_EN,2025-10-08,Mahaveer v. State of Maharashtra and Anr.,27041,,,
2025_10_44_57_EN,2025-09-09,Geeta v. The State of Karnataka,29553,,,
2025_10_587_630_EN,2025-10-08,Dashwanth v. State of Tamil Nadu,98806,,,
2025_10_58_65_EN,2025-09-10,Jupally Lakshmikantha Reddy v. State of Andhra Pradesh & Anr.,15087,,,
2025_10_78_93_EN,2025-09-11,Mohammad Afzal Mohammad Sharif v. The State of Maharashtra and Others,34460,,,
2025_11_246_263_EN,2025-11-04,Sadiq B. Hanchinmani v. The State of Karnataka & Ors. R1: the State of Karnataka R2: Chndrumal R3: Sanjay R4: Nandkumar R5: Vijay,40211,,,
2025_11_291_326_EN,2025-11-06,Mihir Rajesh Shah v. State of Maharashtra and Another,82035,,,
2025_11_37_59_EN,2025-10-07,Nilesh Baburao Gitte v. State of Maharashtra,50318,,,
2025_11_406_422_EN,2025-11-06,State of Chhattisgarh v. Amit Aishwarya Jogi,35203,,,
2025_11_549_577_EN,2025-11-07,Ravi Prakash Srivastava & Ors. v. State of Uttar Pradesh & Ors.,59698,,,
2025_11_60_125_EN,2025-10-07,Zainul v. The State of Bihar,140573,,,
2025_12_152_166_EN,2025-11-11,Surendra Koli v. The State of Uttar Pradesh & Anr.,32110,,,
2025_12_206_220_EN,2025-11-14,Govind v. State of Haryana,34386,,,
2025_12_221_247_EN,2025-11-17,Raj Kumar @ Bheema v. State of NCT of Delhi,58644,,,
2025_12_258_272_EN,2025-12-02,Tuhin Kumar Biswas @ Bumba v. The State of West Bengal,30599,,,
2025_12_295_316_EN,2025-12-04,Neeraj Kumar @ Neeraj Yadav v. State of U.P. & Ors.,42757,,,
2025_12_439_442_EN,2025-12-09,Surender Kumar v. State of Himachal Pradesh,6877,,,
2025_12_488_497_EN,2025-12-11,"Jothi @ Nagajothi v. The State, Rep. by the Inspector of Police",22070,,,
2025_12_560_583_EN,2025-12-08,Govind Mandavi v. State of Chattisgarh,46680,,,
2025_1_1041_1104_EN,2025-01-28,Chandrabhan Sudam Sanap v. The State of Maharashtra,145331,,,
2025_1_1105_1146_EN,2025-01-29,Mahabir & Ors. v. State of Haryana,91783,,,
2025_1_1173_1208_EN,2025-01-29,Krishnadatt Awasthy v. State of M.P. & Ors.,81943,,,
2025_1_117_129_EN,2025-01-01,Daljit Singh v. State of Haryana & Anr.,24498,,,
2025_1_1235_1255_EN,2025-01-30,Inox Air Products Limited Now Known As Inox Air Products Private Limited and Another v. The State of Andhra Pradesh,39956,,,
2025_1_1256_1264_EN,2025-01-30,M/s Jm Laboratories and Others v. State of Andhra Pradesh and Another,14813,,,
2025_1_12_39_EN,2025-01-01,B.N. John v. State of U.P. & Anr.,61303,,,
2025_1_130_150_EN,2025-01-01,"The State, Central Bureau of Investigation v. A. Satish Kumar & Ors.",48663,,,
2025_1_1370_1380_EN,2025-01-31,Karan Singh v. State of Haryana,20908,,,
2025_1_1381_1391_EN,2025-01-31,"Karuppudayar v. State Rep. by the Deputy Superintendent of Police, Lalgudi Trichy & Ors.",21342,,,
2025_1_1392_1397_EN,2025-01-31,Kuldeep Singh v. The State of Punjab & Ors.,11480,,,
2025_1_1409_1412_EN,2025-01-21,Directorate of Enforcement v. Subhash Sharma,7470,,,
2025_1_1454_1468_EN,2025-01-30,Ashok Saxena v. The State of Uttarakhand etc.,31136,,,
2025_1_1469_1490_EN,2025-01-16,Om Prakash Ambadkar v. The State of Maharashtra & Ors.,45919,,,
2025_1_1491_1496_EN,2025-01-30,Jasminbhai Bharatbhai Kothari v. State of Gujarat,10594,,,
2025_1_1497_1507_EN,2025-01-22,Manish Yadav v. State of Uttar Pradesh & Anr.,21875,,,
2025_1_1508_1523_EN,2025-01-28,Gambhir Singh v. The State of Uttar Pradesh,34957,,,
2025_1_1524_1580_EN,2025-01-06,Bharat Aambale v. The State of Chhattisgarh,121501,,,
2025_1_1581_1587_EN,2025-01-29,Narcotic Control Bureau v. Lakhwinder Singh,13082,,,
2025_1_1674_1682_EN,2025-01-24,Marippan & Anr. v. State Represented by the Inspector of Police & Anr.,18856,,,
2025_1_1691_1716_EN,2025-01-16,Irfan Alias Bhayu Mevati v. State of Madhya Pradesh,53622,,,
2025_1_1725_1754_EN,2025-01-29,Ajay Malik v. State of Uttarakhand & Anr.,63386,,,
2025_1_1909_1931_EN,2025-01-21,State of Jharkhand v. Dr. Nishkant Dubey & Ors.,44221,,,
2025_1_1932_1952_EN,2025-01-23,Nimai Ghosh & Ors. v. The State of Bihar (Now Jharkhand),47767,,,
2025_1_1_11_EN,2025-01-01,Kim Wansoo v. State of Uttar Pradesh & Ors.,21969,,,
2025_1_2008_2020_EN,2025-01-16,Rakesh Kumar Raghuvanshi v. The State of Madhya Pradesh,26120,,,
2025_1_230_238_EN,2025-01-05,Jit Vinayak Arolkar v. State of Goa & Ors.,17916,,,
2025_1_266_280_EN,2025-01-02,Omi @ Omkar Rathore & Anr. v. The State of Madhya Pradesh & Anr.,31710,,,
2025_1_281_312_EN,2025-01-06,Bishwajit Dey v. The State of Assam,58432,,,
2025_1_446_461_EN,2025-01-01,Sanjay Dutt & Ors. v. The State of Haryana & Anr.,25454,,,
2025_1_484_489_EN,2025-01-08,Ram Pyarey v. The State of Uttar Pradesh,9481,,,
2025_1_592_609_EN,2025-01-08,Sadashiv Dhondiram Patil v. The State of Maharashtra,37435,,,
2025_1_649_650_EN,2025-01-09,Mamta Kaur v. State of Punjab,3273,,,
2025_1_651_656_EN,2025-01-07,The State of Punjab v. Hari Kesh,10295,,,
2025_1_657_717_EN,2025-01-09,Goverdhan & Anr. v. State of Chhattisgarh,134935,,,
2025_1_825_833_EN,2025-01-21,Laxmi Das v. The State of West Bengal & Ors.,17406,,,
2025_1_869_879_EN,2025-01-16,Vijay @ Vijayakumar v. State Represented by Inspector of Police,20625,,,
2025_1_911_933_EN,2025-01-22,Mohd. Tahir Hussain v. State of NCT of Delhi,54824,,,
2025_1_948_960_EN,2025-01-22,Thammaraya and Another v. The State of Karnataka,25387,,,
2025_2_110_122_EN,2025-01-15,Biswajit Das v. Central Bureau of Investigation,28335,,,
2025_2_1174_1177_EN,2025-02-06,Gopal Singh & Anr. v. State of Uttarakhand,7658,,,
2025_2_1241_1272_EN,2025-02-17,State of Karnataka v. T.N. Sudhakar Reddy,66897,,,
2025_2_1405_1410_EN,2025-02-27,Kanishk Sinha & Another v. The State of West Bengal & Another,10572,,,
2025_2_1416_1432_EN,2025-02-28,Sudershan Singh Wazir v. State (NCT of Delhi) & Ors.,35362,,,
2025_2_1534_1544_EN,2025-02-28,Union of India Thr. I.O. Narcotics Control Bureau v. Man Singh Verma,20433,,,
2025_2_1785_1789_EN,2025-02-27,The State of Chattisgarh v. Ashok Bhoi etc.,9853,,,
2025_2_1790_1805_EN,2025-02-06,Sanjay v. State of Uttar Pradesh,33147,,,
2025_2_1806_1812_EN,2025-02-20,The State of Himachal Pradesh v. Rajesh Kumar @ Munnu,12808,,,
2025_2_1821_1830_EN,2025-02-27,Raju @ Nirpendra Singh v. The State of Madhya Pradesh,21206,,,
2025_2_1831_1844_EN,2025-02-04,Ashutosh Pathak v. The State of Uttar Pradesh & Anr. R1: State of Uttar Pradesh R2: Shikha Pathak,27074,,,
2025_2_1845_1860_EN,2025-02-04,Shahjahan v. The State of Uttar Pradesh & Anr. R1: the State of Uttar Pradesh R2: Sri Gaffar Khan,33581,,,
2025_2_187_202_EN,2025-01-23,Madhushree Datta v. The State of Karnataka & Anr.,34309,,,
2025_2_1890_1947_EN,2025-02-04,Sovaran Singh Prajapati v. The State of Uttar Pradesh,107403,,,
2025_2_1969_2005_EN,2025-02-20,Jitender @ Kalla v. State (Govt of NCT of Delhi) & Ors.,78771,,,
2025_2_1_26_EN,2025-01-06,Abdul Nassar v. State of Kerala & Anr.,48730,,,
2025_2_2006_2034_EN,2025-02-24,Md. Bani Alam Mazid @ Dhan v. State of Assam,65431,,,
2025_2_2091_2100_EN,2025-02-28,Pradip N. Sharma v. State of Gujarat & Anr.,22984,,,
2025_2_2101_2121_EN,2025-02-28,Abdul Wahid & Anr. v. State of Rajasthan,44775,,,
2025_2_2122_2129_EN,2025-02-27,Gauri Mahto @ Gauri Kumar v. The State of Bihar,17514,,,
2025_2_231_238_EN,2025-01-23,M. Venkateswaran v. The State Rep. by the Inspector of Police,16553,,,
2025_2_239_251_EN,2025-01-27,Constable 907 Surendra Singh & Anr. v. State of Uttarakhand,24013,,,
2025_2_363_375_EN,2025-02-03,Wahid v. State Govt. of NCT of Delhi,27124,,,
2025_2_388_403_EN,2025-02-03,Ramu Appa Mahapatar v. The State of Maharashtra,34647,,,
2025_2_424_451_EN,2025-02-06,Vihaan Kumar v. State of Haryana & Anr.,61571,,,
2025_2_452_460_EN,2025-02-06,Ayyub & Ors. v. State of Uttar Pradesh & Anr.,17648,,,
2025_2_461_475_EN,2025-02-06,Raja Khan v. State of Chhattisgarh,31158,,,
2025_2_526_533_EN,2025-02-09,Ravi v. The State of Punjab,16893,,,
2025_2_534_543_EN,2025-02-11,Suman Mishra & Ors. v. The State of Uttar Pradesh & Anr.,21772,,,
2025_2_612_618_EN,2025-02-09,Hansraj v. State of Chhattisgarh,15962,,,
2025_2_619_621_EN,2025-02-02,The State of Jharkhand v. Sunny Kumar @ Sunny Kumar Sao,4362,,,
2025_2_622_629_EN,2025-02-05,P.M. Lokanath and Others v. State of Karnataka and Another,16190,,,
2025_2_630_635_EN,2025-02-13,Tapas Kumar Palit v. State of Chhattisgarh,10455,,,
2025_2_636_647_EN,2025-02-17,Subhelal @ Sushil Sahu v. The State of Chhattisgarh,24728,,,
2025_2_63_79_EN,2025-01-16,The State of Jharkhand & Others v. Vikash Tiwary @ Bikash Tiwary @ Bikash Nath,38488,,,
2025_2_696_700_EN,2025-02-20,Surinder Dogra v. State through Director CBI,10227,,,
2025_2_708_726_EN,2025-02-24,Hiralal Babulal Soni v. The State of Maharashtra & Ors.,41671,,,
2025_2_80_91_EN,2025-01-16,Mahendra Awase v. The State of Madhya Pradesh,21534,,,
2025_2_836_917_EN,2025-02-23,The State of Madhya Pradesh v. Balveer Singh,178988,,,
2025_2_918_936_EN,2025-02-24,Suneeti Toteja v. State of U.P. & Another,42611,,,
2025_3_1011_1112_EN,2025-03-24,"Yerikala Sunkalamma & Anr. v. State of Andhra Pradesh, Department of Revenue & Ors.",220112,,,
2025_3_1174_1188_EN,2025-03-26,"State Rep. by the Deputy Superintendent of Police, Vigilance and Anti Corruption Chennai City-I Department v. G. Easwaran",30921,,,
2025_3_1217_1225_EN,2025-03-27,R. Shashirekha v. State of Karnataka and Others,18850,,,
2025_3_1226_1234_EN,2025-03-27,Aslam Alias Imran v. The State of Madhya Pradesh,18357,,,
2025_3_1245_1253_EN,2025-03-27,Ramesh Kumaran & Anr. v. State through the Inspector of Police & Anr.,17557,,,
2025_3_1309_1349_EN,2025-03-28,Imran Pratapgadhi v. State of Gujarat and Anr.,88055,,,
2025_3_1431_1436_EN,2025-03-28,Akhilesh v. State of Uttar Pradesh & Ors.,12613,,,
2025_3_1482_1502_EN,2025-03-04,Karandeep Sharma @ Razia @ Raju v. State of Uttarakhand,46141,,,
2025_3_1531_1546_EN,2025-03-03,Devinder Kumar Bansal v. The State of Punjab,31496,,,
2025_3_158_182_EN,2025-02-10,Vasant @ Girish Akbarasab Sanavale & Anr. v. The State of Karnataka,51118,,,
2025_3_193_204_EN,2025-02-18,State of Rajasthan v. Surendra Singh Rathore,23042,,,
2025_3_1_23_EN,2025-02-06,Geddam Jhansi & Anr. v. The State of Telangana & Ors.,49822,,,
2025_3_205_207_EN,2025-02-17,Hitesh Umeshbhai Mashru v. The State of Gujarat & Anr.,4154,,,
2025_3_289_302_EN,2025-02-10,Naushey Ali & Ors. v. State of U.P. & Anr.,29023,,,
2025_3_303_316_EN,2025-03-02,Rajnish Singh @ Soni v. State of U.P. and Another,30187,,,
2025_3_317_324_EN,2025-03-03,Suresh v. State Rep. by Inspector of Police,17468,,,
2025_3_367_376_EN,2025-03-02,Shabeen Ahmad v. The State of Uttar Pradesh & Anr.,20255,,,
2025_3_432_449_EN,2025-03-04,Patel Babubhai Manohardas & Ors. v. State of Gujarat,39585,,,
2025_3_48_64_EN,2025-02-09,B.V. Ram Kumar v. State of Telangana and Another,35779,,,
2025_3_490_501_EN,2025-03-06,Gyanendra Singh @ Raja Singh v. State of U.P.,24705,,,
2025_3_502_515_EN,2025-03-06,Yuvraj Laxmilal Kanther & Anr. v. State of Maharashtra,28547,,,
2025_3_629_637_EN,2025-03-03,"C. Kamalakkannan v. State of Tamil Nadu Rep. by Inspector of Police C.B.C.I.D., Chennai",17281,,,
2025_3_638_713_EN,2025-03-06,Jamin & Anr. v. State of Uttar Pradesh & Anr.,164604,,,
2025_3_65_79_EN,2025-02-11,Jay Kishan and Ors. v. The State of Uttar Pradesh and Ors.,29688,,,
2025_3_80_90_EN,2025-02-13,Vinod @ Nasmulla v. The State of Chhattisgarh,22631,,,
2025_3_897_903_EN,2025-03-21,Sudam Prabhakar Achat v. The State of Maharashtra,14429,,,
2025_3_904_914_EN,2025-03-21,Dhirubhai Bhailalbhai Chauhan & Anr. v. State of Gujarat & Ors.,24179,,,
2025_3_926_932_EN,2025-03-18,Tr. A. Babu v. State of Tamil Nadu,12242,,,
2025_3_933_950_EN,2025-03-24,Firoz Khan Akbarkhan v. The State of Maharashtra,40466,,,
2025_3_951_956_EN,2025-03-24,Jothiragawan v. State Rep. by the Inspector of Police & Anr.,12520,,,
2025_4_1312_1319_EN,2025-04-17,Ankit Mishra v. The State of Madhya Pradesh & Anr.,15534,,,
2025_4_1320_1333_EN,2025-04-17,Subhash Aggarwal v. The State of NCT of Delhi,30538,,,
2025_4_1334_1349_EN,2025-04-16,Rikhab Birani & Anr. v. State of Uttar Pradesh & Anr.,32324,,,
2025_4_144_155_EN,2025-03-19,State of Madhya Pradesh v. Shyamlal & Ors.,24127,,,
2025_4_1476_1489_EN,2025-04-22,Central Bureau of Investigation v. Ramesh Chander Diwan,28219,,,
2025_4_1507_1521_EN,2025-04-22,Aejaz Ahmad Sheikh v. State of Uttar Pradesh & Anr.,31807,,,
2025_4_156_183_EN,2025-03-19,State (Cbi) v. Mohd. Salim Zargar @ Fayaz & Ors.,60083,,,
2025_4_1572_1602_EN,2025-04-23,Durga Prasad v. Govt. of NCT of Delhi & Ors.,66373,,,
2025_4_1630_1645_EN,2025-04-23,Ramyash @ Lal Bahadur v. The State of Uttar Pradesh and Another etc. Etc,32844,,,
2025_4_1662_1687_EN,2025-04-23,Maharana Pratap Singh v. The State of Bihar & Ors.,57087,,,
2025_4_1688_1694_EN,2025-04-23,Sivakumar v. The Inspector of Police & Anr.,13714,,,
2025_4_1695_1707_EN,2025-04-23,Pramila Devi & Ors. v. The State of Jharkhand & Anr.,26235,,,
2025_4_1708_1714_EN,2025-04-23,State of Himachal Pradesh v. Sanjay Kumar,14583,,,
2025_4_1715_1722_EN,2025-04-23,Muppidi Lakshmi Narayana Reddy & Ors. v. The State of Andhra Pradesh & Anr.,15107,,,
2025_4_1771_1791_EN,2025-04-25,Central Bureau of Investigation v. Surendra Patwa & Ors.,37927,,,
2025_4_1816_1845_EN,2025-04-28,Chunni Bai v. State of Chhattisgarh,66261,,,
2025_4_1865_1908_EN,2025-04-28,K.P. Tamilmaran v. The State by Deputy Superintendent of Police,99408,,,
2025_4_1914_1920_EN,2025-04-25,Shakuntla Devi v. The State of Uttar Pradesh,12993,,,
2025_4_1936_1942_EN,2025-04-29,Renuka v. State of Karnataka and Anr.,13273,,,
2025_4_204_221_EN,2025-03-05,Sita Ram & Anr. v. The State of Himachal Pradesh,36336,,,
2025_4_2237_2283_EN,2025-04-03,State of West Bengal v. Baishakhi Bhattacharyya (Chatterjee) and Others,95449,,,
2025_4_2306_2319_EN,2025-04-22,Chellammal and Another v. State Represented by the Inspector of Police,31727,,,
2025_4_2421_2443_EN,2025-04-29,Punit Beriwala v. The State of NCT of Delhi and Ors.,50512,,,
2025_4_2451_2460_EN,2025-04-30,"Shenbagavalli and Ors. v. The Inspector of Police, Kancheepuram District and Anr.",19994,,,
2025_4_2484_2496_EN,2025-04-04,G.V. Adhimoolam & Ors. v. The Inspector of Police & Anr.,27142,,,
2025_4_2497_2499_EN,2025-04-21,Sachin v. The State of Maharashtra,5126,,,
2025_4_2500_2535_EN,2025-04-21,Sachin v. State of Maharashtra,75837,,,
2025_4_2536_2548_EN,2025-04-24,Dashrath v. The State of Maharashtra,26822,,,
2025_4_2553_2557_EN,2025-04-22,S.C. Narang v. State (NCT of Delhi) & Anr.,10230,,,
2025_4_2558_2562_EN,2025-04-21,Sanjay Colaro v. State of Karnataka,8670,,,
2025_4_2722_2729_EN,2025-04-28,Ravish Singh Rana v. State of Uttarakhand & Anr.,15447,,,
2025_4_2736_2741_EN,2025-04-16,Kamal & Ors. v. State of Gujarat & Anr.,12849,,,
2025_4_32_40_EN,2025-03-16,Pradeep Nirankarnath Sharma v. State of Gujarat & Ors.,18654,,,
2025_4_336_343_EN,2025-04-01,Maukam Singh & Others v. State of Madhya Pradesh,15847,,,
2025_4_497_503_EN,2025-04-01,Vinay Aggarwal v. The State of Haryana and Ors.,14775,,,
2025_4_608_616_EN,2025-04-07,State of Karnataka v. Sri Channakeshava.H.D. & Anr.,16764,,,
2025_4_617_624_EN,2025-04-02,State (Nct) of Delhi v. Rajeev Sharma,13332,,,
2025_4_71_94_EN,2025-03-16,Pradeep Nirankarnath Sharma v. Directorate of Enforcement & Anr.,49768,,,
2025_4_835_984_EN,2025-04-17,Directorate of Revenue Intelligence v. Raj Kumar Arora & Ors.,340289,,,
2025_4_95_119_EN,2025-03-17,State of Rajasthan v. Chatra,47860,,,
2025_4_985_1274_EN,2025-04-08,The State of Tamil Nadu v. The Governor of Tamil Nadu & Anr.,665540,,,
2025_5_1014_1022_EN,2025-05-29,Central Bureau of Investigation v. Sekh Jamir Hossain and Ors.,17681,,,
2025_5_1037_1046_EN,2025-05-19,"State of Lokayuktha Police, Davanagere v. C B Nagaraj",21088,,,
2025_5_1054_1069_EN,2025-05-15,Virender Pal @ Vipin v. State of Haryana,35198,,,
2025_5_1116_1127_EN,2025-05-21,Padman Bibhar v. State of Odisha,24159,,,
2025_5_1221_1247_EN,2025-05-16,P Krishna Mohan Reddy v. The State of Andhra Pradesh,60962,,,
2025_5_128_160_EN,2025-04-16,N. Eswaranathan v. State Represented by the Deputy Superintendent of Police,64666,,,
2025_5_1306_1315_EN,2025-05-08,"Umashankar Yadav & Anr. v. State of Uttar Pradesh, through Chief Secretary & Anr.",19419,,,
2025_5_161_168_EN,2025-04-15,Sushila & Ors. v. State of U.P. & Ors.,16018,,,
2025_5_1854_1890_EN,2025-05-07,"P. Nallammal v. State by the Inspector of Police, Vigilance and Anti-Corruption Police, Dindigul, Tamil Nadu",83818,,,
2025_5_2128_2140_EN,2025-05-16,Raghunath Sharma & Ors. v. State of Haryana & Anr.,23900,,,
2025_5_23_32_EN,2025-04-06,Jaspal Singh Kaural v. The State of NCT of Delhi & Anr.,21134,,,
2025_5_2448_2485_EN,2025-05-23,Vinod Bihari Lal v. State of Uttar Pradesh & Anr.,81139,,,
2025_5_2648_2657_EN,2025-05-19,Ravinder Singh Sidhu v. The State of Punjab & Ors.,17350,,,
2025_5_425_434_EN,2025-04-06,Biswajyoti Chatterjee v. State of West Bengal & Anr.,19647,,,
2025_5_522_615_EN,2025-04-14,Pinki v. State of Uttar Pradesh and Anr.,186106,,,
2025_5_627_652_EN,2025-04-15,S.C. Garg v. State of Uttar Pradesh & Anr.,49200,,,
2025_5_667_672_EN,2025-05-28,N.S. Gnaneshwaran etc. v. The Inspector of Police & Anr.,10381,,,
2025_5_696_706_EN,2025-05-14,Shrichand Rajaram Kukreja and Anr. v. The State of Maharashtra and Anr.,23530,,,
2025_5_730_734_EN,2025-05-09,Kushal Kumar Agarwal v. Directorate of Enforcement,8099,,,
2025_5_735_740_EN,2025-05-16,Baljinder Singh Alias Aman v. State of Punjab & Anr.,12604,,,
2025_5_741_763_EN,2025-05-14,Lal Mohd. & Anr. v. State of U.P. & Ors.,47453,,,
2025_5_842_855_EN,2025-05-08,Waris v. State of Madhya Pradesh,28736,,,
2025_5_856_880_EN,2025-05-23,Agniraj & Ors. etc. v. State through Deputy Superintendent of Police Cb-Cid,57086,,,
2025_5_881_905_EN,2025-05-28,Arif Md. Yeasin Jwadder v. State of Assam and Ors.,54768,,,
2025_5_906_960_EN,2025-05-30,Chetan v. The State of Karnataka,109211,,,
2025_5_988_1006_EN,2025-05-22,"State Represented by Inspector of Police, CBI, Acb, Visakhapatnam v. Eluri Srinivasa Chakravarthi and Others",41453,,,
2025_6_168_179_EN,2025-05-05,Harjinder Singh v. The State of Punjab & Anr.,24324,,,
2025_6_180_192_EN,2025-05-08,Paritala Sudhakar v. State of Telangana,26893,,,
2025_6_1_21_EN,2025-04-30,Raju @ Umakant v. The State of Madhya Pradesh,45325,,,
2025_6_266_279_EN,2025-05-13,Tukesh Singh & Ors. v. State of Chhattisgarh,30089,,,
2025_6_280_290_EN,2025-05-14,Hansura Bai & Anr. v. The State of Madhya Pradesh & Anr.,23087,,,
2025_6_291_302_EN,2025-05-12,Harpreet Singh Talwar @ Kabir Talwar v. The State of Gujarat Th. National Investigating Agency,26406,,,
2025_6_360_364_EN,2025-05-12,Nda Securities Ltd. v. State (NCT of Delhi) & Anr.,10271,,,
2025_6_372_381_EN,2025-05-12,P. Shanthi Pugazhenthi v. State Represented by the Inspector of Police Spe/Cbi/Acb/Chennai,19823,,,
2025_6_382_394_EN,2025-05-12,Rajesh Chaddha v. State of Uttar Pradesh,26658,,,
2025_6_471_498_EN,2025-05-14,Nagarajan & Anr. v. The State of Tamil Nadu,55650,,,
2025_6_513_544_EN,2025-05-06,Ramkirat Munilal Goud v. State of Maharashtra etc.,71744,,,
2025_6_582_600_EN,2025-05-19,Ramji Prasad Jaiswal @ Ramjee Prasad Jaiswal and Ors. v. State of Bihar,39450,,,
2025_6_607_624_EN,2025-06-25,Rahil & Anr. v. State (Govt. of N.C.T. of Delhi),35914,,,
2025_6_64_99_EN,2025-05-01,Aman Bhatia v. State (Gnct of Delhi),79551,,,
2025_7_105_138_EN,2025-05-22,Kasireddy Upender Reddy v. State of Andhra Pradesh and Ors.,69151,,,
2025_7_1070_1103_EN,2025-07-16,Baljinder Kumar @ Kala v. State of Punjab,74411,,,
2025_7_1183_1207_EN,2025-07-17,M Sambasiva Rao v. The State of Andhra Pradesh,58495,,,
2025_7_1208_1220_EN,2025-07-18,Mala Choudhary & Anr. v. State of Telangana & Anr.,26846,,,
2025_7_1221_1232_EN,2025-07-18,Kaushal Singh v. The State of Rajasthan,24106,,,
2025_7_1330_1340_EN,2025-07-21,Victim ‘X’ v. State of Bihar and Anr.,21605,,,
2025_7_1361_1370_EN,2025-07-22,Esakkimuthu v. State Represented by the Inspector of Police,21013,,,
2025_7_139_149_EN,2025-05-22,Sakhawat and Anr. v. State of Uttar Pradesh,23343,,,
2025_7_150_159_EN,2025-05-25,Amol Bhagwan Nehul v. The State of Maharashtra & Anr.,19863,,,
2025_7_1538_1542_EN,2025-07-25,Satauram Mandavi v. The State of Chhattisgarh & Anr.,9195,,,
2025_7_1543_1578_EN,2025-07-25,Sukdeb Saha v. The State of Andhra Pradesh & Ors.,81774,,,
2025_7_1599_1621_EN,2025-07-25,Anurag Bhatnagar & Anr. v. State (NCT of Delhi) & Anr.,51709,,,
2025_7_160_189_EN,2025-05-08,Renuka Prasad v. The State Represented by Assistant Superintendent of Police,69225,,,
2025_7_1697_1705_EN,2025-07-28,Chirag Sen and Another etc. v. State of Karnataka and Another,19694,,,
2025_7_1858_1878_EN,2025-07-16,Satender Kumar Antil v. Central Bureau of Investigation & Anr.,41276,Satender Kumar Antil v. CBI,anticipatory bail,related
2025_7_1928_1955_EN,2025-07-31,S.N. Vijaylakshmi & Ors. v. State of Karnataka & Anr.,64859,,,
2025_7_1969_1979_EN,2025-07-31,Manchu Mohan Babu v. State of Andhra Pradesh & Another,20967,,,
2025_7_1980_1997_EN,2025-07-28,Gajanan Dattatray Gore v. The State of Maharashtra & Anr.,34361,,,
2025_7_2012_2052_EN,2025-07-29,Sukhdev Yadav @ Pehalwan v. State of (NCT of Delhi) & Others,87306,,,
2025_7_2053_2061_EN,2025-07-30,State of Punjab v. Gurnam @ Gama etc.,16082,,,
2025_7_2062_2072_EN,2025-07-29,Ajwar v. Waseem and Another R1: Waseem R2: State of Uttar Pradesh,24154,,,
2025_7_2085_2095_EN,2025-07-22,Shailyamanyu Singh v. State of Maharashtra,21550,,,
2025_7_2096_2107_EN,2025-07-31,The State of Andhra Pradesh v. N. Sanjay,24397,,,
2025_7_2108_2147_EN,2025-07-31,Khem Singh (D) through LRs. v. State of Uttaranchal (Now State of Uttarakhand) & Another etc.,82902,,,
2025_7_2161_2168_EN,2025-07-14,Shailesh Kumar Singh Alias Shailesh R. Singh v. State of Uttar Pradesh & Ors.,15440,,,
2025_7_242_251_EN,2025-05-28,Batlanki Keshav (Kesava) Kumar Anurag v. State of Telangana & Anr.,22779,,,
2025_7_27_41_EN,2025-05-18,Hakim v. State of NCT of Delhi and Anr.,31337,,,
2025_7_331_345_EN,2025-06-04,Ghanshyam Soni v. State (Govt. of NCT of Delhi) & Anr.,31610,,,
2025_7_354_363_EN,2025-06-06,Dhanya M v. State of Kerala & Ors.,18653,,,
2025_7_364_379_EN,2025-06-05,M/s Balaji Traders v. The State of U.P. & Anr.,30589,,,
2025_7_394_406_EN,2025-06-09,Amlesh Kumar v. The State of Bihar,25770,,,
2025_7_407_426_EN,2025-06-04,Vaibhav v. The State of Maharashtra,42662,,,
2025_7_541_549_EN,2025-07-15,G. Mohandas v. State of Kerala & Ors.,18958,,,
2025_7_550_567_EN,2025-07-16,Byluru Thippaiah @ Byaluru Thippaiah @ Nayakara Thippaiah v. State of Karnataka,36730,,,
2025_7_568_572_EN,2025-07-14,Madhukar & Ors. v. The State of Maharashtra,8780,,,
2025_7_859_934_EN,2025-07-14,Kum. Shubha @ Shubhashankar v. State of Karnataka & Anr.,142224,,,
2025_7_935_983_EN,2025-07-15,L. Muruganantham v. State of Tamil Nadu & Others,99834,,,
2025_7_984_1040_EN,2025-07-15,Kattavellai @ Devakar v. State of Tamilnadu,119414,,,
2025_8_1040_1052_EN,2025-08-19,Sd. Shabuddin v. The State of Telangana,25516,,,
2025_8_1095_1136_EN,2025-08-20,Devendra Kumar v. The State (NCT of Delhi) & Anr.,93306,,,
2025_8_1308_1351_EN,2025-08-19,Nabha Power Limited v. Punjab State Power Corporation Limited and Others,92251,,,
2025_8_1371_1378_EN,2025-08-21,K. Pounammal v. State Represented by Inspector of Police,16562,,,
2025_8_1464_1474_EN,2025-08-20,Neelam Kumari v. The State of Himachal Pradesh,22804,,,
2025_8_1475_1480_EN,2025-08-18,Irfan v. State of Uttar Pradesh & Anr.,10930,,,
2025_8_1551_1573_EN,2025-08-05,The Managing Director Bihar State Food and Civil Supply Corporation Limited & Anr. v. Sanjay Kumar,53101,,,
2025_8_202_220_EN,2025-07-14,State by Deputy Superintendent of Police v. B.T. Ramesh & Anr.,37056,,,
2025_8_2100_2107_EN,2025-08-26,Santosh Sahadev Khajnekar v. The State of Goa,14963,,,
2025_8_2108_2135_EN,2025-08-26,Putai v. State of Uttar Pradesh,61640,,,
2025_8_2289_2296_EN,2025-08-29,Smt. Bhagwati Devi v. State of Uttarakhand,17717,,,
2025_8_229_242_EN,2025-07-16,Shiv Baran v. State of U.P. & Anr.,26753,,,
2025_8_2368_2388_EN,2025-08-20,"Additional Director General Adjudication, Directorate of Revenue Intelligence v. Suresh Kumar and Co. Impex Pvt. Ltd. & Ors.",43354,,,
2025_8_2437_2466_EN,2025-08-28,Manoj Tejraj Jain v. State of Gujarat,55498,,,
2025_8_243_256_EN,2025-07-16,Jai Prakash v. State of Uttarakhand,26642,,,
2025_8_289_304_EN,2025-07-17,Narayan Das v. State of Chhattisgarh,30240,,,
2025_8_305_319_EN,2025-07-31,Suresh v. The State of Uttar Pradesh & Anr. R1: State of Uttar Pradesh R2: Devi Singh,32470,,,
2025_8_395_410_EN,2025-08-04,Deepak Kumar Sahu v. State of Chhattisgarh,30620,,,
2025_8_568_598_EN,2025-08-04,Narayan Yadav v. State of Chhattisgarh,65927,,,
2025_8_599_610_EN,2025-08-05,Shail Kumari v. State of Chhattisgarh,22360,,,
2025_8_611_681_EN,2025-08-05,Kallu Nat Alias Mayank Kumar Nagar v. State of U.P. and Anr.,158819,,,
2025_8_682_689_EN,2025-08-06,Aasif @ Pasha v. The State of U.P. & Ors.,15574,,,
2025_8_690_729_EN,2025-08-11,Gurdeep Singh v. The State of Punjab,81588,,,
2025_8_785_798_EN,2025-08-13,Ashok Dhankad v. State of NCT of Delhi and Anr.,28726,,,
2025_8_799_804_EN,2025-08-13,Mini v. Cbi/Spe Cochin,11895,,,
2025_8_919_935_EN,2025-08-06,Shanti Devi v. State of Haryana,35642,,,
2025_8_966_986_EN,2025-08-18,Abhinav Mohan Delkar v. The State of Maharashtra & Ors.,47221,,,
2025_8_987_1002_EN,2025-08-05,Nadeem Ahamed v. The State of West Bengal,32664,,,
2025_9_1064_1068_EN,2025-09-17,Thammineni Bhaskar v. The State of Andhra Pradesh,10472,,,
2025_9_1239_1254_EN,2025-09-22,Nagamma @ Nagarathna & Ors. v. The State of Karnataka,34886,,,
2025_9_1273_1302_EN,2025-09-01,Tarun Sharma v. State of Haryana,60460,,,
2025_9_130_136_EN,2025-08-12,A. Karunanithi v. The State Represented by Inspector of Police,14545,,,
2025_9_1401_1418_EN,2025-09-24,Anukul Singh v. State of Uttar Pradesh and Anr.,36798,,,
2025_9_1490_1514_EN,2025-09-22,The Central Bureau of Investigation v. Mir Usman @ Ara @ Mir Usman Ali,53007,,,
2025_9_194_257_EN,2025-08-14,State of Karnataka v. Sri Darshan etc.,122194,,,
2025_9_300_338_EN,2025-09-01,M/s Triveni Engineering and Industries Ltd. v. State of Uttar Pradesh & Ors.,80105,,,
2025_9_585_626_EN,2025-09-10,Akhtar Ali @ Ali Akhtar @ Shamim @ Raja Ustad v. State of Uttarakhand,98084,,,
2025_9_744_763_EN,2025-09-02,Rajan v. The State of Haryana,39967,,,
2025_9_764_793_EN,2025-09-12,Itc Limited v. State of Karnataka & Anr.,65670,,,
2025_9_91_97_EN,2025-08-04,Bhanei Prasad @ Raju v. State of Himachal Pradesh,13687,,,
2025_9_935_962_EN,2025-09-15,Kailas S/O Bajirao Pawar v. The State of Maharashtra,63999,,,
2025_9_982_1015_EN,2025-09-12,Anna Waman Bhalerao v. State of Maharashtra,65345,,,
2025_9_98_107_EN,2025-08-06,Jamnalal v. State of Rajasthan and Another,20148,,,
